row_index,method,source_file,target_file,source_id,target_id,converted_path,target_path,available,ecapa_target_cosine,utmosv2
0,our_SB_1,1089/134686/1089-134686-0000.flac,2094/142345/2094-142345-0001.flac,1089-134686-0000,2094-142345-0001,/Users/davidmillard/Downloads/eval/our_SB_1/1089-134686-0000__to__2094-142345-0001.wav,/Users/davidmillard/Downloads/eval/freevc/target/1089-134686-0000_to_2094-142345-0001_target.flac,True,0.4610770642757416,3.3225924968719482
1,our_SB_1,1089/134686/1089-134686-0002.flac,3575/170457/3575-170457-0008.flac,1089-134686-0002,3575-170457-0008,/Users/davidmillard/Downloads/eval/our_SB_1/1089-134686-0002__to__3575-170457-0008.wav,/Users/davidmillard/Downloads/eval/freevc/target/1089-134686-0002_to_3575-170457-0008_target.flac,True,0.3207170963287353,2.9254090785980225
2,our_SB_1,1089/134686/1089-134686-0004.flac,1580/141084/1580-141084-0021.flac,1089-134686-0004,1580-141084-0021,/Users/davidmillard/Downloads/eval/our_SB_1/1089-134686-0004__to__1580-141084-0021.wav,/Users/davidmillard/Downloads/eval/freevc/target/1089-134686-0004_to_1580-141084-0021_target.flac,True,0.3918758928775787,3.206063747406006
3,our_SB_1,1089/134686/1089-134686-0006.flac,121/121726/121-121726-0005.flac,1089-134686-0006,121-121726-0005,/Users/davidmillard/Downloads/eval/our_SB_1/1089-134686-0006__to__121-121726-0005.wav,/Users/davidmillard/Downloads/eval/freevc/target/1089-134686-0006_to_121-121726-0005_target.flac,True,0.0059265904128551,2.990360736846924
4,our_SB_1,1089/134686/1089-134686-0008.flac,7729/102255/7729-102255-0038.flac,1089-134686-0008,7729-102255-0038,/Users/davidmillard/Downloads/eval/our_SB_1/1089-134686-0008__to__7729-102255-0038.wav,/Users/davidmillard/Downloads/eval/freevc/target/1089-134686-0008_to_7729-102255-0038_target.flac,True,0.4760649800300598,3.1647095680236816
5,our_SB_1,1089/134686/1089-134686-0010.flac,2961/961/2961-961-0022.flac,1089-134686-0010,2961-961-0022,/Users/davidmillard/Downloads/eval/our_SB_1/1089-134686-0010__to__2961-961-0022.wav,/Users/davidmillard/Downloads/eval/freevc/target/1089-134686-0010_to_2961-961-0022_target.flac,True,0.1904934644699096,3.1401424407958984
6,our_SB_1,1089/134686/1089-134686-0012.flac,3575/170457/3575-170457-0028.flac,1089-134686-0012,3575-170457-0028,/Users/davidmillard/Downloads/eval/our_SB_1/1089-134686-0012__to__3575-170457-0028.wav,/Users/davidmillard/Downloads/eval/freevc/target/1089-134686-0012_to_3575-170457-0028_target.flac,True,0.2726855278015136,2.9390435218811035
7,our_SB_1,1089/134686/1089-134686-0014.flac,1188/133604/1188-133604-0010.flac,1089-134686-0014,1188-133604-0010,/Users/davidmillard/Downloads/eval/our_SB_1/1089-134686-0014__to__1188-133604-0010.wav,/Users/davidmillard/Downloads/eval/freevc/target/1089-134686-0014_to_1188-133604-0010_target.flac,True,0.353658527135849,2.385979652404785
8,our_SB_1,1089/134686/1089-134686-0016.flac,4446/2271/4446-2271-0019.flac,1089-134686-0016,4446-2271-0019,/Users/davidmillard/Downloads/eval/our_SB_1/1089-134686-0016__to__4446-2271-0019.wav,/Users/davidmillard/Downloads/eval/freevc/target/1089-134686-0016_to_4446-2271-0019_target.flac,True,0.1516615748405456,3.4351844787597656
9,our_SB_1,1089/134686/1089-134686-0018.flac,5105/28233/5105-28233-0006.flac,1089-134686-0018,5105-28233-0006,/Users/davidmillard/Downloads/eval/our_SB_1/1089-134686-0018__to__5105-28233-0006.wav,/Users/davidmillard/Downloads/eval/freevc/target/1089-134686-0018_to_5105-28233-0006_target.flac,True,0.4200484752655029,2.3367552757263184
10,our_SB_1,1089/134686/1089-134686-0020.flac,1995/1837/1995-1837-0003.flac,1089-134686-0020,1995-1837-0003,/Users/davidmillard/Downloads/eval/our_SB_1/1089-134686-0020__to__1995-1837-0003.wav,/Users/davidmillard/Downloads/eval/freevc/target/1089-134686-0020_to_1995-1837-0003_target.flac,True,0.3728187084197998,3.316502809524536
11,our_SB_1,1089/134686/1089-134686-0022.flac,4077/13751/4077-13751-0002.flac,1089-134686-0022,4077-13751-0002,/Users/davidmillard/Downloads/eval/our_SB_1/1089-134686-0022__to__4077-13751-0002.wav,/Users/davidmillard/Downloads/eval/freevc/target/1089-134686-0022_to_4077-13751-0002_target.flac,True,0.3172455430030823,2.9183645248413086
12,our_SB_1,1089/134686/1089-134686-0024.flac,2094/142345/2094-142345-0059.flac,1089-134686-0024,2094-142345-0059,/Users/davidmillard/Downloads/eval/our_SB_1/1089-134686-0024__to__2094-142345-0059.wav,/Users/davidmillard/Downloads/eval/freevc/target/1089-134686-0024_to_2094-142345-0059_target.flac,True,0.4251618087291717,3.2680883407592773
13,our_SB_1,1089/134686/1089-134686-0026.flac,8455/210777/8455-210777-0037.flac,1089-134686-0026,8455-210777-0037,/Users/davidmillard/Downloads/eval/our_SB_1/1089-134686-0026__to__8455-210777-0037.wav,/Users/davidmillard/Downloads/eval/freevc/target/1089-134686-0026_to_8455-210777-0037_target.flac,True,0.4756768345832824,3.159989356994629
14,our_SB_1,1089/134686/1089-134686-0028.flac,2961/961/2961-961-0022.flac,1089-134686-0028,2961-961-0022,/Users/davidmillard/Downloads/eval/our_SB_1/1089-134686-0028__to__2961-961-0022.wav,/Users/davidmillard/Downloads/eval/freevc/target/1089-134686-0028_to_2961-961-0022_target.flac,True,0.3326684832572937,2.9941654205322266
15,our_SB_1,1089/134686/1089-134686-0030.flac,3575/170457/3575-170457-0049.flac,1089-134686-0030,3575-170457-0049,/Users/davidmillard/Downloads/eval/our_SB_1/1089-134686-0030__to__3575-170457-0049.wav,/Users/davidmillard/Downloads/eval/freevc/target/1089-134686-0030_to_3575-170457-0049_target.flac,True,0.2278630435466766,2.6397416591644287
16,our_SB_1,1089/134686/1089-134686-0032.flac,3575/170457/3575-170457-0055.flac,1089-134686-0032,3575-170457-0055,/Users/davidmillard/Downloads/eval/our_SB_1/1089-134686-0032__to__3575-170457-0055.wav,/Users/davidmillard/Downloads/eval/freevc/target/1089-134686-0032_to_3575-170457-0055_target.flac,True,0.4251947999000549,2.5507423877716064
17,our_SB_1,1089/134686/1089-134686-0034.flac,4446/2273/4446-2273-0033.flac,1089-134686-0034,4446-2273-0033,/Users/davidmillard/Downloads/eval/our_SB_1/1089-134686-0034__to__4446-2273-0033.wav,/Users/davidmillard/Downloads/eval/freevc/target/1089-134686-0034_to_4446-2273-0033_target.flac,True,0.279356837272644,3.2408082485198975
18,our_SB_1,1089/134686/1089-134686-0036.flac,5639/40744/5639-40744-0022.flac,1089-134686-0036,5639-40744-0022,/Users/davidmillard/Downloads/eval/our_SB_1/1089-134686-0036__to__5639-40744-0022.wav,/Users/davidmillard/Downloads/eval/freevc/target/1089-134686-0036_to_5639-40744-0022_target.flac,True,0.4146330654621124,3.119494676589966
19,our_SB_1,1089/134691/1089-134691-0000.flac,4446/2275/4446-2275-0027.flac,1089-134691-0000,4446-2275-0027,/Users/davidmillard/Downloads/eval/our_SB_1/1089-134691-0000__to__4446-2275-0027.wav,/Users/davidmillard/Downloads/eval/freevc/target/1089-134691-0000_to_4446-2275-0027_target.flac,True,0.1774083822965622,3.9617490768432617
20,our_SB_1,1089/134691/1089-134691-0002.flac,260/123440/260-123440-0007.flac,1089-134691-0002,260-123440-0007,/Users/davidmillard/Downloads/eval/our_SB_1/1089-134691-0002__to__260-123440-0007.wav,/Users/davidmillard/Downloads/eval/freevc/target/1089-134691-0002_to_260-123440-0007_target.flac,True,0.2910860180854797,2.717334032058716
21,our_SB_1,1089/134691/1089-134691-0004.flac,7021/79740/7021-79740-0014.flac,1089-134691-0004,7021-79740-0014,/Users/davidmillard/Downloads/eval/our_SB_1/1089-134691-0004__to__7021-79740-0014.wav,/Users/davidmillard/Downloads/eval/freevc/target/1089-134691-0004_to_7021-79740-0014_target.flac,True,0.2836987376213074,2.9582152366638184
22,our_SB_1,1089/134691/1089-134691-0006.flac,8455/210777/8455-210777-0028.flac,1089-134691-0006,8455-210777-0028,/Users/davidmillard/Downloads/eval/our_SB_1/1089-134691-0006__to__8455-210777-0028.wav,/Users/davidmillard/Downloads/eval/freevc/target/1089-134691-0006_to_8455-210777-0028_target.flac,True,0.348562479019165,3.007727861404419
23,our_SB_1,1089/134691/1089-134691-0008.flac,1284/1180/1284-1180-0014.flac,1089-134691-0008,1284-1180-0014,/Users/davidmillard/Downloads/eval/our_SB_1/1089-134691-0008__to__1284-1180-0014.wav,/Users/davidmillard/Downloads/eval/freevc/target/1089-134691-0008_to_1284-1180-0014_target.flac,True,0.4325199425220489,3.6787805557250977
24,our_SB_1,1089/134691/1089-134691-0010.flac,61/70968/61-70968-0034.flac,1089-134691-0010,61-70968-0034,/Users/davidmillard/Downloads/eval/our_SB_1/1089-134691-0010__to__61-70968-0034.wav,/Users/davidmillard/Downloads/eval/freevc/target/1089-134691-0010_to_61-70968-0034_target.flac,True,0.139863058924675,3.9002695083618164
25,our_SB_1,1089/134691/1089-134691-0012.flac,8463/294828/8463-294828-0005.flac,1089-134691-0012,8463-294828-0005,/Users/davidmillard/Downloads/eval/our_SB_1/1089-134691-0012__to__8463-294828-0005.wav,/Users/davidmillard/Downloads/eval/freevc/target/1089-134691-0012_to_8463-294828-0005_target.flac,True,0.2162089943885803,3.62907075881958
26,our_SB_1,1089/134691/1089-134691-0014.flac,7176/92135/7176-92135-0022.flac,1089-134691-0014,7176-92135-0022,/Users/davidmillard/Downloads/eval/our_SB_1/1089-134691-0014__to__7176-92135-0022.wav,/Users/davidmillard/Downloads/eval/freevc/target/1089-134691-0014_to_7176-92135-0022_target.flac,True,0.3582856059074402,2.8698809146881104
27,our_SB_1,1089/134691/1089-134691-0016.flac,4077/13751/4077-13751-0008.flac,1089-134691-0016,4077-13751-0008,/Users/davidmillard/Downloads/eval/our_SB_1/1089-134691-0016__to__4077-13751-0008.wav,/Users/davidmillard/Downloads/eval/freevc/target/1089-134691-0016_to_4077-13751-0008_target.flac,True,0.371391087770462,3.399801015853882
28,our_SB_1,1089/134691/1089-134691-0018.flac,8230/279154/8230-279154-0016.flac,1089-134691-0018,8230-279154-0016,/Users/davidmillard/Downloads/eval/our_SB_1/1089-134691-0018__to__8230-279154-0016.wav,/Users/davidmillard/Downloads/eval/freevc/target/1089-134691-0018_to_8230-279154-0016_target.flac,True,0.2029932290315628,3.179724931716919
29,our_SB_1,1089/134691/1089-134691-0020.flac,8555/284449/8555-284449-0000.flac,1089-134691-0020,8555-284449-0000,/Users/davidmillard/Downloads/eval/our_SB_1/1089-134691-0020__to__8555-284449-0000.wav,/Users/davidmillard/Downloads/eval/freevc/target/1089-134691-0020_to_8555-284449-0000_target.flac,True,0.1733853667974472,3.6024179458618164
30,our_SB_1,1089/134691/1089-134691-0022.flac,2300/131720/2300-131720-0032.flac,1089-134691-0022,2300-131720-0032,/Users/davidmillard/Downloads/eval/our_SB_1/1089-134691-0022__to__2300-131720-0032.wav,/Users/davidmillard/Downloads/eval/freevc/target/1089-134691-0022_to_2300-131720-0032_target.flac,True,0.3746703863143921,3.2129077911376953
31,our_SB_1,1089/134691/1089-134691-0024.flac,1284/134647/1284-134647-0000.flac,1089-134691-0024,1284-134647-0000,/Users/davidmillard/Downloads/eval/our_SB_1/1089-134691-0024__to__1284-134647-0000.wav,/Users/davidmillard/Downloads/eval/freevc/target/1089-134691-0024_to_1284-134647-0000_target.flac,True,0.4321760833263397,3.144395351409912
32,our_SB_1,1188/133604/1188-133604-0000.flac,260/123288/260-123288-0022.flac,1188-133604-0000,260-123288-0022,/Users/davidmillard/Downloads/eval/our_SB_1/1188-133604-0000__to__260-123288-0022.wav,/Users/davidmillard/Downloads/eval/freevc/target/1188-133604-0000_to_260-123288-0022_target.flac,True,0.2727870047092438,3.0042216777801514
33,our_SB_1,1188/133604/1188-133604-0002.flac,5683/32866/5683-32866-0030.flac,1188-133604-0002,5683-32866-0030,/Users/davidmillard/Downloads/eval/our_SB_1/1188-133604-0002__to__5683-32866-0030.wav,/Users/davidmillard/Downloads/eval/freevc/target/1188-133604-0002_to_5683-32866-0030_target.flac,True,0.3527258038520813,2.9406254291534424
34,our_SB_1,1188/133604/1188-133604-0004.flac,8224/274381/8224-274381-0016.flac,1188-133604-0004,8224-274381-0016,/Users/davidmillard/Downloads/eval/our_SB_1/1188-133604-0004__to__8224-274381-0016.wav,/Users/davidmillard/Downloads/eval/freevc/target/1188-133604-0004_to_8224-274381-0016_target.flac,True,0.2436530590057373,2.669970750808716
35,our_SB_1,1188/133604/1188-133604-0006.flac,2094/142345/2094-142345-0043.flac,1188-133604-0006,2094-142345-0043,/Users/davidmillard/Downloads/eval/our_SB_1/1188-133604-0006__to__2094-142345-0043.wav,/Users/davidmillard/Downloads/eval/freevc/target/1188-133604-0006_to_2094-142345-0043_target.flac,True,0.2249774932861328,3.953650951385498
36,our_SB_1,1188/133604/1188-133604-0008.flac,5105/28233/5105-28233-0007.flac,1188-133604-0008,5105-28233-0007,/Users/davidmillard/Downloads/eval/our_SB_1/1188-133604-0008__to__5105-28233-0007.wav,/Users/davidmillard/Downloads/eval/freevc/target/1188-133604-0008_to_5105-28233-0007_target.flac,True,0.371691346168518,3.4200286865234375
37,our_SB_1,1188/133604/1188-133604-0010.flac,260/123288/260-123288-0026.flac,1188-133604-0010,260-123288-0026,/Users/davidmillard/Downloads/eval/our_SB_1/1188-133604-0010__to__260-123288-0026.wav,/Users/davidmillard/Downloads/eval/freevc/target/1188-133604-0010_to_260-123288-0026_target.flac,True,0.4823804199695587,2.9933202266693115
38,our_SB_1,1188/133604/1188-133604-0012.flac,7729/102255/7729-102255-0011.flac,1188-133604-0012,7729-102255-0011,/Users/davidmillard/Downloads/eval/our_SB_1/1188-133604-0012__to__7729-102255-0011.wav,/Users/davidmillard/Downloads/eval/freevc/target/1188-133604-0012_to_7729-102255-0011_target.flac,True,0.4319594800472259,3.106902837753296
39,our_SB_1,1188/133604/1188-133604-0014.flac,4970/29095/4970-29095-0029.flac,1188-133604-0014,4970-29095-0029,/Users/davidmillard/Downloads/eval/our_SB_1/1188-133604-0014__to__4970-29095-0029.wav,/Users/davidmillard/Downloads/eval/freevc/target/1188-133604-0014_to_4970-29095-0029_target.flac,True,0.3236119151115417,3.7185301780700684
40,our_SB_1,1188/133604/1188-133604-0016.flac,2961/960/2961-960-0009.flac,1188-133604-0016,2961-960-0009,/Users/davidmillard/Downloads/eval/our_SB_1/1188-133604-0016__to__2961-960-0009.wav,/Users/davidmillard/Downloads/eval/freevc/target/1188-133604-0016_to_2961-960-0009_target.flac,True,0.2279412746429443,3.2968451976776123
41,our_SB_1,1188/133604/1188-133604-0018.flac,8230/279154/8230-279154-0033.flac,1188-133604-0018,8230-279154-0033,/Users/davidmillard/Downloads/eval/our_SB_1/1188-133604-0018__to__8230-279154-0033.wav,/Users/davidmillard/Downloads/eval/freevc/target/1188-133604-0018_to_8230-279154-0033_target.flac,True,0.4226117730140686,2.613856315612793
42,our_SB_1,1188/133604/1188-133604-0020.flac,7176/88083/7176-88083-0002.flac,1188-133604-0020,7176-88083-0002,/Users/davidmillard/Downloads/eval/our_SB_1/1188-133604-0020__to__7176-88083-0002.wav,/Users/davidmillard/Downloads/eval/freevc/target/1188-133604-0020_to_7176-88083-0002_target.flac,True,0.4035997092723846,2.6573023796081543
43,our_SB_1,1188/133604/1188-133604-0022.flac,5639/40744/5639-40744-0019.flac,1188-133604-0022,5639-40744-0019,/Users/davidmillard/Downloads/eval/our_SB_1/1188-133604-0022__to__5639-40744-0019.wav,/Users/davidmillard/Downloads/eval/freevc/target/1188-133604-0022_to_5639-40744-0019_target.flac,True,0.2915020287036896,3.392378091812134
44,our_SB_1,1188/133604/1188-133604-0024.flac,3729/6852/3729-6852-0036.flac,1188-133604-0024,3729-6852-0036,/Users/davidmillard/Downloads/eval/our_SB_1/1188-133604-0024__to__3729-6852-0036.wav,/Users/davidmillard/Downloads/eval/freevc/target/1188-133604-0024_to_3729-6852-0036_target.flac,True,0.3731191158294678,3.3606297969818115
45,our_SB_1,1188/133604/1188-133604-0026.flac,7176/88083/7176-88083-0008.flac,1188-133604-0026,7176-88083-0008,/Users/davidmillard/Downloads/eval/our_SB_1/1188-133604-0026__to__7176-88083-0008.wav,/Users/davidmillard/Downloads/eval/freevc/target/1188-133604-0026_to_7176-88083-0008_target.flac,True,0.3072419464588165,3.0845606327056885
46,our_SB_1,1188/133604/1188-133604-0028.flac,2300/131720/2300-131720-0030.flac,1188-133604-0028,2300-131720-0030,/Users/davidmillard/Downloads/eval/our_SB_1/1188-133604-0028__to__2300-131720-0030.wav,/Users/davidmillard/Downloads/eval/freevc/target/1188-133604-0028_to_2300-131720-0030_target.flac,True,0.3016447722911834,3.647918701171875
47,our_SB_1,1188/133604/1188-133604-0030.flac,4077/13754/4077-13754-0011.flac,1188-133604-0030,4077-13754-0011,/Users/davidmillard/Downloads/eval/our_SB_1/1188-133604-0030__to__4077-13754-0011.wav,/Users/davidmillard/Downloads/eval/freevc/target/1188-133604-0030_to_4077-13754-0011_target.flac,True,0.1768718659877777,2.7859995365142822
48,our_SB_1,1188/133604/1188-133604-0032.flac,3570/5695/3570-5695-0011.flac,1188-133604-0032,3570-5695-0011,/Users/davidmillard/Downloads/eval/our_SB_1/1188-133604-0032__to__3570-5695-0011.wav,/Users/davidmillard/Downloads/eval/freevc/target/1188-133604-0032_to_3570-5695-0011_target.flac,True,0.2849677205085754,2.909933567047119
49,our_SB_1,1188/133604/1188-133604-0034.flac,4970/29095/4970-29095-0001.flac,1188-133604-0034,4970-29095-0001,/Users/davidmillard/Downloads/eval/our_SB_1/1188-133604-0034__to__4970-29095-0001.wav,/Users/davidmillard/Downloads/eval/freevc/target/1188-133604-0034_to_4970-29095-0001_target.flac,True,0.3396146297454834,3.0406761169433594
50,our_SB_1,1188/133604/1188-133604-0036.flac,8224/274384/8224-274384-0010.flac,1188-133604-0036,8224-274384-0010,/Users/davidmillard/Downloads/eval/our_SB_1/1188-133604-0036__to__8224-274384-0010.wav,/Users/davidmillard/Downloads/eval/freevc/target/1188-133604-0036_to_8224-274384-0010_target.flac,True,0.241356611251831,2.9865639209747314
51,our_SB_1,1188/133604/1188-133604-0038.flac,3575/170457/3575-170457-0004.flac,1188-133604-0038,3575-170457-0004,/Users/davidmillard/Downloads/eval/our_SB_1/1188-133604-0038__to__3575-170457-0004.wav,/Users/davidmillard/Downloads/eval/freevc/target/1188-133604-0038_to_3575-170457-0004_target.flac,True,0.2614780366420746,3.366278886795044
52,our_SB_1,1188/133604/1188-133604-0040.flac,8555/284449/8555-284449-0010.flac,1188-133604-0040,8555-284449-0010,/Users/davidmillard/Downloads/eval/our_SB_1/1188-133604-0040__to__8555-284449-0010.wav,/Users/davidmillard/Downloads/eval/freevc/target/1188-133604-0040_to_8555-284449-0010_target.flac,True,0.2677516341209411,2.438016891479492
53,our_SB_1,1188/133604/1188-133604-0042.flac,3575/170457/3575-170457-0000.flac,1188-133604-0042,3575-170457-0000,/Users/davidmillard/Downloads/eval/our_SB_1/1188-133604-0042__to__3575-170457-0000.wav,/Users/davidmillard/Downloads/eval/freevc/target/1188-133604-0042_to_3575-170457-0000_target.flac,True,0.1973495483398437,2.901747703552246
54,our_SB_1,1188/133604/1188-133604-0044.flac,1284/1180/1284-1180-0014.flac,1188-133604-0044,1284-1180-0014,/Users/davidmillard/Downloads/eval/our_SB_1/1188-133604-0044__to__1284-1180-0014.wav,/Users/davidmillard/Downloads/eval/freevc/target/1188-133604-0044_to_1284-1180-0014_target.flac,True,0.2702347040176391,3.419584035873413
55,our_SB_1,121/121726/121-121726-0001.flac,1221/135767/1221-135767-0005.flac,121-121726-0001,1221-135767-0005,/Users/davidmillard/Downloads/eval/our_SB_1/121-121726-0001__to__1221-135767-0005.wav,/Users/davidmillard/Downloads/eval/freevc/target/121-121726-0001_to_1221-135767-0005_target.flac,True,0.4386347532272339,2.8639185428619385
56,our_SB_1,121/121726/121-121726-0003.flac,3729/6852/3729-6852-0017.flac,121-121726-0003,3729-6852-0017,/Users/davidmillard/Downloads/eval/our_SB_1/121-121726-0003__to__3729-6852-0017.wav,/Users/davidmillard/Downloads/eval/freevc/target/121-121726-0003_to_3729-6852-0017_target.flac,True,0.4573357999324798,3.4137868881225586
57,our_SB_1,121/121726/121-121726-0005.flac,8230/279154/8230-279154-0008.flac,121-121726-0005,8230-279154-0008,/Users/davidmillard/Downloads/eval/our_SB_1/121-121726-0005__to__8230-279154-0008.wav,/Users/davidmillard/Downloads/eval/freevc/target/121-121726-0005_to_8230-279154-0008_target.flac,True,0.4282597303390503,2.400137424468994
58,our_SB_1,121/121726/121-121726-0007.flac,7127/75947/7127-75947-0001.flac,121-121726-0007,7127-75947-0001,/Users/davidmillard/Downloads/eval/our_SB_1/121-121726-0007__to__7127-75947-0001.wav,/Users/davidmillard/Downloads/eval/freevc/target/121-121726-0007_to_7127-75947-0001_target.flac,True,0.2135684341192245,3.2121529579162598
59,our_SB_1,121/121726/121-121726-0009.flac,2961/960/2961-960-0006.flac,121-121726-0009,2961-960-0006,/Users/davidmillard/Downloads/eval/our_SB_1/121-121726-0009__to__2961-960-0006.wav,/Users/davidmillard/Downloads/eval/freevc/target/121-121726-0009_to_2961-960-0006_target.flac,True,0.166652500629425,3.0737929344177246
60,our_SB_1,121/121726/121-121726-0011.flac,5142/33396/5142-33396-0054.flac,121-121726-0011,5142-33396-0054,/Users/davidmillard/Downloads/eval/our_SB_1/121-121726-0011__to__5142-33396-0054.wav,/Users/davidmillard/Downloads/eval/freevc/target/121-121726-0011_to_5142-33396-0054_target.flac,True,0.2383820414543151,3.146068811416626
61,our_SB_1,121/121726/121-121726-0013.flac,1284/1181/1284-1181-0010.flac,121-121726-0013,1284-1181-0010,/Users/davidmillard/Downloads/eval/our_SB_1/121-121726-0013__to__1284-1181-0010.wav,/Users/davidmillard/Downloads/eval/freevc/target/121-121726-0013_to_1284-1181-0010_target.flac,True,0.3019802570343017,3.4810073375701904
62,our_SB_1,121/123852/121-123852-0000.flac,61/70970/61-70970-0030.flac,121-123852-0000,61-70970-0030,/Users/davidmillard/Downloads/eval/our_SB_1/121-123852-0000__to__61-70970-0030.wav,/Users/davidmillard/Downloads/eval/freevc/target/121-123852-0000_to_61-70970-0030_target.flac,True,0.333603024482727,3.5307834148406982
63,our_SB_1,121/123852/121-123852-0002.flac,1995/1836/1995-1836-0004.flac,121-123852-0002,1995-1836-0004,/Users/davidmillard/Downloads/eval/our_SB_1/121-123852-0002__to__1995-1836-0004.wav,/Users/davidmillard/Downloads/eval/freevc/target/121-123852-0002_to_1995-1836-0004_target.flac,True,0.364381343126297,2.851560354232788
64,our_SB_1,121/123852/121-123852-0004.flac,8230/279154/8230-279154-0028.flac,121-123852-0004,8230-279154-0028,/Users/davidmillard/Downloads/eval/our_SB_1/121-123852-0004__to__8230-279154-0028.wav,/Users/davidmillard/Downloads/eval/freevc/target/121-123852-0004_to_8230-279154-0028_target.flac,True,0.5180068612098694,3.349532127380371
65,our_SB_1,121/123859/121-123859-0001.flac,2830/3980/2830-3980-0022.flac,121-123859-0001,2830-3980-0022,/Users/davidmillard/Downloads/eval/our_SB_1/121-123859-0001__to__2830-3980-0022.wav,/Users/davidmillard/Downloads/eval/freevc/target/121-123859-0001_to_2830-3980-0022_target.flac,True,0.2741139233112335,2.934194803237915
66,our_SB_1,121/123859/121-123859-0003.flac,1320/122617/1320-122617-0011.flac,121-123859-0003,1320-122617-0011,/Users/davidmillard/Downloads/eval/our_SB_1/121-123859-0003__to__1320-122617-0011.wav,/Users/davidmillard/Downloads/eval/freevc/target/121-123859-0003_to_1320-122617-0011_target.flac,True,0.4515007138252258,3.0142102241516113
67,our_SB_1,121/127105/121-127105-0000.flac,1284/1181/1284-1181-0008.flac,121-127105-0000,1284-1181-0008,/Users/davidmillard/Downloads/eval/our_SB_1/121-127105-0000__to__1284-1181-0008.wav,/Users/davidmillard/Downloads/eval/freevc/target/121-127105-0000_to_1284-1181-0008_target.flac,True,0.4141962826251983,3.201869487762451
68,our_SB_1,121/127105/121-127105-0002.flac,1580/141084/1580-141084-0042.flac,121-127105-0002,1580-141084-0042,/Users/davidmillard/Downloads/eval/our_SB_1/121-127105-0002__to__1580-141084-0042.wav,/Users/davidmillard/Downloads/eval/freevc/target/121-127105-0002_to_1580-141084-0042_target.flac,True,0.2646320760250091,3.3817663192749023
69,our_SB_1,121/127105/121-127105-0004.flac,672/122797/672-122797-0062.flac,121-127105-0004,672-122797-0062,/Users/davidmillard/Downloads/eval/our_SB_1/121-127105-0004__to__672-122797-0062.wav,/Users/davidmillard/Downloads/eval/freevc/target/121-127105-0004_to_672-122797-0062_target.flac,True,0.0589893497526645,2.61460542678833
70,our_SB_1,121/127105/121-127105-0006.flac,61/70968/61-70968-0007.flac,121-127105-0006,61-70968-0007,/Users/davidmillard/Downloads/eval/our_SB_1/121-127105-0006__to__61-70968-0007.wav,/Users/davidmillard/Downloads/eval/freevc/target/121-127105-0006_to_61-70968-0007_target.flac,True,0.3992295563220978,2.466308116912842
71,our_SB_1,121/127105/121-127105-0008.flac,1089/134691/1089-134691-0011.flac,121-127105-0008,1089-134691-0011,/Users/davidmillard/Downloads/eval/our_SB_1/121-127105-0008__to__1089-134691-0011.wav,/Users/davidmillard/Downloads/eval/freevc/target/121-127105-0008_to_1089-134691-0011_target.flac,True,0.4090518355369568,2.9856839179992676
72,our_SB_1,121/127105/121-127105-0010.flac,4507/16021/4507-16021-0027.flac,121-127105-0010,4507-16021-0027,/Users/davidmillard/Downloads/eval/our_SB_1/121-127105-0010__to__4507-16021-0027.wav,/Users/davidmillard/Downloads/eval/freevc/target/121-127105-0010_to_4507-16021-0027_target.flac,True,0.3483425378799438,3.1064891815185547
73,our_SB_1,121/127105/121-127105-0012.flac,237/126133/237-126133-0024.flac,121-127105-0012,237-126133-0024,/Users/davidmillard/Downloads/eval/our_SB_1/121-127105-0012__to__237-126133-0024.wav,/Users/davidmillard/Downloads/eval/freevc/target/121-127105-0012_to_237-126133-0024_target.flac,True,0.3583983778953552,2.664212465286255
74,our_SB_1,121/127105/121-127105-0014.flac,1284/1181/1284-1181-0004.flac,121-127105-0014,1284-1181-0004,/Users/davidmillard/Downloads/eval/our_SB_1/121-127105-0014__to__1284-1181-0004.wav,/Users/davidmillard/Downloads/eval/freevc/target/121-127105-0014_to_1284-1181-0004_target.flac,True,0.2468302845954895,2.804314136505127
75,our_SB_1,121/127105/121-127105-0016.flac,4992/23283/4992-23283-0003.flac,121-127105-0016,4992-23283-0003,/Users/davidmillard/Downloads/eval/our_SB_1/121-127105-0016__to__4992-23283-0003.wav,/Users/davidmillard/Downloads/eval/freevc/target/121-127105-0016_to_4992-23283-0003_target.flac,True,0.290172129869461,3.1338627338409424
76,our_SB_1,121/127105/121-127105-0018.flac,7127/75947/7127-75947-0034.flac,121-127105-0018,7127-75947-0034,/Users/davidmillard/Downloads/eval/our_SB_1/121-127105-0018__to__7127-75947-0034.wav,/Users/davidmillard/Downloads/eval/freevc/target/121-127105-0018_to_7127-75947-0034_target.flac,True,0.3911315202713012,2.5054361820220947
77,our_SB_1,121/127105/121-127105-0020.flac,1284/134647/1284-134647-0006.flac,121-127105-0020,1284-134647-0006,/Users/davidmillard/Downloads/eval/our_SB_1/121-127105-0020__to__1284-134647-0006.wav,/Users/davidmillard/Downloads/eval/freevc/target/121-127105-0020_to_1284-134647-0006_target.flac,True,0.3428554534912109,2.3425493240356445
78,our_SB_1,121/127105/121-127105-0022.flac,2830/3979/2830-3979-0008.flac,121-127105-0022,2830-3979-0008,/Users/davidmillard/Downloads/eval/our_SB_1/121-127105-0022__to__2830-3979-0008.wav,/Users/davidmillard/Downloads/eval/freevc/target/121-127105-0022_to_2830-3979-0008_target.flac,True,0.2994478940963745,2.7805492877960205
79,our_SB_1,121/127105/121-127105-0024.flac,3729/6852/3729-6852-0025.flac,121-127105-0024,3729-6852-0025,/Users/davidmillard/Downloads/eval/our_SB_1/121-127105-0024__to__3729-6852-0025.wav,/Users/davidmillard/Downloads/eval/freevc/target/121-127105-0024_to_3729-6852-0025_target.flac,True,0.4215140342712402,3.2068488597869873
80,our_SB_1,121/127105/121-127105-0026.flac,8463/294825/8463-294825-0016.flac,121-127105-0026,8463-294825-0016,/Users/davidmillard/Downloads/eval/our_SB_1/121-127105-0026__to__8463-294825-0016.wav,/Users/davidmillard/Downloads/eval/freevc/target/121-127105-0026_to_8463-294825-0016_target.flac,True,0.2163003087043762,3.097886323928833
81,our_SB_1,121/127105/121-127105-0028.flac,1221/135767/1221-135767-0023.flac,121-127105-0028,1221-135767-0023,/Users/davidmillard/Downloads/eval/our_SB_1/121-127105-0028__to__1221-135767-0023.wav,/Users/davidmillard/Downloads/eval/freevc/target/121-127105-0028_to_1221-135767-0023_target.flac,True,0.3519249856472015,3.221970558166504
82,our_SB_1,121/127105/121-127105-0030.flac,8555/284449/8555-284449-0011.flac,121-127105-0030,8555-284449-0011,/Users/davidmillard/Downloads/eval/our_SB_1/121-127105-0030__to__8555-284449-0011.wav,/Users/davidmillard/Downloads/eval/freevc/target/121-127105-0030_to_8555-284449-0011_target.flac,True,0.1895244717597961,2.514417886734009
83,our_SB_1,121/127105/121-127105-0032.flac,4077/13751/4077-13751-0013.flac,121-127105-0032,4077-13751-0013,/Users/davidmillard/Downloads/eval/our_SB_1/121-127105-0032__to__4077-13751-0013.wav,/Users/davidmillard/Downloads/eval/freevc/target/121-127105-0032_to_4077-13751-0013_target.flac,True,0.3099257349967956,2.3360471725463867
84,our_SB_1,121/127105/121-127105-0034.flac,4077/13754/4077-13754-0003.flac,121-127105-0034,4077-13754-0003,/Users/davidmillard/Downloads/eval/our_SB_1/121-127105-0034__to__4077-13754-0003.wav,/Users/davidmillard/Downloads/eval/freevc/target/121-127105-0034_to_4077-13754-0003_target.flac,True,0.1759839355945587,3.380949020385742
85,our_SB_1,121/127105/121-127105-0036.flac,4970/29095/4970-29095-0005.flac,121-127105-0036,4970-29095-0005,/Users/davidmillard/Downloads/eval/our_SB_1/121-127105-0036__to__4970-29095-0005.wav,/Users/davidmillard/Downloads/eval/freevc/target/121-127105-0036_to_4970-29095-0005_target.flac,True,0.0717113316059112,2.65822434425354
86,our_SB_1,1221/135766/1221-135766-0001.flac,1320/122612/1320-122612-0000.flac,1221-135766-0001,1320-122612-0000,/Users/davidmillard/Downloads/eval/our_SB_1/1221-135766-0001__to__1320-122612-0000.wav,/Users/davidmillard/Downloads/eval/freevc/target/1221-135766-0001_to_1320-122612-0000_target.flac,True,0.4719009101390838,2.5742812156677246
87,our_SB_1,1221/135766/1221-135766-0003.flac,8463/287645/8463-287645-0012.flac,1221-135766-0003,8463-287645-0012,/Users/davidmillard/Downloads/eval/our_SB_1/1221-135766-0003__to__8463-287645-0012.wav,/Users/davidmillard/Downloads/eval/freevc/target/1221-135766-0003_to_8463-287645-0012_target.flac,True,0.2873519957065582,3.5972633361816406
88,our_SB_1,1221/135766/1221-135766-0005.flac,3570/5695/3570-5695-0009.flac,1221-135766-0005,3570-5695-0009,/Users/davidmillard/Downloads/eval/our_SB_1/1221-135766-0005__to__3570-5695-0009.wav,/Users/davidmillard/Downloads/eval/freevc/target/1221-135766-0005_to_3570-5695-0009_target.flac,True,0.3800510764122009,2.937896728515625
89,our_SB_1,1221/135766/1221-135766-0007.flac,5142/33396/5142-33396-0008.flac,1221-135766-0007,5142-33396-0008,/Users/davidmillard/Downloads/eval/our_SB_1/1221-135766-0007__to__5142-33396-0008.wav,/Users/davidmillard/Downloads/eval/freevc/target/1221-135766-0007_to_5142-33396-0008_target.flac,True,0.1940110623836517,3.517817974090576
90,our_SB_1,1221/135766/1221-135766-0009.flac,4507/16021/4507-16021-0010.flac,1221-135766-0009,4507-16021-0010,/Users/davidmillard/Downloads/eval/our_SB_1/1221-135766-0009__to__4507-16021-0010.wav,/Users/davidmillard/Downloads/eval/freevc/target/1221-135766-0009_to_4507-16021-0010_target.flac,True,0.3953638672828674,3.089484691619873
91,our_SB_1,1221/135766/1221-135766-0011.flac,4970/29095/4970-29095-0015.flac,1221-135766-0011,4970-29095-0015,/Users/davidmillard/Downloads/eval/our_SB_1/1221-135766-0011__to__4970-29095-0015.wav,/Users/davidmillard/Downloads/eval/freevc/target/1221-135766-0011_to_4970-29095-0015_target.flac,True,0.2538873255252838,2.855743646621704
92,our_SB_1,1221/135766/1221-135766-0013.flac,8455/210777/8455-210777-0038.flac,1221-135766-0013,8455-210777-0038,/Users/davidmillard/Downloads/eval/our_SB_1/1221-135766-0013__to__8455-210777-0038.wav,/Users/davidmillard/Downloads/eval/freevc/target/1221-135766-0013_to_8455-210777-0038_target.flac,True,0.2771211266517639,2.625222682952881
93,our_SB_1,1221/135766/1221-135766-0015.flac,4077/13751/4077-13751-0007.flac,1221-135766-0015,4077-13751-0007,/Users/davidmillard/Downloads/eval/our_SB_1/1221-135766-0015__to__4077-13751-0007.wav,/Users/davidmillard/Downloads/eval/freevc/target/1221-135766-0015_to_4077-13751-0007_target.flac,True,0.4016627669334411,3.350039005279541
94,our_SB_1,1221/135767/1221-135767-0001.flac,237/134493/237-134493-0008.flac,1221-135767-0001,237-134493-0008,/Users/davidmillard/Downloads/eval/our_SB_1/1221-135767-0001__to__237-134493-0008.wav,/Users/davidmillard/Downloads/eval/freevc/target/1221-135767-0001_to_237-134493-0008_target.flac,True,0.2723041772842407,2.766627311706543
95,our_SB_1,1221/135767/1221-135767-0003.flac,3570/5696/3570-5696-0006.flac,1221-135767-0003,3570-5696-0006,/Users/davidmillard/Downloads/eval/our_SB_1/1221-135767-0003__to__3570-5696-0006.wav,/Users/davidmillard/Downloads/eval/freevc/target/1221-135767-0003_to_3570-5696-0006_target.flac,True,0.3552489876747131,3.3362815380096436
96,our_SB_1,1221/135767/1221-135767-0005.flac,4077/13754/4077-13754-0010.flac,1221-135767-0005,4077-13754-0010,/Users/davidmillard/Downloads/eval/our_SB_1/1221-135767-0005__to__4077-13754-0010.wav,/Users/davidmillard/Downloads/eval/freevc/target/1221-135767-0005_to_4077-13754-0010_target.flac,True,0.3891230225563049,3.126192569732666
97,our_SB_1,1221/135767/1221-135767-0007.flac,1284/1180/1284-1180-0005.flac,1221-135767-0007,1284-1180-0005,/Users/davidmillard/Downloads/eval/our_SB_1/1221-135767-0007__to__1284-1180-0005.wav,/Users/davidmillard/Downloads/eval/freevc/target/1221-135767-0007_to_1284-1180-0005_target.flac,True,0.3977516889572143,3.475747585296631
98,our_SB_1,1221/135767/1221-135767-0009.flac,121/121726/121-121726-0000.flac,1221-135767-0009,121-121726-0000,/Users/davidmillard/Downloads/eval/our_SB_1/1221-135767-0009__to__121-121726-0000.wav,/Users/davidmillard/Downloads/eval/freevc/target/1221-135767-0009_to_121-121726-0000_target.flac,True,0.3172220587730407,3.776207447052002
99,our_SB_1,1221/135767/1221-135767-0011.flac,2300/131720/2300-131720-0040.flac,1221-135767-0011,2300-131720-0040,/Users/davidmillard/Downloads/eval/our_SB_1/1221-135767-0011__to__2300-131720-0040.wav,/Users/davidmillard/Downloads/eval/freevc/target/1221-135767-0011_to_2300-131720-0040_target.flac,True,0.3872317671775818,3.5456008911132812
100,our_SB_1,1221/135767/1221-135767-0013.flac,6930/81414/6930-81414-0020.flac,1221-135767-0013,6930-81414-0020,/Users/davidmillard/Downloads/eval/our_SB_1/1221-135767-0013__to__6930-81414-0020.wav,/Users/davidmillard/Downloads/eval/freevc/target/1221-135767-0013_to_6930-81414-0020_target.flac,True,0.3743435144424438,3.3043906688690186
101,our_SB_1,1221/135767/1221-135767-0015.flac,1089/134686/1089-134686-0014.flac,1221-135767-0015,1089-134686-0014,/Users/davidmillard/Downloads/eval/our_SB_1/1221-135767-0015__to__1089-134686-0014.wav,/Users/davidmillard/Downloads/eval/freevc/target/1221-135767-0015_to_1089-134686-0014_target.flac,True,0.2774763107299804,2.595641613006592
102,our_SB_1,1221/135767/1221-135767-0017.flac,237/134500/237-134500-0024.flac,1221-135767-0017,237-134500-0024,/Users/davidmillard/Downloads/eval/our_SB_1/1221-135767-0017__to__237-134500-0024.wav,/Users/davidmillard/Downloads/eval/freevc/target/1221-135767-0017_to_237-134500-0024_target.flac,True,0.2661565542221069,2.901144027709961
103,our_SB_1,1221/135767/1221-135767-0019.flac,5639/40744/5639-40744-0037.flac,1221-135767-0019,5639-40744-0037,/Users/davidmillard/Downloads/eval/our_SB_1/1221-135767-0019__to__5639-40744-0037.wav,/Users/davidmillard/Downloads/eval/freevc/target/1221-135767-0019_to_5639-40744-0037_target.flac,True,0.3324445486068725,2.9784789085388184
104,our_SB_1,1221/135767/1221-135767-0021.flac,6829/68769/6829-68769-0016.flac,1221-135767-0021,6829-68769-0016,/Users/davidmillard/Downloads/eval/our_SB_1/1221-135767-0021__to__6829-68769-0016.wav,/Users/davidmillard/Downloads/eval/freevc/target/1221-135767-0021_to_6829-68769-0016_target.flac,True,0.2015865892171859,3.2521450519561768
105,our_SB_1,1221/135767/1221-135767-0023.flac,5639/40744/5639-40744-0002.flac,1221-135767-0023,5639-40744-0002,/Users/davidmillard/Downloads/eval/our_SB_1/1221-135767-0023__to__5639-40744-0002.wav,/Users/davidmillard/Downloads/eval/freevc/target/1221-135767-0023_to_5639-40744-0002_target.flac,True,0.5185869932174683,2.8157780170440674
106,our_SB_1,1284/1180/1284-1180-0000.flac,3729/6852/3729-6852-0042.flac,1284-1180-0000,3729-6852-0042,/Users/davidmillard/Downloads/eval/our_SB_1/1284-1180-0000__to__3729-6852-0042.wav,/Users/davidmillard/Downloads/eval/freevc/target/1284-1180-0000_to_3729-6852-0042_target.flac,True,0.3485960960388183,2.9557080268859863
107,our_SB_1,1284/1180/1284-1180-0002.flac,8455/210777/8455-210777-0052.flac,1284-1180-0002,8455-210777-0052,/Users/davidmillard/Downloads/eval/our_SB_1/1284-1180-0002__to__8455-210777-0052.wav,/Users/davidmillard/Downloads/eval/freevc/target/1284-1180-0002_to_8455-210777-0052_target.flac,True,0.1180290356278419,3.1141879558563232
108,our_SB_1,1284/1180/1284-1180-0004.flac,260/123286/260-123286-0022.flac,1284-1180-0004,260-123286-0022,/Users/davidmillard/Downloads/eval/our_SB_1/1284-1180-0004__to__260-123286-0022.wav,/Users/davidmillard/Downloads/eval/freevc/target/1284-1180-0004_to_260-123286-0022_target.flac,True,0.3428564071655273,3.0354204177856445
109,our_SB_1,1284/1180/1284-1180-0006.flac,2830/3980/2830-3980-0029.flac,1284-1180-0006,2830-3980-0029,/Users/davidmillard/Downloads/eval/our_SB_1/1284-1180-0006__to__2830-3980-0029.wav,/Users/davidmillard/Downloads/eval/freevc/target/1284-1180-0006_to_2830-3980-0029_target.flac,True,0.1911382973194122,3.6298956871032715
110,our_SB_1,1284/1180/1284-1180-0008.flac,4446/2271/4446-2271-0020.flac,1284-1180-0008,4446-2271-0020,/Users/davidmillard/Downloads/eval/our_SB_1/1284-1180-0008__to__4446-2271-0020.wav,/Users/davidmillard/Downloads/eval/freevc/target/1284-1180-0008_to_4446-2271-0020_target.flac,True,0.4319578409194946,3.480419635772705
111,our_SB_1,1284/1180/1284-1180-0010.flac,121/127105/121-127105-0029.flac,1284-1180-0010,121-127105-0029,/Users/davidmillard/Downloads/eval/our_SB_1/1284-1180-0010__to__121-127105-0029.wav,/Users/davidmillard/Downloads/eval/freevc/target/1284-1180-0010_to_121-127105-0029_target.flac,True,0.3822383880615234,3.6338746547698975
112,our_SB_1,1284/1180/1284-1180-0012.flac,2961/961/2961-961-0006.flac,1284-1180-0012,2961-961-0006,/Users/davidmillard/Downloads/eval/our_SB_1/1284-1180-0012__to__2961-961-0006.wav,/Users/davidmillard/Downloads/eval/freevc/target/1284-1180-0012_to_2961-961-0006_target.flac,True,0.18047696352005,3.104188919067383
113,our_SB_1,1284/1180/1284-1180-0014.flac,3575/170457/3575-170457-0014.flac,1284-1180-0014,3575-170457-0014,/Users/davidmillard/Downloads/eval/our_SB_1/1284-1180-0014__to__3575-170457-0014.wav,/Users/davidmillard/Downloads/eval/freevc/target/1284-1180-0014_to_3575-170457-0014_target.flac,True,0.4052183032035827,3.075822114944458
114,our_SB_1,1284/1180/1284-1180-0016.flac,2961/961/2961-961-0002.flac,1284-1180-0016,2961-961-0002,/Users/davidmillard/Downloads/eval/our_SB_1/1284-1180-0016__to__2961-961-0002.wav,/Users/davidmillard/Downloads/eval/freevc/target/1284-1180-0016_to_2961-961-0002_target.flac,True,0.1801596581935882,3.0389907360076904
115,our_SB_1,1284/1180/1284-1180-0018.flac,1320/122617/1320-122617-0032.flac,1284-1180-0018,1320-122617-0032,/Users/davidmillard/Downloads/eval/our_SB_1/1284-1180-0018__to__1320-122617-0032.wav,/Users/davidmillard/Downloads/eval/freevc/target/1284-1180-0018_to_1320-122617-0032_target.flac,True,0.4103197455406189,2.81660795211792
116,our_SB_1,1284/1180/1284-1180-0020.flac,7729/102255/7729-102255-0025.flac,1284-1180-0020,7729-102255-0025,/Users/davidmillard/Downloads/eval/our_SB_1/1284-1180-0020__to__7729-102255-0025.wav,/Users/davidmillard/Downloads/eval/freevc/target/1284-1180-0020_to_7729-102255-0025_target.flac,True,0.2124945074319839,3.1623806953430176
117,our_SB_1,1284/1180/1284-1180-0022.flac,1188/133604/1188-133604-0007.flac,1284-1180-0022,1188-133604-0007,/Users/davidmillard/Downloads/eval/our_SB_1/1284-1180-0022__to__1188-133604-0007.wav,/Users/davidmillard/Downloads/eval/freevc/target/1284-1180-0022_to_1188-133604-0007_target.flac,True,0.2713191509246826,2.758300542831421
118,our_SB_1,1284/1180/1284-1180-0024.flac,8555/292519/8555-292519-0015.flac,1284-1180-0024,8555-292519-0015,/Users/davidmillard/Downloads/eval/our_SB_1/1284-1180-0024__to__8555-292519-0015.wav,/Users/davidmillard/Downloads/eval/freevc/target/1284-1180-0024_to_8555-292519-0015_target.flac,True,0.2950612604618072,2.9076576232910156
119,our_SB_1,1284/1180/1284-1180-0026.flac,1995/1837/1995-1837-0013.flac,1284-1180-0026,1995-1837-0013,/Users/davidmillard/Downloads/eval/our_SB_1/1284-1180-0026__to__1995-1837-0013.wav,/Users/davidmillard/Downloads/eval/freevc/target/1284-1180-0026_to_1995-1837-0013_target.flac,True,0.3928636908531189,3.52282452583313
120,our_SB_1,1284/1180/1284-1180-0028.flac,4992/41797/4992-41797-0006.flac,1284-1180-0028,4992-41797-0006,/Users/davidmillard/Downloads/eval/our_SB_1/1284-1180-0028__to__4992-41797-0006.wav,/Users/davidmillard/Downloads/eval/freevc/target/1284-1180-0028_to_4992-41797-0006_target.flac,True,0.342522531747818,3.4961304664611816
121,our_SB_1,1284/1180/1284-1180-0030.flac,2094/142345/2094-142345-0024.flac,1284-1180-0030,2094-142345-0024,/Users/davidmillard/Downloads/eval/our_SB_1/1284-1180-0030__to__2094-142345-0024.wav,/Users/davidmillard/Downloads/eval/freevc/target/1284-1180-0030_to_2094-142345-0024_target.flac,True,0.304191529750824,3.2549386024475098
122,our_SB_1,1284/1180/1284-1180-0032.flac,4077/13751/4077-13751-0002.flac,1284-1180-0032,4077-13751-0002,/Users/davidmillard/Downloads/eval/our_SB_1/1284-1180-0032__to__4077-13751-0002.wav,/Users/davidmillard/Downloads/eval/freevc/target/1284-1180-0032_to_4077-13751-0002_target.flac,True,0.514376163482666,3.279603958129883
123,our_SB_1,1284/1181/1284-1181-0001.flac,8224/274381/8224-274381-0012.flac,1284-1181-0001,8224-274381-0012,/Users/davidmillard/Downloads/eval/our_SB_1/1284-1181-0001__to__8224-274381-0012.wav,/Users/davidmillard/Downloads/eval/freevc/target/1284-1181-0001_to_8224-274381-0012_target.flac,True,0.3256710171699524,3.231976270675659
124,our_SB_1,1284/1181/1284-1181-0003.flac,1320/122617/1320-122617-0025.flac,1284-1181-0003,1320-122617-0025,/Users/davidmillard/Downloads/eval/our_SB_1/1284-1181-0003__to__1320-122617-0025.wav,/Users/davidmillard/Downloads/eval/freevc/target/1284-1181-0003_to_1320-122617-0025_target.flac,True,0.4288668036460876,2.8553338050842285
125,our_SB_1,1284/1181/1284-1181-0005.flac,4992/41797/4992-41797-0021.flac,1284-1181-0005,4992-41797-0021,/Users/davidmillard/Downloads/eval/our_SB_1/1284-1181-0005__to__4992-41797-0021.wav,/Users/davidmillard/Downloads/eval/freevc/target/1284-1181-0005_to_4992-41797-0021_target.flac,True,0.4040259420871734,3.184096574783325
126,our_SB_1,1284/1181/1284-1181-0007.flac,4970/29095/4970-29095-0008.flac,1284-1181-0007,4970-29095-0008,/Users/davidmillard/Downloads/eval/our_SB_1/1284-1181-0007__to__4970-29095-0008.wav,/Users/davidmillard/Downloads/eval/freevc/target/1284-1181-0007_to_4970-29095-0008_target.flac,True,0.2940866351127624,3.658432960510254
127,our_SB_1,1284/1181/1284-1181-0009.flac,672/122797/672-122797-0041.flac,1284-1181-0009,672-122797-0041,/Users/davidmillard/Downloads/eval/our_SB_1/1284-1181-0009__to__672-122797-0041.wav,/Users/davidmillard/Downloads/eval/freevc/target/1284-1181-0009_to_672-122797-0041_target.flac,True,0.2516846060752868,3.229564905166626
128,our_SB_1,1284/1181/1284-1181-0011.flac,4507/16021/4507-16021-0035.flac,1284-1181-0011,4507-16021-0035,/Users/davidmillard/Downloads/eval/our_SB_1/1284-1181-0011__to__4507-16021-0035.wav,/Users/davidmillard/Downloads/eval/freevc/target/1284-1181-0011_to_4507-16021-0035_target.flac,True,0.3713461756706238,3.16678524017334
129,our_SB_1,1284/1181/1284-1181-0013.flac,672/122797/672-122797-0048.flac,1284-1181-0013,672-122797-0048,/Users/davidmillard/Downloads/eval/our_SB_1/1284-1181-0013__to__672-122797-0048.wav,/Users/davidmillard/Downloads/eval/freevc/target/1284-1181-0013_to_672-122797-0048_target.flac,True,0.2940056622028351,2.133073329925537
130,our_SB_1,1284/1181/1284-1181-0015.flac,8463/294828/8463-294828-0003.flac,1284-1181-0015,8463-294828-0003,/Users/davidmillard/Downloads/eval/our_SB_1/1284-1181-0015__to__8463-294828-0003.wav,/Users/davidmillard/Downloads/eval/freevc/target/1284-1181-0015_to_8463-294828-0003_target.flac,True,0.2813624143600464,3.3515119552612305
131,our_SB_1,1284/1181/1284-1181-0017.flac,1089/134691/1089-134691-0000.flac,1284-1181-0017,1089-134691-0000,/Users/davidmillard/Downloads/eval/our_SB_1/1284-1181-0017__to__1089-134691-0000.wav,/Users/davidmillard/Downloads/eval/freevc/target/1284-1181-0017_to_1089-134691-0000_target.flac,True,0.2072213441133499,3.6248230934143066
132,our_SB_1,1284/1181/1284-1181-0019.flac,6829/68771/6829-68771-0020.flac,1284-1181-0019,6829-68771-0020,/Users/davidmillard/Downloads/eval/our_SB_1/1284-1181-0019__to__6829-68771-0020.wav,/Users/davidmillard/Downloads/eval/freevc/target/1284-1181-0019_to_6829-68771-0020_target.flac,True,0.3447556793689728,3.1592516899108887
133,our_SB_1,1284/1181/1284-1181-0021.flac,4992/41797/4992-41797-0008.flac,1284-1181-0021,4992-41797-0008,/Users/davidmillard/Downloads/eval/our_SB_1/1284-1181-0021__to__4992-41797-0008.wav,/Users/davidmillard/Downloads/eval/freevc/target/1284-1181-0021_to_4992-41797-0008_target.flac,True,0.4493934512138366,2.9499435424804688
134,our_SB_1,1284/134647/1284-134647-0001.flac,3570/5695/3570-5695-0009.flac,1284-134647-0001,3570-5695-0009,/Users/davidmillard/Downloads/eval/our_SB_1/1284-134647-0001__to__3570-5695-0009.wav,/Users/davidmillard/Downloads/eval/freevc/target/1284-134647-0001_to_3570-5695-0009_target.flac,True,0.3885637521743774,3.701694965362549
135,our_SB_1,1284/134647/1284-134647-0003.flac,1580/141083/1580-141083-0036.flac,1284-134647-0003,1580-141083-0036,/Users/davidmillard/Downloads/eval/our_SB_1/1284-134647-0003__to__1580-141083-0036.wav,/Users/davidmillard/Downloads/eval/freevc/target/1284-134647-0003_to_1580-141083-0036_target.flac,True,0.4240079522132873,2.9902842044830322
136,our_SB_1,1284/134647/1284-134647-0005.flac,5105/28233/5105-28233-0005.flac,1284-134647-0005,5105-28233-0005,/Users/davidmillard/Downloads/eval/our_SB_1/1284-134647-0005__to__5105-28233-0005.wav,/Users/davidmillard/Downloads/eval/freevc/target/1284-134647-0005_to_5105-28233-0005_target.flac,True,0.5150956511497498,2.888639450073242
137,our_SB_1,1284/134647/1284-134647-0007.flac,4970/29093/4970-29093-0014.flac,1284-134647-0007,4970-29093-0014,/Users/davidmillard/Downloads/eval/our_SB_1/1284-134647-0007__to__4970-29093-0014.wav,/Users/davidmillard/Downloads/eval/freevc/target/1284-134647-0007_to_4970-29093-0014_target.flac,True,0.1703863143920898,3.628201484680176
138,our_SB_1,1320/122612/1320-122612-0001.flac,1188/133604/1188-133604-0002.flac,1320-122612-0001,1188-133604-0002,/Users/davidmillard/Downloads/eval/our_SB_1/1320-122612-0001__to__1188-133604-0002.wav,/Users/davidmillard/Downloads/eval/freevc/target/1320-122612-0001_to_1188-133604-0002_target.flac,True,0.4018772542476654,2.7823758125305176
139,our_SB_1,1320/122612/1320-122612-0003.flac,1284/1180/1284-1180-0029.flac,1320-122612-0003,1284-1180-0029,/Users/davidmillard/Downloads/eval/our_SB_1/1320-122612-0003__to__1284-1180-0029.wav,/Users/davidmillard/Downloads/eval/freevc/target/1320-122612-0003_to_1284-1180-0029_target.flac,True,0.3580892384052276,3.2942097187042236
140,our_SB_1,1320/122612/1320-122612-0005.flac,2961/961/2961-961-0022.flac,1320-122612-0005,2961-961-0022,/Users/davidmillard/Downloads/eval/our_SB_1/1320-122612-0005__to__2961-961-0022.wav,/Users/davidmillard/Downloads/eval/freevc/target/1320-122612-0005_to_2961-961-0022_target.flac,True,0.2767366766929626,3.1062557697296143
141,our_SB_1,1320/122612/1320-122612-0007.flac,61/70968/61-70968-0031.flac,1320-122612-0007,61-70968-0031,/Users/davidmillard/Downloads/eval/our_SB_1/1320-122612-0007__to__61-70968-0031.wav,/Users/davidmillard/Downloads/eval/freevc/target/1320-122612-0007_to_61-70968-0031_target.flac,True,0.1846262663602829,3.345391273498535
142,our_SB_1,1320/122612/1320-122612-0009.flac,1089/134686/1089-134686-0013.flac,1320-122612-0009,1089-134686-0013,/Users/davidmillard/Downloads/eval/our_SB_1/1320-122612-0009__to__1089-134686-0013.wav,/Users/davidmillard/Downloads/eval/freevc/target/1320-122612-0009_to_1089-134686-0013_target.flac,True,0.4221571087837219,3.2433178424835205
143,our_SB_1,1320/122612/1320-122612-0011.flac,2830/3980/2830-3980-0076.flac,1320-122612-0011,2830-3980-0076,/Users/davidmillard/Downloads/eval/our_SB_1/1320-122612-0011__to__2830-3980-0076.wav,/Users/davidmillard/Downloads/eval/freevc/target/1320-122612-0011_to_2830-3980-0076_target.flac,True,0.3462937474250793,3.5294787883758545
144,our_SB_1,1320/122612/1320-122612-0013.flac,1221/135767/1221-135767-0019.flac,1320-122612-0013,1221-135767-0019,/Users/davidmillard/Downloads/eval/our_SB_1/1320-122612-0013__to__1221-135767-0019.wav,/Users/davidmillard/Downloads/eval/freevc/target/1320-122612-0013_to_1221-135767-0019_target.flac,True,0.3445315361022949,3.5737996101379395
145,our_SB_1,1320/122612/1320-122612-0015.flac,7021/79730/7021-79730-0008.flac,1320-122612-0015,7021-79730-0008,/Users/davidmillard/Downloads/eval/our_SB_1/1320-122612-0015__to__7021-79730-0008.wav,/Users/davidmillard/Downloads/eval/freevc/target/1320-122612-0015_to_7021-79730-0008_target.flac,True,0.3981559574604034,2.8210580348968506
146,our_SB_1,1320/122617/1320-122617-0000.flac,8224/274384/8224-274384-0002.flac,1320-122617-0000,8224-274384-0002,/Users/davidmillard/Downloads/eval/our_SB_1/1320-122617-0000__to__8224-274384-0002.wav,/Users/davidmillard/Downloads/eval/freevc/target/1320-122617-0000_to_8224-274384-0002_target.flac,True,0.3676219582557678,3.512936592102051
147,our_SB_1,1320/122617/1320-122617-0002.flac,6829/68771/6829-68771-0016.flac,1320-122617-0002,6829-68771-0016,/Users/davidmillard/Downloads/eval/our_SB_1/1320-122617-0002__to__6829-68771-0016.wav,/Users/davidmillard/Downloads/eval/freevc/target/1320-122617-0002_to_6829-68771-0016_target.flac,True,0.3281387090682983,3.5628066062927246
148,our_SB_1,1320/122617/1320-122617-0004.flac,7127/75947/7127-75947-0027.flac,1320-122617-0004,7127-75947-0027,/Users/davidmillard/Downloads/eval/our_SB_1/1320-122617-0004__to__7127-75947-0027.wav,/Users/davidmillard/Downloads/eval/freevc/target/1320-122617-0004_to_7127-75947-0027_target.flac,True,0.3704198896884918,3.6486153602600098
149,our_SB_1,1320/122617/1320-122617-0006.flac,4446/2275/4446-2275-0036.flac,1320-122617-0006,4446-2275-0036,/Users/davidmillard/Downloads/eval/our_SB_1/1320-122617-0006__to__4446-2275-0036.wav,/Users/davidmillard/Downloads/eval/freevc/target/1320-122617-0006_to_4446-2275-0036_target.flac,True,0.3153795301914215,3.651010751724243
150,our_SB_1,1320/122617/1320-122617-0008.flac,3729/6852/3729-6852-0017.flac,1320-122617-0008,3729-6852-0017,/Users/davidmillard/Downloads/eval/our_SB_1/1320-122617-0008__to__3729-6852-0017.wav,/Users/davidmillard/Downloads/eval/freevc/target/1320-122617-0008_to_3729-6852-0017_target.flac,True,0.3562406301498413,3.870372772216797
151,our_SB_1,1320/122617/1320-122617-0010.flac,4507/16021/4507-16021-0015.flac,1320-122617-0010,4507-16021-0015,/Users/davidmillard/Downloads/eval/our_SB_1/1320-122617-0010__to__4507-16021-0015.wav,/Users/davidmillard/Downloads/eval/freevc/target/1320-122617-0010_to_4507-16021-0015_target.flac,True,0.4273310005664825,2.950845956802368
152,our_SB_1,1320/122617/1320-122617-0012.flac,4992/41806/4992-41806-0013.flac,1320-122617-0012,4992-41806-0013,/Users/davidmillard/Downloads/eval/our_SB_1/1320-122617-0012__to__4992-41806-0013.wav,/Users/davidmillard/Downloads/eval/freevc/target/1320-122617-0012_to_4992-41806-0013_target.flac,True,0.5737941861152649,3.389181137084961
153,our_SB_1,1320/122617/1320-122617-0014.flac,2300/131720/2300-131720-0009.flac,1320-122617-0014,2300-131720-0009,/Users/davidmillard/Downloads/eval/our_SB_1/1320-122617-0014__to__2300-131720-0009.wav,/Users/davidmillard/Downloads/eval/freevc/target/1320-122617-0014_to_2300-131720-0009_target.flac,True,0.41664919257164,2.7422571182250977
154,our_SB_1,1320/122617/1320-122617-0016.flac,237/134493/237-134493-0001.flac,1320-122617-0016,237-134493-0001,/Users/davidmillard/Downloads/eval/our_SB_1/1320-122617-0016__to__237-134493-0001.wav,/Users/davidmillard/Downloads/eval/freevc/target/1320-122617-0016_to_237-134493-0001_target.flac,True,0.3517341613769531,3.188986301422119
155,our_SB_1,1320/122617/1320-122617-0018.flac,672/122797/672-122797-0042.flac,1320-122617-0018,672-122797-0042,/Users/davidmillard/Downloads/eval/our_SB_1/1320-122617-0018__to__672-122797-0042.wav,/Users/davidmillard/Downloads/eval/freevc/target/1320-122617-0018_to_672-122797-0042_target.flac,True,0.3381410241127014,3.4885315895080566
156,our_SB_1,1320/122617/1320-122617-0020.flac,672/122797/672-122797-0007.flac,1320-122617-0020,672-122797-0007,/Users/davidmillard/Downloads/eval/our_SB_1/1320-122617-0020__to__672-122797-0007.wav,/Users/davidmillard/Downloads/eval/freevc/target/1320-122617-0020_to_672-122797-0007_target.flac,True,0.3985851109027862,3.078310489654541
157,our_SB_1,1320/122617/1320-122617-0022.flac,5683/32879/5683-32879-0025.flac,1320-122617-0022,5683-32879-0025,/Users/davidmillard/Downloads/eval/our_SB_1/1320-122617-0022__to__5683-32879-0025.wav,/Users/davidmillard/Downloads/eval/freevc/target/1320-122617-0022_to_5683-32879-0025_target.flac,True,0.3175814151763916,3.3823328018188477
158,our_SB_1,1320/122617/1320-122617-0024.flac,5683/32879/5683-32879-0012.flac,1320-122617-0024,5683-32879-0012,/Users/davidmillard/Downloads/eval/our_SB_1/1320-122617-0024__to__5683-32879-0012.wav,/Users/davidmillard/Downloads/eval/freevc/target/1320-122617-0024_to_5683-32879-0012_target.flac,True,0.3253354430198669,2.540853977203369
159,our_SB_1,1320/122617/1320-122617-0026.flac,4970/29095/4970-29095-0024.flac,1320-122617-0026,4970-29095-0024,/Users/davidmillard/Downloads/eval/our_SB_1/1320-122617-0026__to__4970-29095-0024.wav,/Users/davidmillard/Downloads/eval/freevc/target/1320-122617-0026_to_4970-29095-0024_target.flac,True,0.278713583946228,2.6286940574645996
160,our_SB_1,1320/122617/1320-122617-0028.flac,8230/279154/8230-279154-0034.flac,1320-122617-0028,8230-279154-0034,/Users/davidmillard/Downloads/eval/our_SB_1/1320-122617-0028__to__8230-279154-0034.wav,/Users/davidmillard/Downloads/eval/freevc/target/1320-122617-0028_to_8230-279154-0034_target.flac,True,0.4969611465930938,2.4961583614349365
161,our_SB_1,1320/122617/1320-122617-0030.flac,7176/92135/7176-92135-0000.flac,1320-122617-0030,7176-92135-0000,/Users/davidmillard/Downloads/eval/our_SB_1/1320-122617-0030__to__7176-92135-0000.wav,/Users/davidmillard/Downloads/eval/freevc/target/1320-122617-0030_to_7176-92135-0000_target.flac,True,0.2728485763072967,3.084383010864258
162,our_SB_1,1320/122617/1320-122617-0032.flac,7176/88083/7176-88083-0003.flac,1320-122617-0032,7176-88083-0003,/Users/davidmillard/Downloads/eval/our_SB_1/1320-122617-0032__to__7176-88083-0003.wav,/Users/davidmillard/Downloads/eval/freevc/target/1320-122617-0032_to_7176-88083-0003_target.flac,True,0.2405800819396972,2.881417751312256
163,our_SB_1,1320/122617/1320-122617-0034.flac,61/70970/61-70970-0029.flac,1320-122617-0034,61-70970-0029,/Users/davidmillard/Downloads/eval/our_SB_1/1320-122617-0034__to__61-70970-0029.wav,/Users/davidmillard/Downloads/eval/freevc/target/1320-122617-0034_to_61-70970-0029_target.flac,True,0.3650625348091125,3.542194128036499
164,our_SB_1,1320/122617/1320-122617-0036.flac,2300/131720/2300-131720-0039.flac,1320-122617-0036,2300-131720-0039,/Users/davidmillard/Downloads/eval/our_SB_1/1320-122617-0036__to__2300-131720-0039.wav,/Users/davidmillard/Downloads/eval/freevc/target/1320-122617-0036_to_2300-131720-0039_target.flac,True,0.2732498347759247,3.2612242698669434
165,our_SB_1,1320/122617/1320-122617-0038.flac,61/70970/61-70970-0012.flac,1320-122617-0038,61-70970-0012,/Users/davidmillard/Downloads/eval/our_SB_1/1320-122617-0038__to__61-70970-0012.wav,/Users/davidmillard/Downloads/eval/freevc/target/1320-122617-0038_to_61-70970-0012_target.flac,True,0.2960694134235382,2.89351749420166
166,our_SB_1,1320/122617/1320-122617-0040.flac,1580/141084/1580-141084-0028.flac,1320-122617-0040,1580-141084-0028,/Users/davidmillard/Downloads/eval/our_SB_1/1320-122617-0040__to__1580-141084-0028.wav,/Users/davidmillard/Downloads/eval/freevc/target/1320-122617-0040_to_1580-141084-0028_target.flac,True,0.5083053112030029,3.28658390045166
167,our_SB_1,1580/141083/1580-141083-0000.flac,7021/79740/7021-79740-0001.flac,1580-141083-0000,7021-79740-0001,/Users/davidmillard/Downloads/eval/our_SB_1/1580-141083-0000__to__7021-79740-0001.wav,/Users/davidmillard/Downloads/eval/freevc/target/1580-141083-0000_to_7021-79740-0001_target.flac,True,0.2414545118808746,3.174912929534912
168,our_SB_1,1580/141083/1580-141083-0002.flac,5683/32866/5683-32866-0023.flac,1580-141083-0002,5683-32866-0023,/Users/davidmillard/Downloads/eval/our_SB_1/1580-141083-0002__to__5683-32866-0023.wav,/Users/davidmillard/Downloads/eval/freevc/target/1580-141083-0002_to_5683-32866-0023_target.flac,True,0.1374977231025695,2.8496246337890625
169,our_SB_1,1580/141083/1580-141083-0004.flac,4992/41797/4992-41797-0000.flac,1580-141083-0004,4992-41797-0000,/Users/davidmillard/Downloads/eval/our_SB_1/1580-141083-0004__to__4992-41797-0000.wav,/Users/davidmillard/Downloads/eval/freevc/target/1580-141083-0004_to_4992-41797-0000_target.flac,True,0.3967520594596863,3.0108602046966553
170,our_SB_1,1580/141083/1580-141083-0006.flac,672/122797/672-122797-0032.flac,1580-141083-0006,672-122797-0032,/Users/davidmillard/Downloads/eval/our_SB_1/1580-141083-0006__to__672-122797-0032.wav,/Users/davidmillard/Downloads/eval/freevc/target/1580-141083-0006_to_672-122797-0032_target.flac,True,0.256635457277298,3.2613110542297363
171,our_SB_1,1580/141083/1580-141083-0008.flac,1188/133604/1188-133604-0034.flac,1580-141083-0008,1188-133604-0034,/Users/davidmillard/Downloads/eval/our_SB_1/1580-141083-0008__to__1188-133604-0034.wav,/Users/davidmillard/Downloads/eval/freevc/target/1580-141083-0008_to_1188-133604-0034_target.flac,True,0.2672280371189117,2.9598889350891113
172,our_SB_1,1580/141083/1580-141083-0010.flac,3575/170457/3575-170457-0041.flac,1580-141083-0010,3575-170457-0041,/Users/davidmillard/Downloads/eval/our_SB_1/1580-141083-0010__to__3575-170457-0041.wav,/Users/davidmillard/Downloads/eval/freevc/target/1580-141083-0010_to_3575-170457-0041_target.flac,True,0.329966127872467,2.823392391204834
173,our_SB_1,1580/141083/1580-141083-0012.flac,121/127105/121-127105-0023.flac,1580-141083-0012,121-127105-0023,/Users/davidmillard/Downloads/eval/our_SB_1/1580-141083-0012__to__121-127105-0023.wav,/Users/davidmillard/Downloads/eval/freevc/target/1580-141083-0012_to_121-127105-0023_target.flac,True,0.2287057638168335,3.6814217567443848
174,our_SB_1,1580/141083/1580-141083-0014.flac,2961/960/2961-960-0001.flac,1580-141083-0014,2961-960-0001,/Users/davidmillard/Downloads/eval/our_SB_1/1580-141083-0014__to__2961-960-0001.wav,/Users/davidmillard/Downloads/eval/freevc/target/1580-141083-0014_to_2961-960-0001_target.flac,True,0.1924648433923721,3.2416529655456543
175,our_SB_1,1580/141083/1580-141083-0016.flac,2300/131720/2300-131720-0030.flac,1580-141083-0016,2300-131720-0030,/Users/davidmillard/Downloads/eval/our_SB_1/1580-141083-0016__to__2300-131720-0030.wav,/Users/davidmillard/Downloads/eval/freevc/target/1580-141083-0016_to_2300-131720-0030_target.flac,True,0.2478109896183014,3.777780294418335
176,our_SB_1,1580/141083/1580-141083-0018.flac,3570/5695/3570-5695-0006.flac,1580-141083-0018,3570-5695-0006,/Users/davidmillard/Downloads/eval/our_SB_1/1580-141083-0018__to__3570-5695-0006.wav,/Users/davidmillard/Downloads/eval/freevc/target/1580-141083-0018_to_3570-5695-0006_target.flac,True,0.2164600193500518,2.8070080280303955
177,our_SB_1,1580/141083/1580-141083-0020.flac,260/123440/260-123440-0016.flac,1580-141083-0020,260-123440-0016,/Users/davidmillard/Downloads/eval/our_SB_1/1580-141083-0020__to__260-123440-0016.wav,/Users/davidmillard/Downloads/eval/freevc/target/1580-141083-0020_to_260-123440-0016_target.flac,True,0.398525059223175,3.2420921325683594
178,our_SB_1,1580/141083/1580-141083-0022.flac,2094/142345/2094-142345-0049.flac,1580-141083-0022,2094-142345-0049,/Users/davidmillard/Downloads/eval/our_SB_1/1580-141083-0022__to__2094-142345-0049.wav,/Users/davidmillard/Downloads/eval/freevc/target/1580-141083-0022_to_2094-142345-0049_target.flac,True,0.4228579103946686,2.7910287380218506
179,our_SB_1,1580/141083/1580-141083-0024.flac,1995/1826/1995-1826-0003.flac,1580-141083-0024,1995-1826-0003,/Users/davidmillard/Downloads/eval/our_SB_1/1580-141083-0024__to__1995-1826-0003.wav,/Users/davidmillard/Downloads/eval/freevc/target/1580-141083-0024_to_1995-1826-0003_target.flac,True,0.0511810705065727,3.2841598987579346
180,our_SB_1,1580/141083/1580-141083-0026.flac,5683/32879/5683-32879-0001.flac,1580-141083-0026,5683-32879-0001,/Users/davidmillard/Downloads/eval/our_SB_1/1580-141083-0026__to__5683-32879-0001.wav,/Users/davidmillard/Downloads/eval/freevc/target/1580-141083-0026_to_5683-32879-0001_target.flac,True,0.0651824921369552,3.319565534591675
181,our_SB_1,1580/141083/1580-141083-0028.flac,8555/284449/8555-284449-0019.flac,1580-141083-0028,8555-284449-0019,/Users/davidmillard/Downloads/eval/our_SB_1/1580-141083-0028__to__8555-284449-0019.wav,/Users/davidmillard/Downloads/eval/freevc/target/1580-141083-0028_to_8555-284449-0019_target.flac,True,0.0902370661497116,3.7426462173461914
182,our_SB_1,1580/141083/1580-141083-0030.flac,4970/29095/4970-29095-0030.flac,1580-141083-0030,4970-29095-0030,/Users/davidmillard/Downloads/eval/our_SB_1/1580-141083-0030__to__4970-29095-0030.wav,/Users/davidmillard/Downloads/eval/freevc/target/1580-141083-0030_to_4970-29095-0030_target.flac,True,0.2733072340488434,3.3993654251098633
183,our_SB_1,1580/141083/1580-141083-0032.flac,2094/142345/2094-142345-0050.flac,1580-141083-0032,2094-142345-0050,/Users/davidmillard/Downloads/eval/our_SB_1/1580-141083-0032__to__2094-142345-0050.wav,/Users/davidmillard/Downloads/eval/freevc/target/1580-141083-0032_to_2094-142345-0050_target.flac,True,0.3538770377635956,3.737736701965332
184,our_SB_1,1580/141083/1580-141083-0034.flac,5142/33396/5142-33396-0068.flac,1580-141083-0034,5142-33396-0068,/Users/davidmillard/Downloads/eval/our_SB_1/1580-141083-0034__to__5142-33396-0068.wav,/Users/davidmillard/Downloads/eval/freevc/target/1580-141083-0034_to_5142-33396-0068_target.flac,True,0.1946122646331787,3.4801673889160156
185,our_SB_1,1580/141083/1580-141083-0036.flac,5639/40744/5639-40744-0004.flac,1580-141083-0036,5639-40744-0004,/Users/davidmillard/Downloads/eval/our_SB_1/1580-141083-0036__to__5639-40744-0004.wav,/Users/davidmillard/Downloads/eval/freevc/target/1580-141083-0036_to_5639-40744-0004_target.flac,True,0.3687014579772949,3.0934441089630127
186,our_SB_1,1580/141083/1580-141083-0038.flac,5105/28233/5105-28233-0000.flac,1580-141083-0038,5105-28233-0000,/Users/davidmillard/Downloads/eval/our_SB_1/1580-141083-0038__to__5105-28233-0000.wav,/Users/davidmillard/Downloads/eval/freevc/target/1580-141083-0038_to_5105-28233-0000_target.flac,True,0.3132449984550476,3.095740795135498
187,our_SB_1,1580/141083/1580-141083-0040.flac,1995/1837/1995-1837-0013.flac,1580-141083-0040,1995-1837-0013,/Users/davidmillard/Downloads/eval/our_SB_1/1580-141083-0040__to__1995-1837-0013.wav,/Users/davidmillard/Downloads/eval/freevc/target/1580-141083-0040_to_1995-1837-0013_target.flac,True,0.2864072918891907,3.6800413131713867
188,our_SB_1,1580/141083/1580-141083-0042.flac,7021/85628/7021-85628-0014.flac,1580-141083-0042,7021-85628-0014,/Users/davidmillard/Downloads/eval/our_SB_1/1580-141083-0042__to__7021-85628-0014.wav,/Users/davidmillard/Downloads/eval/freevc/target/1580-141083-0042_to_7021-85628-0014_target.flac,True,0.3150578737258911,3.3592727184295654
189,our_SB_1,1580/141083/1580-141083-0044.flac,2830/3980/2830-3980-0053.flac,1580-141083-0044,2830-3980-0053,/Users/davidmillard/Downloads/eval/our_SB_1/1580-141083-0044__to__2830-3980-0053.wav,/Users/davidmillard/Downloads/eval/freevc/target/1580-141083-0044_to_2830-3980-0053_target.flac,True,0.3072810173034668,2.770392656326294
190,our_SB_1,1580/141083/1580-141083-0046.flac,8230/279154/8230-279154-0030.flac,1580-141083-0046,8230-279154-0030,/Users/davidmillard/Downloads/eval/our_SB_1/1580-141083-0046__to__8230-279154-0030.wav,/Users/davidmillard/Downloads/eval/freevc/target/1580-141083-0046_to_8230-279154-0030_target.flac,True,0.4743126034736633,3.1748857498168945
191,our_SB_1,1580/141083/1580-141083-0048.flac,8555/284447/8555-284447-0017.flac,1580-141083-0048,8555-284447-0017,/Users/davidmillard/Downloads/eval/our_SB_1/1580-141083-0048__to__8555-284447-0017.wav,/Users/davidmillard/Downloads/eval/freevc/target/1580-141083-0048_to_8555-284447-0017_target.flac,True,0.2135767191648483,3.971712112426758
192,our_SB_1,1580/141083/1580-141083-0050.flac,3729/6852/3729-6852-0005.flac,1580-141083-0050,3729-6852-0005,/Users/davidmillard/Downloads/eval/our_SB_1/1580-141083-0050__to__3729-6852-0005.wav,/Users/davidmillard/Downloads/eval/freevc/target/1580-141083-0050_to_3729-6852-0005_target.flac,True,0.3937478065490722,3.3936595916748047
193,our_SB_1,1580/141083/1580-141083-0052.flac,3729/6852/3729-6852-0029.flac,1580-141083-0052,3729-6852-0029,/Users/davidmillard/Downloads/eval/our_SB_1/1580-141083-0052__to__3729-6852-0029.wav,/Users/davidmillard/Downloads/eval/freevc/target/1580-141083-0052_to_3729-6852-0029_target.flac,True,0.3226122260093689,2.5192360877990723
194,our_SB_1,1580/141084/1580-141084-0000.flac,5105/28233/5105-28233-0001.flac,1580-141084-0000,5105-28233-0001,/Users/davidmillard/Downloads/eval/our_SB_1/1580-141084-0000__to__5105-28233-0001.wav,/Users/davidmillard/Downloads/eval/freevc/target/1580-141084-0000_to_5105-28233-0001_target.flac,True,0.4996253848075866,3.6248741149902344
195,our_SB_1,1580/141084/1580-141084-0002.flac,2830/3980/2830-3980-0049.flac,1580-141084-0002,2830-3980-0049,/Users/davidmillard/Downloads/eval/our_SB_1/1580-141084-0002__to__2830-3980-0049.wav,/Users/davidmillard/Downloads/eval/freevc/target/1580-141084-0002_to_2830-3980-0049_target.flac,True,0.4903953671455383,2.702575922012329
196,our_SB_1,1580/141084/1580-141084-0004.flac,4077/13751/4077-13751-0021.flac,1580-141084-0004,4077-13751-0021,/Users/davidmillard/Downloads/eval/our_SB_1/1580-141084-0004__to__4077-13751-0021.wav,/Users/davidmillard/Downloads/eval/freevc/target/1580-141084-0004_to_4077-13751-0021_target.flac,True,0.4551053047180176,3.4992010593414307
197,our_SB_1,1580/141084/1580-141084-0006.flac,4446/2275/4446-2275-0009.flac,1580-141084-0006,4446-2275-0009,/Users/davidmillard/Downloads/eval/our_SB_1/1580-141084-0006__to__4446-2275-0009.wav,/Users/davidmillard/Downloads/eval/freevc/target/1580-141084-0006_to_4446-2275-0009_target.flac,True,0.1813471317291259,3.146376848220825
198,our_SB_1,1580/141084/1580-141084-0008.flac,1320/122612/1320-122612-0015.flac,1580-141084-0008,1320-122612-0015,/Users/davidmillard/Downloads/eval/our_SB_1/1580-141084-0008__to__1320-122612-0015.wav,/Users/davidmillard/Downloads/eval/freevc/target/1580-141084-0008_to_1320-122612-0015_target.flac,True,0.3547877073287964,3.3694169521331787
199,our_SB_1,1580/141084/1580-141084-0010.flac,8455/210777/8455-210777-0030.flac,1580-141084-0010,8455-210777-0030,/Users/davidmillard/Downloads/eval/our_SB_1/1580-141084-0010__to__8455-210777-0030.wav,/Users/davidmillard/Downloads/eval/freevc/target/1580-141084-0010_to_8455-210777-0030_target.flac,True,0.3562706708908081,3.1884894371032715
200,our_SB_1,1580/141084/1580-141084-0012.flac,6930/75918/6930-75918-0002.flac,1580-141084-0012,6930-75918-0002,/Users/davidmillard/Downloads/eval/our_SB_1/1580-141084-0012__to__6930-75918-0002.wav,/Users/davidmillard/Downloads/eval/freevc/target/1580-141084-0012_to_6930-75918-0002_target.flac,True,0.2960401773452759,2.388875961303711
201,our_SB_1,1580/141084/1580-141084-0014.flac,3575/170457/3575-170457-0025.flac,1580-141084-0014,3575-170457-0025,/Users/davidmillard/Downloads/eval/our_SB_1/1580-141084-0014__to__3575-170457-0025.wav,/Users/davidmillard/Downloads/eval/freevc/target/1580-141084-0014_to_3575-170457-0025_target.flac,True,0.2693439126014709,3.3662612438201904
202,our_SB_1,1580/141084/1580-141084-0016.flac,8555/284447/8555-284447-0023.flac,1580-141084-0016,8555-284447-0023,/Users/davidmillard/Downloads/eval/our_SB_1/1580-141084-0016__to__8555-284447-0023.wav,/Users/davidmillard/Downloads/eval/freevc/target/1580-141084-0016_to_8555-284447-0023_target.flac,True,0.0562670975923538,3.2680933475494385
203,our_SB_1,1580/141084/1580-141084-0018.flac,8224/274384/8224-274384-0004.flac,1580-141084-0018,8224-274384-0004,/Users/davidmillard/Downloads/eval/our_SB_1/1580-141084-0018__to__8224-274384-0004.wav,/Users/davidmillard/Downloads/eval/freevc/target/1580-141084-0018_to_8224-274384-0004_target.flac,True,0.3918150067329407,2.9520814418792725
204,our_SB_1,1580/141084/1580-141084-0020.flac,5105/28240/5105-28240-0011.flac,1580-141084-0020,5105-28240-0011,/Users/davidmillard/Downloads/eval/our_SB_1/1580-141084-0020__to__5105-28240-0011.wav,/Users/davidmillard/Downloads/eval/freevc/target/1580-141084-0020_to_5105-28240-0011_target.flac,True,0.3154452741146087,3.1472244262695312
205,our_SB_1,1580/141084/1580-141084-0022.flac,4970/29093/4970-29093-0016.flac,1580-141084-0022,4970-29093-0016,/Users/davidmillard/Downloads/eval/our_SB_1/1580-141084-0022__to__4970-29093-0016.wav,/Users/davidmillard/Downloads/eval/freevc/target/1580-141084-0022_to_4970-29093-0016_target.flac,True,0.1619799584150314,4.053857803344727
206,our_SB_1,1580/141084/1580-141084-0024.flac,2961/960/2961-960-0020.flac,1580-141084-0024,2961-960-0020,/Users/davidmillard/Downloads/eval/our_SB_1/1580-141084-0024__to__2961-960-0020.wav,/Users/davidmillard/Downloads/eval/freevc/target/1580-141084-0024_to_2961-960-0020_target.flac,True,0.2218089252710342,3.2729885578155518
207,our_SB_1,1580/141084/1580-141084-0026.flac,8230/279154/8230-279154-0011.flac,1580-141084-0026,8230-279154-0011,/Users/davidmillard/Downloads/eval/our_SB_1/1580-141084-0026__to__8230-279154-0011.wav,/Users/davidmillard/Downloads/eval/freevc/target/1580-141084-0026_to_8230-279154-0011_target.flac,True,0.4740014672279358,2.992995023727417
208,our_SB_1,1580/141084/1580-141084-0028.flac,7127/75947/7127-75947-0005.flac,1580-141084-0028,7127-75947-0005,/Users/davidmillard/Downloads/eval/our_SB_1/1580-141084-0028__to__7127-75947-0005.wav,/Users/davidmillard/Downloads/eval/freevc/target/1580-141084-0028_to_7127-75947-0005_target.flac,True,0.2773098647594452,2.968524694442749
209,our_SB_1,1580/141084/1580-141084-0030.flac,8224/274384/8224-274384-0000.flac,1580-141084-0030,8224-274384-0000,/Users/davidmillard/Downloads/eval/our_SB_1/1580-141084-0030__to__8224-274384-0000.wav,/Users/davidmillard/Downloads/eval/freevc/target/1580-141084-0030_to_8224-274384-0000_target.flac,True,0.2942412197589874,3.474893569946289
210,our_SB_1,1580/141084/1580-141084-0032.flac,4507/16021/4507-16021-0014.flac,1580-141084-0032,4507-16021-0014,/Users/davidmillard/Downloads/eval/our_SB_1/1580-141084-0032__to__4507-16021-0014.wav,/Users/davidmillard/Downloads/eval/freevc/target/1580-141084-0032_to_4507-16021-0014_target.flac,True,0.4382985830307007,3.826171398162842
211,our_SB_1,1580/141084/1580-141084-0034.flac,4970/29093/4970-29093-0000.flac,1580-141084-0034,4970-29093-0000,/Users/davidmillard/Downloads/eval/our_SB_1/1580-141084-0034__to__4970-29093-0000.wav,/Users/davidmillard/Downloads/eval/freevc/target/1580-141084-0034_to_4970-29093-0000_target.flac,True,0.2320678234100341,3.6595826148986816
212,our_SB_1,1580/141084/1580-141084-0036.flac,4446/2271/4446-2271-0005.flac,1580-141084-0036,4446-2271-0005,/Users/davidmillard/Downloads/eval/our_SB_1/1580-141084-0036__to__4446-2271-0005.wav,/Users/davidmillard/Downloads/eval/freevc/target/1580-141084-0036_to_4446-2271-0005_target.flac,True,0.1668638586997985,3.2657229900360107
213,our_SB_1,1580/141084/1580-141084-0038.flac,4507/16021/4507-16021-0044.flac,1580-141084-0038,4507-16021-0044,/Users/davidmillard/Downloads/eval/our_SB_1/1580-141084-0038__to__4507-16021-0044.wav,/Users/davidmillard/Downloads/eval/freevc/target/1580-141084-0038_to_4507-16021-0044_target.flac,True,0.2902605831623077,3.3034963607788086
214,our_SB_1,1580/141084/1580-141084-0040.flac,7176/88083/7176-88083-0013.flac,1580-141084-0040,7176-88083-0013,/Users/davidmillard/Downloads/eval/our_SB_1/1580-141084-0040__to__7176-88083-0013.wav,/Users/davidmillard/Downloads/eval/freevc/target/1580-141084-0040_to_7176-88083-0013_target.flac,True,0.3277022540569305,3.127713441848755
215,our_SB_1,1580/141084/1580-141084-0042.flac,7127/75947/7127-75947-0031.flac,1580-141084-0042,7127-75947-0031,/Users/davidmillard/Downloads/eval/our_SB_1/1580-141084-0042__to__7127-75947-0031.wav,/Users/davidmillard/Downloads/eval/freevc/target/1580-141084-0042_to_7127-75947-0031_target.flac,True,0.3037769794464111,3.261565923690796
216,our_SB_1,1580/141084/1580-141084-0044.flac,2830/3979/2830-3979-0006.flac,1580-141084-0044,2830-3979-0006,/Users/davidmillard/Downloads/eval/our_SB_1/1580-141084-0044__to__2830-3979-0006.wav,/Users/davidmillard/Downloads/eval/freevc/target/1580-141084-0044_to_2830-3979-0006_target.flac,True,0.3920910358428955,2.483935594558716
217,our_SB_1,1580/141084/1580-141084-0046.flac,2094/142345/2094-142345-0052.flac,1580-141084-0046,2094-142345-0052,/Users/davidmillard/Downloads/eval/our_SB_1/1580-141084-0046__to__2094-142345-0052.wav,/Users/davidmillard/Downloads/eval/freevc/target/1580-141084-0046_to_2094-142345-0052_target.flac,True,0.3335237205028534,3.7910969257354736
218,our_SB_1,1580/141084/1580-141084-0048.flac,7176/88083/7176-88083-0009.flac,1580-141084-0048,7176-88083-0009,/Users/davidmillard/Downloads/eval/our_SB_1/1580-141084-0048__to__7176-88083-0009.wav,/Users/davidmillard/Downloads/eval/freevc/target/1580-141084-0048_to_7176-88083-0009_target.flac,True,0.2748116850852966,3.117548942565918
219,our_SB_1,1580/141084/1580-141084-0050.flac,237/126133/237-126133-0019.flac,1580-141084-0050,237-126133-0019,/Users/davidmillard/Downloads/eval/our_SB_1/1580-141084-0050__to__237-126133-0019.wav,/Users/davidmillard/Downloads/eval/freevc/target/1580-141084-0050_to_237-126133-0019_target.flac,True,0.395861804485321,3.9395596981048584
220,our_SB_1,1995/1826/1995-1826-0001.flac,1320/122612/1320-122612-0015.flac,1995-1826-0001,1320-122612-0015,/Users/davidmillard/Downloads/eval/our_SB_1/1995-1826-0001__to__1320-122612-0015.wav,/Users/davidmillard/Downloads/eval/freevc/target/1995-1826-0001_to_1320-122612-0015_target.flac,True,0.4959761500358581,2.716163396835327
221,our_SB_1,1995/1826/1995-1826-0003.flac,672/122797/672-122797-0028.flac,1995-1826-0003,672-122797-0028,/Users/davidmillard/Downloads/eval/our_SB_1/1995-1826-0003__to__672-122797-0028.wav,/Users/davidmillard/Downloads/eval/freevc/target/1995-1826-0003_to_672-122797-0028_target.flac,True,0.3212341964244842,2.7365102767944336
222,our_SB_1,1995/1826/1995-1826-0005.flac,6930/81414/6930-81414-0006.flac,1995-1826-0005,6930-81414-0006,/Users/davidmillard/Downloads/eval/our_SB_1/1995-1826-0005__to__6930-81414-0006.wav,/Users/davidmillard/Downloads/eval/freevc/target/1995-1826-0005_to_6930-81414-0006_target.flac,True,0.190945416688919,2.835127353668213
223,our_SB_1,1995/1826/1995-1826-0007.flac,8555/284449/8555-284449-0002.flac,1995-1826-0007,8555-284449-0002,/Users/davidmillard/Downloads/eval/our_SB_1/1995-1826-0007__to__8555-284449-0002.wav,/Users/davidmillard/Downloads/eval/freevc/target/1995-1826-0007_to_8555-284449-0002_target.flac,True,0.1246464177966117,3.3838210105895996
224,our_SB_1,1995/1826/1995-1826-0009.flac,1221/135767/1221-135767-0023.flac,1995-1826-0009,1221-135767-0023,/Users/davidmillard/Downloads/eval/our_SB_1/1995-1826-0009__to__1221-135767-0023.wav,/Users/davidmillard/Downloads/eval/freevc/target/1995-1826-0009_to_1221-135767-0023_target.flac,True,0.282060444355011,3.5501251220703125
225,our_SB_1,1995/1826/1995-1826-0011.flac,3570/5696/3570-5696-0001.flac,1995-1826-0011,3570-5696-0001,/Users/davidmillard/Downloads/eval/our_SB_1/1995-1826-0011__to__3570-5696-0001.wav,/Users/davidmillard/Downloads/eval/freevc/target/1995-1826-0011_to_3570-5696-0001_target.flac,True,0.4068777561187744,3.545747756958008
226,our_SB_1,1995/1826/1995-1826-0013.flac,1320/122612/1320-122612-0010.flac,1995-1826-0013,1320-122612-0010,/Users/davidmillard/Downloads/eval/our_SB_1/1995-1826-0013__to__1320-122612-0010.wav,/Users/davidmillard/Downloads/eval/freevc/target/1995-1826-0013_to_1320-122612-0010_target.flac,True,0.4472276568412781,3.030985116958618
227,our_SB_1,1995/1826/1995-1826-0015.flac,8455/210777/8455-210777-0009.flac,1995-1826-0015,8455-210777-0009,/Users/davidmillard/Downloads/eval/our_SB_1/1995-1826-0015__to__8455-210777-0009.wav,/Users/davidmillard/Downloads/eval/freevc/target/1995-1826-0015_to_8455-210777-0009_target.flac,True,0.1912615895271301,3.535405158996582
228,our_SB_1,1995/1826/1995-1826-0017.flac,672/122797/672-122797-0057.flac,1995-1826-0017,672-122797-0057,/Users/davidmillard/Downloads/eval/our_SB_1/1995-1826-0017__to__672-122797-0057.wav,/Users/davidmillard/Downloads/eval/freevc/target/1995-1826-0017_to_672-122797-0057_target.flac,True,0.3430987000465393,3.232369899749756
229,our_SB_1,1995/1826/1995-1826-0019.flac,4507/16021/4507-16021-0002.flac,1995-1826-0019,4507-16021-0002,/Users/davidmillard/Downloads/eval/our_SB_1/1995-1826-0019__to__4507-16021-0002.wav,/Users/davidmillard/Downloads/eval/freevc/target/1995-1826-0019_to_4507-16021-0002_target.flac,True,0.2503357529640198,3.008755922317505
230,our_SB_1,1995/1826/1995-1826-0021.flac,4507/16021/4507-16021-0044.flac,1995-1826-0021,4507-16021-0044,/Users/davidmillard/Downloads/eval/our_SB_1/1995-1826-0021__to__4507-16021-0044.wav,/Users/davidmillard/Downloads/eval/freevc/target/1995-1826-0021_to_4507-16021-0044_target.flac,True,0.3197110891342163,3.2925209999084473
231,our_SB_1,1995/1826/1995-1826-0023.flac,3575/170457/3575-170457-0016.flac,1995-1826-0023,3575-170457-0016,/Users/davidmillard/Downloads/eval/our_SB_1/1995-1826-0023__to__3575-170457-0016.wav,/Users/davidmillard/Downloads/eval/freevc/target/1995-1826-0023_to_3575-170457-0016_target.flac,True,0.1435554772615432,2.972240447998047
232,our_SB_1,1995/1826/1995-1826-0025.flac,2961/961/2961-961-0004.flac,1995-1826-0025,2961-961-0004,/Users/davidmillard/Downloads/eval/our_SB_1/1995-1826-0025__to__2961-961-0004.wav,/Users/davidmillard/Downloads/eval/freevc/target/1995-1826-0025_to_2961-961-0004_target.flac,True,0.2271865308284759,2.578538656234741
233,our_SB_1,1995/1836/1995-1836-0000.flac,3575/170457/3575-170457-0041.flac,1995-1836-0000,3575-170457-0041,/Users/davidmillard/Downloads/eval/our_SB_1/1995-1836-0000__to__3575-170457-0041.wav,/Users/davidmillard/Downloads/eval/freevc/target/1995-1836-0000_to_3575-170457-0041_target.flac,True,0.3110700845718384,3.201005220413208
234,our_SB_1,1995/1836/1995-1836-0002.flac,237/126133/237-126133-0009.flac,1995-1836-0002,237-126133-0009,/Users/davidmillard/Downloads/eval/our_SB_1/1995-1836-0002__to__237-126133-0009.wav,/Users/davidmillard/Downloads/eval/freevc/target/1995-1836-0002_to_237-126133-0009_target.flac,True,0.3104576766490936,3.526503562927246
235,our_SB_1,1995/1836/1995-1836-0004.flac,4970/29095/4970-29095-0014.flac,1995-1836-0004,4970-29095-0014,/Users/davidmillard/Downloads/eval/our_SB_1/1995-1836-0004__to__4970-29095-0014.wav,/Users/davidmillard/Downloads/eval/freevc/target/1995-1836-0004_to_4970-29095-0014_target.flac,True,0.1815806627273559,3.028970956802368
236,our_SB_1,1995/1836/1995-1836-0006.flac,6930/75918/6930-75918-0015.flac,1995-1836-0006,6930-75918-0015,/Users/davidmillard/Downloads/eval/our_SB_1/1995-1836-0006__to__6930-75918-0015.wav,/Users/davidmillard/Downloads/eval/freevc/target/1995-1836-0006_to_6930-75918-0015_target.flac,True,0.2715901136398315,3.1783242225646973
237,our_SB_1,1995/1836/1995-1836-0008.flac,4970/29095/4970-29095-0020.flac,1995-1836-0008,4970-29095-0020,/Users/davidmillard/Downloads/eval/our_SB_1/1995-1836-0008__to__4970-29095-0020.wav,/Users/davidmillard/Downloads/eval/freevc/target/1995-1836-0008_to_4970-29095-0020_target.flac,True,0.1624252051115036,3.304692268371582
238,our_SB_1,1995/1836/1995-1836-0010.flac,7729/102255/7729-102255-0034.flac,1995-1836-0010,7729-102255-0034,/Users/davidmillard/Downloads/eval/our_SB_1/1995-1836-0010__to__7729-102255-0034.wav,/Users/davidmillard/Downloads/eval/freevc/target/1995-1836-0010_to_7729-102255-0034_target.flac,True,0.1862117648124694,3.267915964126587
239,our_SB_1,1995/1836/1995-1836-0012.flac,1320/122617/1320-122617-0021.flac,1995-1836-0012,1320-122617-0021,/Users/davidmillard/Downloads/eval/our_SB_1/1995-1836-0012__to__1320-122617-0021.wav,/Users/davidmillard/Downloads/eval/freevc/target/1995-1836-0012_to_1320-122617-0021_target.flac,True,0.1998277008533477,2.3830056190490723
240,our_SB_1,1995/1836/1995-1836-0014.flac,6829/68769/6829-68769-0041.flac,1995-1836-0014,6829-68769-0041,/Users/davidmillard/Downloads/eval/our_SB_1/1995-1836-0014__to__6829-68769-0041.wav,/Users/davidmillard/Downloads/eval/freevc/target/1995-1836-0014_to_6829-68769-0041_target.flac,True,0.2083163112401962,3.5749945640563965
241,our_SB_1,1995/1837/1995-1837-0001.flac,1188/133604/1188-133604-0005.flac,1995-1837-0001,1188-133604-0005,/Users/davidmillard/Downloads/eval/our_SB_1/1995-1837-0001__to__1188-133604-0005.wav,/Users/davidmillard/Downloads/eval/freevc/target/1995-1837-0001_to_1188-133604-0005_target.flac,True,0.3042855262756347,3.0030579566955566
242,our_SB_1,1995/1837/1995-1837-0003.flac,8463/287645/8463-287645-0002.flac,1995-1837-0003,8463-287645-0002,/Users/davidmillard/Downloads/eval/our_SB_1/1995-1837-0003__to__8463-287645-0002.wav,/Users/davidmillard/Downloads/eval/freevc/target/1995-1837-0003_to_8463-287645-0002_target.flac,True,0.2567648291587829,3.2831413745880127
243,our_SB_1,1995/1837/1995-1837-0005.flac,121/127105/121-127105-0023.flac,1995-1837-0005,121-127105-0023,/Users/davidmillard/Downloads/eval/our_SB_1/1995-1837-0005__to__121-127105-0023.wav,/Users/davidmillard/Downloads/eval/freevc/target/1995-1837-0005_to_121-127105-0023_target.flac,True,0.4036911129951477,3.007760524749756
244,our_SB_1,1995/1837/1995-1837-0007.flac,8224/274384/8224-274384-0010.flac,1995-1837-0007,8224-274384-0010,/Users/davidmillard/Downloads/eval/our_SB_1/1995-1837-0007__to__8224-274384-0010.wav,/Users/davidmillard/Downloads/eval/freevc/target/1995-1837-0007_to_8224-274384-0010_target.flac,True,0.3441953659057617,2.9215664863586426
245,our_SB_1,1995/1837/1995-1837-0009.flac,8555/284449/8555-284449-0002.flac,1995-1837-0009,8555-284449-0002,/Users/davidmillard/Downloads/eval/our_SB_1/1995-1837-0009__to__8555-284449-0002.wav,/Users/davidmillard/Downloads/eval/freevc/target/1995-1837-0009_to_8555-284449-0002_target.flac,True,0.2371102422475814,3.6546764373779297
246,our_SB_1,1995/1837/1995-1837-0011.flac,7127/75947/7127-75947-0014.flac,1995-1837-0011,7127-75947-0014,/Users/davidmillard/Downloads/eval/our_SB_1/1995-1837-0011__to__7127-75947-0014.wav,/Users/davidmillard/Downloads/eval/freevc/target/1995-1837-0011_to_7127-75947-0014_target.flac,True,0.2848436832427978,3.3701813220977783
247,our_SB_1,1995/1837/1995-1837-0013.flac,4992/41797/4992-41797-0021.flac,1995-1837-0013,4992-41797-0021,/Users/davidmillard/Downloads/eval/our_SB_1/1995-1837-0013__to__4992-41797-0021.wav,/Users/davidmillard/Downloads/eval/freevc/target/1995-1837-0013_to_4992-41797-0021_target.flac,True,0.2018367648124694,3.3981056213378906
248,our_SB_1,1995/1837/1995-1837-0015.flac,5105/28240/5105-28240-0015.flac,1995-1837-0015,5105-28240-0015,/Users/davidmillard/Downloads/eval/our_SB_1/1995-1837-0015__to__5105-28240-0015.wav,/Users/davidmillard/Downloads/eval/freevc/target/1995-1837-0015_to_5105-28240-0015_target.flac,True,0.3784283101558685,2.9785852432250977
249,our_SB_1,1995/1837/1995-1837-0017.flac,61/70970/61-70970-0034.flac,1995-1837-0017,61-70970-0034,/Users/davidmillard/Downloads/eval/our_SB_1/1995-1837-0017__to__61-70970-0034.wav,/Users/davidmillard/Downloads/eval/freevc/target/1995-1837-0017_to_61-70970-0034_target.flac,True,0.2354502528905868,3.03753399848938
250,our_SB_1,1995/1837/1995-1837-0019.flac,7021/79730/7021-79730-0005.flac,1995-1837-0019,7021-79730-0005,/Users/davidmillard/Downloads/eval/our_SB_1/1995-1837-0019__to__7021-79730-0005.wav,/Users/davidmillard/Downloads/eval/freevc/target/1995-1837-0019_to_7021-79730-0005_target.flac,True,0.1007271111011505,3.3104119300842285
251,our_SB_1,1995/1837/1995-1837-0021.flac,4992/23283/4992-23283-0007.flac,1995-1837-0021,4992-23283-0007,/Users/davidmillard/Downloads/eval/our_SB_1/1995-1837-0021__to__4992-23283-0007.wav,/Users/davidmillard/Downloads/eval/freevc/target/1995-1837-0021_to_4992-23283-0007_target.flac,True,0.2652241587638855,2.9782791137695312
252,our_SB_1,1995/1837/1995-1837-0023.flac,1089/134691/1089-134691-0021.flac,1995-1837-0023,1089-134691-0021,/Users/davidmillard/Downloads/eval/our_SB_1/1995-1837-0023__to__1089-134691-0021.wav,/Users/davidmillard/Downloads/eval/freevc/target/1995-1837-0023_to_1089-134691-0021_target.flac,True,0.5002249479293823,3.3751869201660156
253,our_SB_1,1995/1837/1995-1837-0025.flac,2961/961/2961-961-0010.flac,1995-1837-0025,2961-961-0010,/Users/davidmillard/Downloads/eval/our_SB_1/1995-1837-0025__to__2961-961-0010.wav,/Users/davidmillard/Downloads/eval/freevc/target/1995-1837-0025_to_2961-961-0010_target.flac,True,0.1751434355974197,3.029881000518799
254,our_SB_1,1995/1837/1995-1837-0027.flac,7176/92135/7176-92135-0028.flac,1995-1837-0027,7176-92135-0028,/Users/davidmillard/Downloads/eval/our_SB_1/1995-1837-0027__to__7176-92135-0028.wav,/Users/davidmillard/Downloads/eval/freevc/target/1995-1837-0027_to_7176-92135-0028_target.flac,True,0.2744930386543274,2.7914719581604004
255,our_SB_1,1995/1837/1995-1837-0029.flac,4446/2275/4446-2275-0008.flac,1995-1837-0029,4446-2275-0008,/Users/davidmillard/Downloads/eval/our_SB_1/1995-1837-0029__to__4446-2275-0008.wav,/Users/davidmillard/Downloads/eval/freevc/target/1995-1837-0029_to_4446-2275-0008_target.flac,True,0.3022452592849731,2.744180679321289
256,our_SB_1,2094/142345/2094-142345-0001.flac,6930/81414/6930-81414-0012.flac,2094-142345-0001,6930-81414-0012,/Users/davidmillard/Downloads/eval/our_SB_1/2094-142345-0001__to__6930-81414-0012.wav,/Users/davidmillard/Downloads/eval/freevc/target/2094-142345-0001_to_6930-81414-0012_target.flac,True,0.2512050271034241,3.2239952087402344
257,our_SB_1,2094/142345/2094-142345-0003.flac,908/31957/908-31957-0020.flac,2094-142345-0003,908-31957-0020,/Users/davidmillard/Downloads/eval/our_SB_1/2094-142345-0003__to__908-31957-0020.wav,/Users/davidmillard/Downloads/eval/freevc/target/2094-142345-0003_to_908-31957-0020_target.flac,True,0.3828085958957672,3.130035638809204
258,our_SB_1,2094/142345/2094-142345-0005.flac,260/123288/260-123288-0007.flac,2094-142345-0005,260-123288-0007,/Users/davidmillard/Downloads/eval/our_SB_1/2094-142345-0005__to__260-123288-0007.wav,/Users/davidmillard/Downloads/eval/freevc/target/2094-142345-0005_to_260-123288-0007_target.flac,True,0.4097658991813659,3.1118123531341553
259,our_SB_1,2094/142345/2094-142345-0007.flac,8455/210777/8455-210777-0052.flac,2094-142345-0007,8455-210777-0052,/Users/davidmillard/Downloads/eval/our_SB_1/2094-142345-0007__to__8455-210777-0052.wav,/Users/davidmillard/Downloads/eval/freevc/target/2094-142345-0007_to_8455-210777-0052_target.flac,True,0.0775219351053237,3.5008199214935303
260,our_SB_1,2094/142345/2094-142345-0009.flac,1995/1837/1995-1837-0017.flac,2094-142345-0009,1995-1837-0017,/Users/davidmillard/Downloads/eval/our_SB_1/2094-142345-0009__to__1995-1837-0017.wav,/Users/davidmillard/Downloads/eval/freevc/target/2094-142345-0009_to_1995-1837-0017_target.flac,True,0.4860538244247436,3.234607458114624
261,our_SB_1,2094/142345/2094-142345-0011.flac,7176/92135/7176-92135-0009.flac,2094-142345-0011,7176-92135-0009,/Users/davidmillard/Downloads/eval/our_SB_1/2094-142345-0011__to__7176-92135-0009.wav,/Users/davidmillard/Downloads/eval/freevc/target/2094-142345-0011_to_7176-92135-0009_target.flac,True,0.3180807828903198,3.1483049392700195
262,our_SB_1,2094/142345/2094-142345-0013.flac,4446/2273/4446-2273-0028.flac,2094-142345-0013,4446-2273-0028,/Users/davidmillard/Downloads/eval/our_SB_1/2094-142345-0013__to__4446-2273-0028.wav,/Users/davidmillard/Downloads/eval/freevc/target/2094-142345-0013_to_4446-2273-0028_target.flac,True,0.4455691874027252,3.4364724159240723
263,our_SB_1,2094/142345/2094-142345-0015.flac,3729/6852/3729-6852-0029.flac,2094-142345-0015,3729-6852-0029,/Users/davidmillard/Downloads/eval/our_SB_1/2094-142345-0015__to__3729-6852-0029.wav,/Users/davidmillard/Downloads/eval/freevc/target/2094-142345-0015_to_3729-6852-0029_target.flac,True,0.4280767738819122,3.679291248321533
264,our_SB_1,2094/142345/2094-142345-0017.flac,5683/32866/5683-32866-0006.flac,2094-142345-0017,5683-32866-0006,/Users/davidmillard/Downloads/eval/our_SB_1/2094-142345-0017__to__5683-32866-0006.wav,/Users/davidmillard/Downloads/eval/freevc/target/2094-142345-0017_to_5683-32866-0006_target.flac,True,0.2434754073619842,3.3487861156463623
265,our_SB_1,2094/142345/2094-142345-0019.flac,2300/131720/2300-131720-0004.flac,2094-142345-0019,2300-131720-0004,/Users/davidmillard/Downloads/eval/our_SB_1/2094-142345-0019__to__2300-131720-0004.wav,/Users/davidmillard/Downloads/eval/freevc/target/2094-142345-0019_to_2300-131720-0004_target.flac,True,0.3344930708408355,2.8045542240142822
266,our_SB_1,2094/142345/2094-142345-0021.flac,672/122797/672-122797-0043.flac,2094-142345-0021,672-122797-0043,/Users/davidmillard/Downloads/eval/our_SB_1/2094-142345-0021__to__672-122797-0043.wav,/Users/davidmillard/Downloads/eval/freevc/target/2094-142345-0021_to_672-122797-0043_target.flac,True,0.2626169919967651,3.4217495918273926
267,our_SB_1,2094/142345/2094-142345-0023.flac,1089/134686/1089-134686-0036.flac,2094-142345-0023,1089-134686-0036,/Users/davidmillard/Downloads/eval/our_SB_1/2094-142345-0023__to__1089-134686-0036.wav,/Users/davidmillard/Downloads/eval/freevc/target/2094-142345-0023_to_1089-134686-0036_target.flac,True,0.3078086972236633,2.8885490894317627
268,our_SB_1,2094/142345/2094-142345-0025.flac,8555/284449/8555-284449-0012.flac,2094-142345-0025,8555-284449-0012,/Users/davidmillard/Downloads/eval/our_SB_1/2094-142345-0025__to__8555-284449-0012.wav,/Users/davidmillard/Downloads/eval/freevc/target/2094-142345-0025_to_8555-284449-0012_target.flac,True,0.1561674624681472,3.0342307090759277
269,our_SB_1,2094/142345/2094-142345-0027.flac,6930/81414/6930-81414-0018.flac,2094-142345-0027,6930-81414-0018,/Users/davidmillard/Downloads/eval/our_SB_1/2094-142345-0027__to__6930-81414-0018.wav,/Users/davidmillard/Downloads/eval/freevc/target/2094-142345-0027_to_6930-81414-0018_target.flac,True,0.2370280623435974,3.0286693572998047
270,our_SB_1,2094/142345/2094-142345-0029.flac,5105/28240/5105-28240-0024.flac,2094-142345-0029,5105-28240-0024,/Users/davidmillard/Downloads/eval/our_SB_1/2094-142345-0029__to__5105-28240-0024.wav,/Users/davidmillard/Downloads/eval/freevc/target/2094-142345-0029_to_5105-28240-0024_target.flac,True,0.474536120891571,3.5371174812316895
271,our_SB_1,2094/142345/2094-142345-0031.flac,7021/79740/7021-79740-0010.flac,2094-142345-0031,7021-79740-0010,/Users/davidmillard/Downloads/eval/our_SB_1/2094-142345-0031__to__7021-79740-0010.wav,/Users/davidmillard/Downloads/eval/freevc/target/2094-142345-0031_to_7021-79740-0010_target.flac,True,0.2096874415874481,3.477766990661621
272,our_SB_1,2094/142345/2094-142345-0033.flac,3729/6852/3729-6852-0036.flac,2094-142345-0033,3729-6852-0036,/Users/davidmillard/Downloads/eval/our_SB_1/2094-142345-0033__to__3729-6852-0036.wav,/Users/davidmillard/Downloads/eval/freevc/target/2094-142345-0033_to_3729-6852-0036_target.flac,True,0.4094805419445038,3.756956100463867
273,our_SB_1,2094/142345/2094-142345-0035.flac,672/122797/672-122797-0005.flac,2094-142345-0035,672-122797-0005,/Users/davidmillard/Downloads/eval/our_SB_1/2094-142345-0035__to__672-122797-0005.wav,/Users/davidmillard/Downloads/eval/freevc/target/2094-142345-0035_to_672-122797-0005_target.flac,True,0.2602580189704895,3.8980519771575928
274,our_SB_1,2094/142345/2094-142345-0037.flac,7127/75947/7127-75947-0018.flac,2094-142345-0037,7127-75947-0018,/Users/davidmillard/Downloads/eval/our_SB_1/2094-142345-0037__to__7127-75947-0018.wav,/Users/davidmillard/Downloads/eval/freevc/target/2094-142345-0037_to_7127-75947-0018_target.flac,True,0.328324556350708,3.821974754333496
275,our_SB_1,2094/142345/2094-142345-0039.flac,7176/88083/7176-88083-0004.flac,2094-142345-0039,7176-88083-0004,/Users/davidmillard/Downloads/eval/our_SB_1/2094-142345-0039__to__7176-88083-0004.wav,/Users/davidmillard/Downloads/eval/freevc/target/2094-142345-0039_to_7176-88083-0004_target.flac,True,0.3534289896488189,3.1628823280334473
276,our_SB_1,2094/142345/2094-142345-0041.flac,8555/284447/8555-284447-0021.flac,2094-142345-0041,8555-284447-0021,/Users/davidmillard/Downloads/eval/our_SB_1/2094-142345-0041__to__8555-284447-0021.wav,/Users/davidmillard/Downloads/eval/freevc/target/2094-142345-0041_to_8555-284447-0021_target.flac,True,0.2462321668863296,3.087017297744751
277,our_SB_1,2094/142345/2094-142345-0043.flac,1580/141084/1580-141084-0013.flac,2094-142345-0043,1580-141084-0013,/Users/davidmillard/Downloads/eval/our_SB_1/2094-142345-0043__to__1580-141084-0013.wav,/Users/davidmillard/Downloads/eval/freevc/target/2094-142345-0043_to_1580-141084-0013_target.flac,True,0.4593656361103058,3.15116286277771
278,our_SB_1,2094/142345/2094-142345-0045.flac,237/134500/237-134500-0007.flac,2094-142345-0045,237-134500-0007,/Users/davidmillard/Downloads/eval/our_SB_1/2094-142345-0045__to__237-134500-0007.wav,/Users/davidmillard/Downloads/eval/freevc/target/2094-142345-0045_to_237-134500-0007_target.flac,True,0.2131380587816238,3.268820285797119
279,our_SB_1,2094/142345/2094-142345-0047.flac,7127/75947/7127-75947-0003.flac,2094-142345-0047,7127-75947-0003,/Users/davidmillard/Downloads/eval/our_SB_1/2094-142345-0047__to__7127-75947-0003.wav,/Users/davidmillard/Downloads/eval/freevc/target/2094-142345-0047_to_7127-75947-0003_target.flac,True,0.2493186593055725,3.3708221912384033
280,our_SB_1,2094/142345/2094-142345-0049.flac,61/70970/61-70970-0020.flac,2094-142345-0049,61-70970-0020,/Users/davidmillard/Downloads/eval/our_SB_1/2094-142345-0049__to__61-70970-0020.wav,/Users/davidmillard/Downloads/eval/freevc/target/2094-142345-0049_to_61-70970-0020_target.flac,True,0.4131482541561126,3.63747501373291
281,our_SB_1,2094/142345/2094-142345-0051.flac,5105/28241/5105-28241-0018.flac,2094-142345-0051,5105-28241-0018,/Users/davidmillard/Downloads/eval/our_SB_1/2094-142345-0051__to__5105-28241-0018.wav,/Users/davidmillard/Downloads/eval/freevc/target/2094-142345-0051_to_5105-28241-0018_target.flac,True,0.4740721583366394,3.4190621376037598
282,our_SB_1,2094/142345/2094-142345-0053.flac,4992/41797/4992-41797-0019.flac,2094-142345-0053,4992-41797-0019,/Users/davidmillard/Downloads/eval/our_SB_1/2094-142345-0053__to__4992-41797-0019.wav,/Users/davidmillard/Downloads/eval/freevc/target/2094-142345-0053_to_4992-41797-0019_target.flac,True,0.3761466443538666,3.6726455688476562
283,our_SB_1,2094/142345/2094-142345-0055.flac,121/127105/121-127105-0014.flac,2094-142345-0055,121-127105-0014,/Users/davidmillard/Downloads/eval/our_SB_1/2094-142345-0055__to__121-127105-0014.wav,/Users/davidmillard/Downloads/eval/freevc/target/2094-142345-0055_to_121-127105-0014_target.flac,True,0.0259021688252687,3.6683433055877686
284,our_SB_1,2094/142345/2094-142345-0057.flac,4507/16021/4507-16021-0014.flac,2094-142345-0057,4507-16021-0014,/Users/davidmillard/Downloads/eval/our_SB_1/2094-142345-0057__to__4507-16021-0014.wav,/Users/davidmillard/Downloads/eval/freevc/target/2094-142345-0057_to_4507-16021-0014_target.flac,True,0.5386075377464294,3.413411855697632
285,our_SB_1,2094/142345/2094-142345-0059.flac,1580/141084/1580-141084-0043.flac,2094-142345-0059,1580-141084-0043,/Users/davidmillard/Downloads/eval/our_SB_1/2094-142345-0059__to__1580-141084-0043.wav,/Users/davidmillard/Downloads/eval/freevc/target/2094-142345-0059_to_1580-141084-0043_target.flac,True,0.3811879754066467,3.360652208328247
286,our_SB_1,2300/131720/2300-131720-0000.flac,260/123288/260-123288-0006.flac,2300-131720-0000,260-123288-0006,/Users/davidmillard/Downloads/eval/our_SB_1/2300-131720-0000__to__260-123288-0006.wav,/Users/davidmillard/Downloads/eval/freevc/target/2300-131720-0000_to_260-123288-0006_target.flac,True,0.0608578510582447,2.562432289123535
287,our_SB_1,2300/131720/2300-131720-0002.flac,4992/41806/4992-41806-0006.flac,2300-131720-0002,4992-41806-0006,/Users/davidmillard/Downloads/eval/our_SB_1/2300-131720-0002__to__4992-41806-0006.wav,/Users/davidmillard/Downloads/eval/freevc/target/2300-131720-0002_to_4992-41806-0006_target.flac,True,0.3744489848613739,3.0523946285247803
288,our_SB_1,2300/131720/2300-131720-0004.flac,5142/33396/5142-33396-0047.flac,2300-131720-0004,5142-33396-0047,/Users/davidmillard/Downloads/eval/our_SB_1/2300-131720-0004__to__5142-33396-0047.wav,/Users/davidmillard/Downloads/eval/freevc/target/2300-131720-0004_to_5142-33396-0047_target.flac,True,0.2480304986238479,3.0936667919158936
289,our_SB_1,2300/131720/2300-131720-0006.flac,3729/6852/3729-6852-0033.flac,2300-131720-0006,3729-6852-0033,/Users/davidmillard/Downloads/eval/our_SB_1/2300-131720-0006__to__3729-6852-0033.wav,/Users/davidmillard/Downloads/eval/freevc/target/2300-131720-0006_to_3729-6852-0033_target.flac,True,0.2966100871562958,3.572567939758301
290,our_SB_1,2300/131720/2300-131720-0008.flac,2830/3980/2830-3980-0008.flac,2300-131720-0008,2830-3980-0008,/Users/davidmillard/Downloads/eval/our_SB_1/2300-131720-0008__to__2830-3980-0008.wav,/Users/davidmillard/Downloads/eval/freevc/target/2300-131720-0008_to_2830-3980-0008_target.flac,True,0.3342127501964569,3.2925379276275635
291,our_SB_1,2300/131720/2300-131720-0010.flac,5683/32866/5683-32866-0012.flac,2300-131720-0010,5683-32866-0012,/Users/davidmillard/Downloads/eval/our_SB_1/2300-131720-0010__to__5683-32866-0012.wav,/Users/davidmillard/Downloads/eval/freevc/target/2300-131720-0010_to_5683-32866-0012_target.flac,True,0.3572981059551239,3.59747314453125
292,our_SB_1,2300/131720/2300-131720-0012.flac,3575/170457/3575-170457-0029.flac,2300-131720-0012,3575-170457-0029,/Users/davidmillard/Downloads/eval/our_SB_1/2300-131720-0012__to__3575-170457-0029.wav,/Users/davidmillard/Downloads/eval/freevc/target/2300-131720-0012_to_3575-170457-0029_target.flac,True,0.139902725815773,3.4019646644592285
293,our_SB_1,2300/131720/2300-131720-0014.flac,4077/13751/4077-13751-0000.flac,2300-131720-0014,4077-13751-0000,/Users/davidmillard/Downloads/eval/our_SB_1/2300-131720-0014__to__4077-13751-0000.wav,/Users/davidmillard/Downloads/eval/freevc/target/2300-131720-0014_to_4077-13751-0000_target.flac,True,0.3171055912971496,2.876842737197876
294,our_SB_1,2300/131720/2300-131720-0016.flac,4507/16021/4507-16021-0043.flac,2300-131720-0016,4507-16021-0043,/Users/davidmillard/Downloads/eval/our_SB_1/2300-131720-0016__to__4507-16021-0043.wav,/Users/davidmillard/Downloads/eval/freevc/target/2300-131720-0016_to_4507-16021-0043_target.flac,True,0.3665854036808014,3.215794324874878
295,our_SB_1,2300/131720/2300-131720-0018.flac,1284/1180/1284-1180-0028.flac,2300-131720-0018,1284-1180-0028,/Users/davidmillard/Downloads/eval/our_SB_1/2300-131720-0018__to__1284-1180-0028.wav,/Users/davidmillard/Downloads/eval/freevc/target/2300-131720-0018_to_1284-1180-0028_target.flac,True,0.3415281474590301,3.344351291656494
296,our_SB_1,2300/131720/2300-131720-0020.flac,4970/29095/4970-29095-0016.flac,2300-131720-0020,4970-29095-0016,/Users/davidmillard/Downloads/eval/our_SB_1/2300-131720-0020__to__4970-29095-0016.wav,/Users/davidmillard/Downloads/eval/freevc/target/2300-131720-0020_to_4970-29095-0016_target.flac,True,0.1612690538167953,3.38874888420105
297,our_SB_1,2300/131720/2300-131720-0022.flac,4077/13754/4077-13754-0007.flac,2300-131720-0022,4077-13754-0007,/Users/davidmillard/Downloads/eval/our_SB_1/2300-131720-0022__to__4077-13754-0007.wav,/Users/davidmillard/Downloads/eval/freevc/target/2300-131720-0022_to_4077-13754-0007_target.flac,True,0.4047564268112182,2.7412309646606445
298,our_SB_1,2300/131720/2300-131720-0024.flac,5683/32879/5683-32879-0012.flac,2300-131720-0024,5683-32879-0012,/Users/davidmillard/Downloads/eval/our_SB_1/2300-131720-0024__to__5683-32879-0012.wav,/Users/davidmillard/Downloads/eval/freevc/target/2300-131720-0024_to_5683-32879-0012_target.flac,True,0.2213312983512878,3.0554447174072266
299,our_SB_1,2300/131720/2300-131720-0026.flac,5683/32879/5683-32879-0024.flac,2300-131720-0026,5683-32879-0024,/Users/davidmillard/Downloads/eval/our_SB_1/2300-131720-0026__to__5683-32879-0024.wav,/Users/davidmillard/Downloads/eval/freevc/target/2300-131720-0026_to_5683-32879-0024_target.flac,True,0.3838825821876526,2.8802425861358643
300,our_SB_1,2300/131720/2300-131720-0028.flac,4507/16021/4507-16021-0044.flac,2300-131720-0028,4507-16021-0044,/Users/davidmillard/Downloads/eval/our_SB_1/2300-131720-0028__to__4507-16021-0044.wav,/Users/davidmillard/Downloads/eval/freevc/target/2300-131720-0028_to_4507-16021-0044_target.flac,True,0.2774581611156463,2.9108612537384033
301,our_SB_1,2300/131720/2300-131720-0030.flac,61/70968/61-70968-0035.flac,2300-131720-0030,61-70968-0035,/Users/davidmillard/Downloads/eval/our_SB_1/2300-131720-0030__to__61-70968-0035.wav,/Users/davidmillard/Downloads/eval/freevc/target/2300-131720-0030_to_61-70968-0035_target.flac,True,0.4917891025543213,3.3715620040893555
302,our_SB_1,2300/131720/2300-131720-0032.flac,908/31957/908-31957-0016.flac,2300-131720-0032,908-31957-0016,/Users/davidmillard/Downloads/eval/our_SB_1/2300-131720-0032__to__908-31957-0016.wav,/Users/davidmillard/Downloads/eval/freevc/target/2300-131720-0032_to_908-31957-0016_target.flac,True,0.2370791286230087,3.432565450668335
303,our_SB_1,2300/131720/2300-131720-0034.flac,3575/170457/3575-170457-0038.flac,2300-131720-0034,3575-170457-0038,/Users/davidmillard/Downloads/eval/our_SB_1/2300-131720-0034__to__3575-170457-0038.wav,/Users/davidmillard/Downloads/eval/freevc/target/2300-131720-0034_to_3575-170457-0038_target.flac,True,0.1732141673564911,3.1006526947021484
304,our_SB_1,2300/131720/2300-131720-0036.flac,2961/961/2961-961-0016.flac,2300-131720-0036,2961-961-0016,/Users/davidmillard/Downloads/eval/our_SB_1/2300-131720-0036__to__2961-961-0016.wav,/Users/davidmillard/Downloads/eval/freevc/target/2300-131720-0036_to_2961-961-0016_target.flac,True,0.2735762000083923,3.209181785583496
305,our_SB_1,2300/131720/2300-131720-0038.flac,1580/141084/1580-141084-0026.flac,2300-131720-0038,1580-141084-0026,/Users/davidmillard/Downloads/eval/our_SB_1/2300-131720-0038__to__1580-141084-0026.wav,/Users/davidmillard/Downloads/eval/freevc/target/2300-131720-0038_to_1580-141084-0026_target.flac,True,0.305762767791748,3.7942986488342285
306,our_SB_1,2300/131720/2300-131720-0040.flac,6930/75918/6930-75918-0004.flac,2300-131720-0040,6930-75918-0004,/Users/davidmillard/Downloads/eval/our_SB_1/2300-131720-0040__to__6930-75918-0004.wav,/Users/davidmillard/Downloads/eval/freevc/target/2300-131720-0040_to_6930-75918-0004_target.flac,True,0.1987334489822387,2.3728253841400146
307,our_SB_1,237/126133/237-126133-0000.flac,2094/142345/2094-142345-0005.flac,237-126133-0000,2094-142345-0005,/Users/davidmillard/Downloads/eval/our_SB_1/237-126133-0000__to__2094-142345-0005.wav,/Users/davidmillard/Downloads/eval/freevc/target/237-126133-0000_to_2094-142345-0005_target.flac,True,0.4099922180175781,3.405500650405884
308,our_SB_1,237/126133/237-126133-0002.flac,672/122797/672-122797-0022.flac,237-126133-0002,672-122797-0022,/Users/davidmillard/Downloads/eval/our_SB_1/237-126133-0002__to__672-122797-0022.wav,/Users/davidmillard/Downloads/eval/freevc/target/237-126133-0002_to_672-122797-0022_target.flac,True,0.353162407875061,3.12650990486145
309,our_SB_1,237/126133/237-126133-0004.flac,8230/279154/8230-279154-0023.flac,237-126133-0004,8230-279154-0023,/Users/davidmillard/Downloads/eval/our_SB_1/237-126133-0004__to__8230-279154-0023.wav,/Users/davidmillard/Downloads/eval/freevc/target/237-126133-0004_to_8230-279154-0023_target.flac,True,0.4584481716156006,2.7702901363372803
310,our_SB_1,237/126133/237-126133-0006.flac,260/123288/260-123288-0000.flac,237-126133-0006,260-123288-0000,/Users/davidmillard/Downloads/eval/our_SB_1/237-126133-0006__to__260-123288-0000.wav,/Users/davidmillard/Downloads/eval/freevc/target/237-126133-0006_to_260-123288-0000_target.flac,True,0.3484577536582947,3.3042755126953125
311,our_SB_1,237/126133/237-126133-0008.flac,5105/28241/5105-28241-0015.flac,237-126133-0008,5105-28241-0015,/Users/davidmillard/Downloads/eval/our_SB_1/237-126133-0008__to__5105-28241-0015.wav,/Users/davidmillard/Downloads/eval/freevc/target/237-126133-0008_to_5105-28241-0015_target.flac,True,0.4736678600311279,2.0318479537963867
312,our_SB_1,237/126133/237-126133-0010.flac,1284/1180/1284-1180-0009.flac,237-126133-0010,1284-1180-0009,/Users/davidmillard/Downloads/eval/our_SB_1/237-126133-0010__to__1284-1180-0009.wav,/Users/davidmillard/Downloads/eval/freevc/target/237-126133-0010_to_1284-1180-0009_target.flac,True,0.4859201908111572,3.164900779724121
313,our_SB_1,237/126133/237-126133-0012.flac,61/70970/61-70970-0039.flac,237-126133-0012,61-70970-0039,/Users/davidmillard/Downloads/eval/our_SB_1/237-126133-0012__to__61-70970-0039.wav,/Users/davidmillard/Downloads/eval/freevc/target/237-126133-0012_to_61-70970-0039_target.flac,True,0.2455109655857086,3.0545341968536377
314,our_SB_1,237/126133/237-126133-0014.flac,1320/122617/1320-122617-0033.flac,237-126133-0014,1320-122617-0033,/Users/davidmillard/Downloads/eval/our_SB_1/237-126133-0014__to__1320-122617-0033.wav,/Users/davidmillard/Downloads/eval/freevc/target/237-126133-0014_to_1320-122617-0033_target.flac,True,0.4649507105350494,2.5780675411224365
315,our_SB_1,237/126133/237-126133-0016.flac,4077/13754/4077-13754-0012.flac,237-126133-0016,4077-13754-0012,/Users/davidmillard/Downloads/eval/our_SB_1/237-126133-0016__to__4077-13754-0012.wav,/Users/davidmillard/Downloads/eval/freevc/target/237-126133-0016_to_4077-13754-0012_target.flac,True,0.3854509592056274,3.3197078704833984
316,our_SB_1,237/126133/237-126133-0018.flac,5639/40744/5639-40744-0016.flac,237-126133-0018,5639-40744-0016,/Users/davidmillard/Downloads/eval/our_SB_1/237-126133-0018__to__5639-40744-0016.wav,/Users/davidmillard/Downloads/eval/freevc/target/237-126133-0018_to_5639-40744-0016_target.flac,True,0.435819923877716,3.4056615829467773
317,our_SB_1,237/126133/237-126133-0020.flac,5639/40744/5639-40744-0006.flac,237-126133-0020,5639-40744-0006,/Users/davidmillard/Downloads/eval/our_SB_1/237-126133-0020__to__5639-40744-0006.wav,/Users/davidmillard/Downloads/eval/freevc/target/237-126133-0020_to_5639-40744-0006_target.flac,True,0.3685657680034637,2.7802846431732178
318,our_SB_1,237/126133/237-126133-0022.flac,1188/133604/1188-133604-0039.flac,237-126133-0022,1188-133604-0039,/Users/davidmillard/Downloads/eval/our_SB_1/237-126133-0022__to__1188-133604-0039.wav,/Users/davidmillard/Downloads/eval/freevc/target/237-126133-0022_to_1188-133604-0039_target.flac,True,0.395228624343872,3.0484070777893066
319,our_SB_1,237/126133/237-126133-0024.flac,3575/170457/3575-170457-0041.flac,237-126133-0024,3575-170457-0041,/Users/davidmillard/Downloads/eval/our_SB_1/237-126133-0024__to__3575-170457-0041.wav,/Users/davidmillard/Downloads/eval/freevc/target/237-126133-0024_to_3575-170457-0041_target.flac,True,0.4211238026618957,3.572458267211914
320,our_SB_1,237/134493/237-134493-0000.flac,7021/85628/7021-85628-0027.flac,237-134493-0000,7021-85628-0027,/Users/davidmillard/Downloads/eval/our_SB_1/237-134493-0000__to__7021-85628-0027.wav,/Users/davidmillard/Downloads/eval/freevc/target/237-134493-0000_to_7021-85628-0027_target.flac,True,0.3474323749542236,3.312854528427124
321,our_SB_1,237/134493/237-134493-0002.flac,672/122797/672-122797-0014.flac,237-134493-0002,672-122797-0014,/Users/davidmillard/Downloads/eval/our_SB_1/237-134493-0002__to__672-122797-0014.wav,/Users/davidmillard/Downloads/eval/freevc/target/237-134493-0002_to_672-122797-0014_target.flac,True,0.2720575630664825,2.9729669094085693
322,our_SB_1,237/134493/237-134493-0004.flac,121/123852/121-123852-0004.flac,237-134493-0004,121-123852-0004,/Users/davidmillard/Downloads/eval/our_SB_1/237-134493-0004__to__121-123852-0004.wav,/Users/davidmillard/Downloads/eval/freevc/target/237-134493-0004_to_121-123852-0004_target.flac,True,0.3559063673019409,2.8256382942199707
323,our_SB_1,237/134493/237-134493-0006.flac,1580/141083/1580-141083-0030.flac,237-134493-0006,1580-141083-0030,/Users/davidmillard/Downloads/eval/our_SB_1/237-134493-0006__to__1580-141083-0030.wav,/Users/davidmillard/Downloads/eval/freevc/target/237-134493-0006_to_1580-141083-0030_target.flac,True,0.3658579885959625,3.0250725746154785
324,our_SB_1,237/134493/237-134493-0008.flac,5683/32879/5683-32879-0009.flac,237-134493-0008,5683-32879-0009,/Users/davidmillard/Downloads/eval/our_SB_1/237-134493-0008__to__5683-32879-0009.wav,/Users/davidmillard/Downloads/eval/freevc/target/237-134493-0008_to_5683-32879-0009_target.flac,True,0.292241632938385,2.5275802612304688
325,our_SB_1,237/134493/237-134493-0010.flac,672/122797/672-122797-0019.flac,237-134493-0010,672-122797-0019,/Users/davidmillard/Downloads/eval/our_SB_1/237-134493-0010__to__672-122797-0019.wav,/Users/davidmillard/Downloads/eval/freevc/target/237-134493-0010_to_672-122797-0019_target.flac,True,0.2486829906702041,3.3066647052764893
326,our_SB_1,237/134493/237-134493-0012.flac,7176/92135/7176-92135-0024.flac,237-134493-0012,7176-92135-0024,/Users/davidmillard/Downloads/eval/our_SB_1/237-134493-0012__to__7176-92135-0024.wav,/Users/davidmillard/Downloads/eval/freevc/target/237-134493-0012_to_7176-92135-0024_target.flac,True,0.3300502300262451,2.59208607673645
327,our_SB_1,237/134493/237-134493-0014.flac,5639/40744/5639-40744-0013.flac,237-134493-0014,5639-40744-0013,/Users/davidmillard/Downloads/eval/our_SB_1/237-134493-0014__to__5639-40744-0013.wav,/Users/davidmillard/Downloads/eval/freevc/target/237-134493-0014_to_5639-40744-0013_target.flac,True,0.5466288328170776,3.3933663368225098
328,our_SB_1,237/134493/237-134493-0016.flac,3729/6852/3729-6852-0023.flac,237-134493-0016,3729-6852-0023,/Users/davidmillard/Downloads/eval/our_SB_1/237-134493-0016__to__3729-6852-0023.wav,/Users/davidmillard/Downloads/eval/freevc/target/237-134493-0016_to_3729-6852-0023_target.flac,True,0.5356348156929016,3.5151050090789795
329,our_SB_1,237/134493/237-134493-0018.flac,5639/40744/5639-40744-0034.flac,237-134493-0018,5639-40744-0034,/Users/davidmillard/Downloads/eval/our_SB_1/237-134493-0018__to__5639-40744-0034.wav,/Users/davidmillard/Downloads/eval/freevc/target/237-134493-0018_to_5639-40744-0034_target.flac,True,0.4304383397102356,3.2584686279296875
330,our_SB_1,237/134500/237-134500-0001.flac,61/70968/61-70968-0035.flac,237-134500-0001,61-70968-0035,/Users/davidmillard/Downloads/eval/our_SB_1/237-134500-0001__to__61-70968-0035.wav,/Users/davidmillard/Downloads/eval/freevc/target/237-134500-0001_to_61-70968-0035_target.flac,True,0.2672276496887207,2.8708441257476807
331,our_SB_1,237/134500/237-134500-0003.flac,7021/79730/7021-79730-0005.flac,237-134500-0003,7021-79730-0005,/Users/davidmillard/Downloads/eval/our_SB_1/237-134500-0003__to__7021-79730-0005.wav,/Users/davidmillard/Downloads/eval/freevc/target/237-134500-0003_to_7021-79730-0005_target.flac,True,0.3011868000030517,3.0238215923309326
332,our_SB_1,237/134500/237-134500-0005.flac,908/157963/908-157963-0001.flac,237-134500-0005,908-157963-0001,/Users/davidmillard/Downloads/eval/our_SB_1/237-134500-0005__to__908-157963-0001.wav,/Users/davidmillard/Downloads/eval/freevc/target/237-134500-0005_to_908-157963-0001_target.flac,True,0.0396968089044094,2.261837959289551
333,our_SB_1,237/134500/237-134500-0007.flac,3729/6852/3729-6852-0008.flac,237-134500-0007,3729-6852-0008,/Users/davidmillard/Downloads/eval/our_SB_1/237-134500-0007__to__3729-6852-0008.wav,/Users/davidmillard/Downloads/eval/freevc/target/237-134500-0007_to_3729-6852-0008_target.flac,True,0.3826490938663482,3.1906065940856934
334,our_SB_1,237/134500/237-134500-0009.flac,1284/1181/1284-1181-0020.flac,237-134500-0009,1284-1181-0020,/Users/davidmillard/Downloads/eval/our_SB_1/237-134500-0009__to__1284-1181-0020.wav,/Users/davidmillard/Downloads/eval/freevc/target/237-134500-0009_to_1284-1181-0020_target.flac,True,0.1787467896938324,3.149506092071533
335,our_SB_1,237/134500/237-134500-0011.flac,8555/284447/8555-284447-0013.flac,237-134500-0011,8555-284447-0013,/Users/davidmillard/Downloads/eval/our_SB_1/237-134500-0011__to__8555-284447-0013.wav,/Users/davidmillard/Downloads/eval/freevc/target/237-134500-0011_to_8555-284447-0013_target.flac,True,0.1955533772706985,2.9511446952819824
336,our_SB_1,237/134500/237-134500-0013.flac,2300/131720/2300-131720-0038.flac,237-134500-0013,2300-131720-0038,/Users/davidmillard/Downloads/eval/our_SB_1/237-134500-0013__to__2300-131720-0038.wav,/Users/davidmillard/Downloads/eval/freevc/target/237-134500-0013_to_2300-131720-0038_target.flac,True,0.3243994414806366,3.0420310497283936
337,our_SB_1,237/134500/237-134500-0015.flac,2300/131720/2300-131720-0008.flac,237-134500-0015,2300-131720-0008,/Users/davidmillard/Downloads/eval/our_SB_1/237-134500-0015__to__2300-131720-0008.wav,/Users/davidmillard/Downloads/eval/freevc/target/237-134500-0015_to_2300-131720-0008_target.flac,True,0.5213212966918945,3.0200836658477783
338,our_SB_1,237/134500/237-134500-0017.flac,2830/3980/2830-3980-0001.flac,237-134500-0017,2830-3980-0001,/Users/davidmillard/Downloads/eval/our_SB_1/237-134500-0017__to__2830-3980-0001.wav,/Users/davidmillard/Downloads/eval/freevc/target/237-134500-0017_to_2830-3980-0001_target.flac,True,0.229309931397438,2.0023274421691895
339,our_SB_1,237/134500/237-134500-0019.flac,1089/134691/1089-134691-0007.flac,237-134500-0019,1089-134691-0007,/Users/davidmillard/Downloads/eval/our_SB_1/237-134500-0019__to__1089-134691-0007.wav,/Users/davidmillard/Downloads/eval/freevc/target/237-134500-0019_to_1089-134691-0007_target.flac,True,0.4263583719730377,2.5693721771240234
340,our_SB_1,237/134500/237-134500-0021.flac,4992/23283/4992-23283-0001.flac,237-134500-0021,4992-23283-0001,/Users/davidmillard/Downloads/eval/our_SB_1/237-134500-0021__to__4992-23283-0001.wav,/Users/davidmillard/Downloads/eval/freevc/target/237-134500-0021_to_4992-23283-0001_target.flac,True,0.1725878119468689,3.1052751541137695
341,our_SB_1,237/134500/237-134500-0023.flac,1221/135766/1221-135766-0008.flac,237-134500-0023,1221-135766-0008,/Users/davidmillard/Downloads/eval/our_SB_1/237-134500-0023__to__1221-135766-0008.wav,/Users/davidmillard/Downloads/eval/freevc/target/237-134500-0023_to_1221-135766-0008_target.flac,True,0.4061352610588074,3.315025568008423
342,our_SB_1,237/134500/237-134500-0025.flac,1995/1826/1995-1826-0008.flac,237-134500-0025,1995-1826-0008,/Users/davidmillard/Downloads/eval/our_SB_1/237-134500-0025__to__1995-1826-0008.wav,/Users/davidmillard/Downloads/eval/freevc/target/237-134500-0025_to_1995-1826-0008_target.flac,True,0.1023664250969886,3.5508358478546143
343,our_SB_1,237/134500/237-134500-0027.flac,5639/40744/5639-40744-0032.flac,237-134500-0027,5639-40744-0032,/Users/davidmillard/Downloads/eval/our_SB_1/237-134500-0027__to__5639-40744-0032.wav,/Users/davidmillard/Downloads/eval/freevc/target/237-134500-0027_to_5639-40744-0032_target.flac,True,0.3693920969963074,2.762909173965454
344,our_SB_1,237/134500/237-134500-0029.flac,6930/81414/6930-81414-0014.flac,237-134500-0029,6930-81414-0014,/Users/davidmillard/Downloads/eval/our_SB_1/237-134500-0029__to__6930-81414-0014.wav,/Users/davidmillard/Downloads/eval/freevc/target/237-134500-0029_to_6930-81414-0014_target.flac,True,0.1683678478002548,1.734602689743042
345,our_SB_1,237/134500/237-134500-0031.flac,121/127105/121-127105-0021.flac,237-134500-0031,121-127105-0021,/Users/davidmillard/Downloads/eval/our_SB_1/237-134500-0031__to__121-127105-0021.wav,/Users/davidmillard/Downloads/eval/freevc/target/237-134500-0031_to_121-127105-0021_target.flac,True,0.4030031859874725,2.9173431396484375
346,our_SB_1,237/134500/237-134500-0033.flac,7021/85628/7021-85628-0010.flac,237-134500-0033,7021-85628-0010,/Users/davidmillard/Downloads/eval/our_SB_1/237-134500-0033__to__7021-85628-0010.wav,/Users/davidmillard/Downloads/eval/freevc/target/237-134500-0033_to_7021-85628-0010_target.flac,True,0.4452772140502929,2.949380874633789
347,our_SB_1,237/134500/237-134500-0035.flac,7127/75947/7127-75947-0021.flac,237-134500-0035,7127-75947-0021,/Users/davidmillard/Downloads/eval/our_SB_1/237-134500-0035__to__7127-75947-0021.wav,/Users/davidmillard/Downloads/eval/freevc/target/237-134500-0035_to_7127-75947-0021_target.flac,True,0.4053083062171936,2.441556692123413
348,our_SB_1,237/134500/237-134500-0037.flac,1580/141084/1580-141084-0008.flac,237-134500-0037,1580-141084-0008,/Users/davidmillard/Downloads/eval/our_SB_1/237-134500-0037__to__1580-141084-0008.wav,/Users/davidmillard/Downloads/eval/freevc/target/237-134500-0037_to_1580-141084-0008_target.flac,True,0.4570818841457367,2.501121997833252
349,our_SB_1,237/134500/237-134500-0039.flac,1320/122617/1320-122617-0003.flac,237-134500-0039,1320-122617-0003,/Users/davidmillard/Downloads/eval/our_SB_1/237-134500-0039__to__1320-122617-0003.wav,/Users/davidmillard/Downloads/eval/freevc/target/237-134500-0039_to_1320-122617-0003_target.flac,True,0.3623450398445129,2.7507290840148926
350,our_SB_1,237/134500/237-134500-0041.flac,1284/1180/1284-1180-0008.flac,237-134500-0041,1284-1180-0008,/Users/davidmillard/Downloads/eval/our_SB_1/237-134500-0041__to__1284-1180-0008.wav,/Users/davidmillard/Downloads/eval/freevc/target/237-134500-0041_to_1284-1180-0008_target.flac,True,0.3342838883399963,3.1170058250427246
351,our_SB_1,260/123286/260-123286-0000.flac,8555/284449/8555-284449-0010.flac,260-123286-0000,8555-284449-0010,/Users/davidmillard/Downloads/eval/our_SB_1/260-123286-0000__to__8555-284449-0010.wav,/Users/davidmillard/Downloads/eval/freevc/target/260-123286-0000_to_8555-284449-0010_target.flac,True,0.1251938194036483,2.4668161869049072
352,our_SB_1,260/123286/260-123286-0002.flac,908/31957/908-31957-0002.flac,260-123286-0002,908-31957-0002,/Users/davidmillard/Downloads/eval/our_SB_1/260-123286-0002__to__908-31957-0002.wav,/Users/davidmillard/Downloads/eval/freevc/target/260-123286-0002_to_908-31957-0002_target.flac,True,0.351472407579422,2.9630398750305176
353,our_SB_1,260/123286/260-123286-0004.flac,7729/102255/7729-102255-0038.flac,260-123286-0004,7729-102255-0038,/Users/davidmillard/Downloads/eval/our_SB_1/260-123286-0004__to__7729-102255-0038.wav,/Users/davidmillard/Downloads/eval/freevc/target/260-123286-0004_to_7729-102255-0038_target.flac,True,0.3989261984825134,2.9097938537597656
354,our_SB_1,260/123286/260-123286-0006.flac,1995/1837/1995-1837-0028.flac,260-123286-0006,1995-1837-0028,/Users/davidmillard/Downloads/eval/our_SB_1/260-123286-0006__to__1995-1837-0028.wav,/Users/davidmillard/Downloads/eval/freevc/target/260-123286-0006_to_1995-1837-0028_target.flac,True,0.3307567238807678,2.785984754562378
355,our_SB_1,260/123286/260-123286-0008.flac,6930/76324/6930-76324-0008.flac,260-123286-0008,6930-76324-0008,/Users/davidmillard/Downloads/eval/our_SB_1/260-123286-0008__to__6930-76324-0008.wav,/Users/davidmillard/Downloads/eval/freevc/target/260-123286-0008_to_6930-76324-0008_target.flac,True,0.2922024726867676,3.6006174087524414
356,our_SB_1,260/123286/260-123286-0010.flac,7021/79759/7021-79759-0000.flac,260-123286-0010,7021-79759-0000,/Users/davidmillard/Downloads/eval/our_SB_1/260-123286-0010__to__7021-79759-0000.wav,/Users/davidmillard/Downloads/eval/freevc/target/260-123286-0010_to_7021-79759-0000_target.flac,True,0.3398427665233612,3.000178813934326
357,our_SB_1,260/123286/260-123286-0012.flac,4992/41797/4992-41797-0006.flac,260-123286-0012,4992-41797-0006,/Users/davidmillard/Downloads/eval/our_SB_1/260-123286-0012__to__4992-41797-0006.wav,/Users/davidmillard/Downloads/eval/freevc/target/260-123286-0012_to_4992-41797-0006_target.flac,True,0.2925855219364166,2.4740192890167236
358,our_SB_1,260/123286/260-123286-0014.flac,4077/13754/4077-13754-0001.flac,260-123286-0014,4077-13754-0001,/Users/davidmillard/Downloads/eval/our_SB_1/260-123286-0014__to__4077-13754-0001.wav,/Users/davidmillard/Downloads/eval/freevc/target/260-123286-0014_to_4077-13754-0001_target.flac,True,0.4111904799938202,2.9643008708953857
359,our_SB_1,260/123286/260-123286-0016.flac,1284/1180/1284-1180-0005.flac,260-123286-0016,1284-1180-0005,/Users/davidmillard/Downloads/eval/our_SB_1/260-123286-0016__to__1284-1180-0005.wav,/Users/davidmillard/Downloads/eval/freevc/target/260-123286-0016_to_1284-1180-0005_target.flac,True,0.3828555941581726,2.9473764896392822
360,our_SB_1,260/123286/260-123286-0018.flac,6829/68769/6829-68769-0012.flac,260-123286-0018,6829-68769-0012,/Users/davidmillard/Downloads/eval/our_SB_1/260-123286-0018__to__6829-68769-0012.wav,/Users/davidmillard/Downloads/eval/freevc/target/260-123286-0018_to_6829-68769-0012_target.flac,True,0.4416176676750183,3.3352904319763184
361,our_SB_1,260/123286/260-123286-0020.flac,8455/210777/8455-210777-0007.flac,260-123286-0020,8455-210777-0007,/Users/davidmillard/Downloads/eval/our_SB_1/260-123286-0020__to__8455-210777-0007.wav,/Users/davidmillard/Downloads/eval/freevc/target/260-123286-0020_to_8455-210777-0007_target.flac,True,0.35618656873703,3.1554877758026123
362,our_SB_1,260/123286/260-123286-0022.flac,8455/210777/8455-210777-0042.flac,260-123286-0022,8455-210777-0042,/Users/davidmillard/Downloads/eval/our_SB_1/260-123286-0022__to__8455-210777-0042.wav,/Users/davidmillard/Downloads/eval/freevc/target/260-123286-0022_to_8455-210777-0042_target.flac,True,0.1707752496004104,2.825942039489746
363,our_SB_1,260/123286/260-123286-0024.flac,5142/36377/5142-36377-0016.flac,260-123286-0024,5142-36377-0016,/Users/davidmillard/Downloads/eval/our_SB_1/260-123286-0024__to__5142-36377-0016.wav,/Users/davidmillard/Downloads/eval/freevc/target/260-123286-0024_to_5142-36377-0016_target.flac,True,0.1018517464399337,3.5270462036132812
364,our_SB_1,260/123286/260-123286-0026.flac,4507/16021/4507-16021-0038.flac,260-123286-0026,4507-16021-0038,/Users/davidmillard/Downloads/eval/our_SB_1/260-123286-0026__to__4507-16021-0038.wav,/Users/davidmillard/Downloads/eval/freevc/target/260-123286-0026_to_4507-16021-0038_target.flac,True,0.3345081806182861,2.706427574157715
365,our_SB_1,260/123286/260-123286-0028.flac,1580/141084/1580-141084-0019.flac,260-123286-0028,1580-141084-0019,/Users/davidmillard/Downloads/eval/our_SB_1/260-123286-0028__to__1580-141084-0019.wav,/Users/davidmillard/Downloads/eval/freevc/target/260-123286-0028_to_1580-141084-0019_target.flac,True,0.4260478913784027,2.9155735969543457
366,our_SB_1,260/123286/260-123286-0030.flac,2300/131720/2300-131720-0030.flac,260-123286-0030,2300-131720-0030,/Users/davidmillard/Downloads/eval/our_SB_1/260-123286-0030__to__2300-131720-0030.wav,/Users/davidmillard/Downloads/eval/freevc/target/260-123286-0030_to_2300-131720-0030_target.flac,True,0.2993201315402984,3.4368112087249756
367,our_SB_1,260/123288/260-123288-0000.flac,1580/141083/1580-141083-0044.flac,260-123288-0000,1580-141083-0044,/Users/davidmillard/Downloads/eval/our_SB_1/260-123288-0000__to__1580-141083-0044.wav,/Users/davidmillard/Downloads/eval/freevc/target/260-123288-0000_to_1580-141083-0044_target.flac,True,0.3831276893615722,2.760697603225708
368,our_SB_1,260/123288/260-123288-0002.flac,1995/1836/1995-1836-0008.flac,260-123288-0002,1995-1836-0008,/Users/davidmillard/Downloads/eval/our_SB_1/260-123288-0002__to__1995-1836-0008.wav,/Users/davidmillard/Downloads/eval/freevc/target/260-123288-0002_to_1995-1836-0008_target.flac,True,0.4238461554050445,2.9316866397857666
369,our_SB_1,260/123288/260-123288-0004.flac,6829/68771/6829-68771-0017.flac,260-123288-0004,6829-68771-0017,/Users/davidmillard/Downloads/eval/our_SB_1/260-123288-0004__to__6829-68771-0017.wav,/Users/davidmillard/Downloads/eval/freevc/target/260-123288-0004_to_6829-68771-0017_target.flac,True,0.2393215596675872,2.6308422088623047
370,our_SB_1,260/123288/260-123288-0006.flac,908/31957/908-31957-0011.flac,260-123288-0006,908-31957-0011,/Users/davidmillard/Downloads/eval/our_SB_1/260-123288-0006__to__908-31957-0011.wav,/Users/davidmillard/Downloads/eval/freevc/target/260-123288-0006_to_908-31957-0011_target.flac,True,0.2199135571718216,2.901324987411499
371,our_SB_1,260/123288/260-123288-0008.flac,2830/3980/2830-3980-0021.flac,260-123288-0008,2830-3980-0021,/Users/davidmillard/Downloads/eval/our_SB_1/260-123288-0008__to__2830-3980-0021.wav,/Users/davidmillard/Downloads/eval/freevc/target/260-123288-0008_to_2830-3980-0021_target.flac,True,0.3475717306137085,3.4666748046875
372,our_SB_1,260/123288/260-123288-0010.flac,5105/28240/5105-28240-0011.flac,260-123288-0010,5105-28240-0011,/Users/davidmillard/Downloads/eval/our_SB_1/260-123288-0010__to__5105-28240-0011.wav,/Users/davidmillard/Downloads/eval/freevc/target/260-123288-0010_to_5105-28240-0011_target.flac,True,0.3727398216724396,2.872927665710449
373,our_SB_1,260/123288/260-123288-0012.flac,2300/131720/2300-131720-0036.flac,260-123288-0012,2300-131720-0036,/Users/davidmillard/Downloads/eval/our_SB_1/260-123288-0012__to__2300-131720-0036.wav,/Users/davidmillard/Downloads/eval/freevc/target/260-123288-0012_to_2300-131720-0036_target.flac,True,0.3585177063941955,2.853099822998047
374,our_SB_1,260/123288/260-123288-0014.flac,2300/131720/2300-131720-0040.flac,260-123288-0014,2300-131720-0040,/Users/davidmillard/Downloads/eval/our_SB_1/260-123288-0014__to__2300-131720-0040.wav,/Users/davidmillard/Downloads/eval/freevc/target/260-123288-0014_to_2300-131720-0040_target.flac,True,0.3789213299751282,2.9776766300201416
375,our_SB_1,260/123288/260-123288-0016.flac,8224/274381/8224-274381-0013.flac,260-123288-0016,8224-274381-0013,/Users/davidmillard/Downloads/eval/our_SB_1/260-123288-0016__to__8224-274381-0013.wav,/Users/davidmillard/Downloads/eval/freevc/target/260-123288-0016_to_8224-274381-0013_target.flac,True,0.3532896935939789,2.784318208694458
376,our_SB_1,260/123288/260-123288-0018.flac,7021/79740/7021-79740-0011.flac,260-123288-0018,7021-79740-0011,/Users/davidmillard/Downloads/eval/our_SB_1/260-123288-0018__to__7021-79740-0011.wav,/Users/davidmillard/Downloads/eval/freevc/target/260-123288-0018_to_7021-79740-0011_target.flac,True,0.3579186797142029,2.7037367820739746
377,our_SB_1,260/123288/260-123288-0020.flac,4970/29095/4970-29095-0022.flac,260-123288-0020,4970-29095-0022,/Users/davidmillard/Downloads/eval/our_SB_1/260-123288-0020__to__4970-29095-0022.wav,/Users/davidmillard/Downloads/eval/freevc/target/260-123288-0020_to_4970-29095-0022_target.flac,True,0.1266278624534607,3.4693052768707275
378,our_SB_1,260/123288/260-123288-0022.flac,8463/287645/8463-287645-0010.flac,260-123288-0022,8463-287645-0010,/Users/davidmillard/Downloads/eval/our_SB_1/260-123288-0022__to__8463-287645-0010.wav,/Users/davidmillard/Downloads/eval/freevc/target/260-123288-0022_to_8463-287645-0010_target.flac,True,0.2054933607578277,2.7753548622131348
379,our_SB_1,260/123288/260-123288-0024.flac,237/134500/237-134500-0034.flac,260-123288-0024,237-134500-0034,/Users/davidmillard/Downloads/eval/our_SB_1/260-123288-0024__to__237-134500-0034.wav,/Users/davidmillard/Downloads/eval/freevc/target/260-123288-0024_to_237-134500-0034_target.flac,True,0.1536109000444412,3.090845823287964
380,our_SB_1,260/123288/260-123288-0026.flac,4446/2273/4446-2273-0031.flac,260-123288-0026,4446-2273-0031,/Users/davidmillard/Downloads/eval/our_SB_1/260-123288-0026__to__4446-2273-0031.wav,/Users/davidmillard/Downloads/eval/freevc/target/260-123288-0026_to_4446-2273-0031_target.flac,True,0.2088043093681335,3.2310612201690674
381,our_SB_1,260/123288/260-123288-0028.flac,908/157963/908-157963-0028.flac,260-123288-0028,908-157963-0028,/Users/davidmillard/Downloads/eval/our_SB_1/260-123288-0028__to__908-157963-0028.wav,/Users/davidmillard/Downloads/eval/freevc/target/260-123288-0028_to_908-157963-0028_target.flac,True,0.3032594919204712,2.5559253692626953
382,our_SB_1,260/123440/260-123440-0001.flac,3570/5696/3570-5696-0009.flac,260-123440-0001,3570-5696-0009,/Users/davidmillard/Downloads/eval/our_SB_1/260-123440-0001__to__3570-5696-0009.wav,/Users/davidmillard/Downloads/eval/freevc/target/260-123440-0001_to_3570-5696-0009_target.flac,True,0.1813297122716903,2.3020310401916504
383,our_SB_1,260/123440/260-123440-0003.flac,5142/33396/5142-33396-0055.flac,260-123440-0003,5142-33396-0055,/Users/davidmillard/Downloads/eval/our_SB_1/260-123440-0003__to__5142-33396-0055.wav,/Users/davidmillard/Downloads/eval/freevc/target/260-123440-0003_to_5142-33396-0055_target.flac,True,0.1716818809509277,2.8729002475738525
384,our_SB_1,260/123440/260-123440-0005.flac,8555/284449/8555-284449-0006.flac,260-123440-0005,8555-284449-0006,/Users/davidmillard/Downloads/eval/our_SB_1/260-123440-0005__to__8555-284449-0006.wav,/Users/davidmillard/Downloads/eval/freevc/target/260-123440-0005_to_8555-284449-0006_target.flac,True,0.1645419597625732,3.049954891204834
385,our_SB_1,260/123440/260-123440-0007.flac,121/121726/121-121726-0014.flac,260-123440-0007,121-121726-0014,/Users/davidmillard/Downloads/eval/our_SB_1/260-123440-0007__to__121-121726-0014.wav,/Users/davidmillard/Downloads/eval/freevc/target/260-123440-0007_to_121-121726-0014_target.flac,True,0.0993223488330841,2.178152561187744
386,our_SB_1,260/123440/260-123440-0009.flac,1221/135766/1221-135766-0000.flac,260-123440-0009,1221-135766-0000,/Users/davidmillard/Downloads/eval/our_SB_1/260-123440-0009__to__1221-135766-0000.wav,/Users/davidmillard/Downloads/eval/freevc/target/260-123440-0009_to_1221-135766-0000_target.flac,True,0.3822438418865204,2.1850228309631348
387,our_SB_1,260/123440/260-123440-0011.flac,3570/5696/3570-5696-0010.flac,260-123440-0011,3570-5696-0010,/Users/davidmillard/Downloads/eval/our_SB_1/260-123440-0011__to__3570-5696-0010.wav,/Users/davidmillard/Downloads/eval/freevc/target/260-123440-0011_to_3570-5696-0010_target.flac,True,0.2764743566513061,2.6830291748046875
388,our_SB_1,260/123440/260-123440-0013.flac,4077/13751/4077-13751-0018.flac,260-123440-0013,4077-13751-0018,/Users/davidmillard/Downloads/eval/our_SB_1/260-123440-0013__to__4077-13751-0018.wav,/Users/davidmillard/Downloads/eval/freevc/target/260-123440-0013_to_4077-13751-0018_target.flac,True,0.3865804076194763,3.2118399143218994
389,our_SB_1,260/123440/260-123440-0015.flac,1089/134691/1089-134691-0025.flac,260-123440-0015,1089-134691-0025,/Users/davidmillard/Downloads/eval/our_SB_1/260-123440-0015__to__1089-134691-0025.wav,/Users/davidmillard/Downloads/eval/freevc/target/260-123440-0015_to_1089-134691-0025_target.flac,True,0.4650385975837707,3.5461182594299316
390,our_SB_1,260/123440/260-123440-0017.flac,2094/142345/2094-142345-0024.flac,260-123440-0017,2094-142345-0024,/Users/davidmillard/Downloads/eval/our_SB_1/260-123440-0017__to__2094-142345-0024.wav,/Users/davidmillard/Downloads/eval/freevc/target/260-123440-0017_to_2094-142345-0024_target.flac,True,0.2891859710216522,2.543720245361328
391,our_SB_1,260/123440/260-123440-0019.flac,7729/102255/7729-102255-0035.flac,260-123440-0019,7729-102255-0035,/Users/davidmillard/Downloads/eval/our_SB_1/260-123440-0019__to__7729-102255-0035.wav,/Users/davidmillard/Downloads/eval/freevc/target/260-123440-0019_to_7729-102255-0035_target.flac,True,0.3056513369083404,2.7583703994750977
392,our_SB_1,2830/3979/2830-3979-0000.flac,61/70970/61-70970-0031.flac,2830-3979-0000,61-70970-0031,/Users/davidmillard/Downloads/eval/our_SB_1/2830-3979-0000__to__61-70970-0031.wav,/Users/davidmillard/Downloads/eval/freevc/target/2830-3979-0000_to_61-70970-0031_target.flac,True,0.1727003157138824,3.520599842071533
393,our_SB_1,2830/3979/2830-3979-0002.flac,1188/133604/1188-133604-0029.flac,2830-3979-0002,1188-133604-0029,/Users/davidmillard/Downloads/eval/our_SB_1/2830-3979-0002__to__1188-133604-0029.wav,/Users/davidmillard/Downloads/eval/freevc/target/2830-3979-0002_to_1188-133604-0029_target.flac,True,0.4338196516036987,3.528970718383789
394,our_SB_1,2830/3979/2830-3979-0004.flac,4992/41797/4992-41797-0015.flac,2830-3979-0004,4992-41797-0015,/Users/davidmillard/Downloads/eval/our_SB_1/2830-3979-0004__to__4992-41797-0015.wav,/Users/davidmillard/Downloads/eval/freevc/target/2830-3979-0004_to_4992-41797-0015_target.flac,True,0.3063685595989227,3.192974090576172
395,our_SB_1,2830/3979/2830-3979-0006.flac,61/70970/61-70970-0027.flac,2830-3979-0006,61-70970-0027,/Users/davidmillard/Downloads/eval/our_SB_1/2830-3979-0006__to__61-70970-0027.wav,/Users/davidmillard/Downloads/eval/freevc/target/2830-3979-0006_to_61-70970-0027_target.flac,True,0.3671999871730804,3.826209545135498
396,our_SB_1,2830/3979/2830-3979-0008.flac,1995/1837/1995-1837-0009.flac,2830-3979-0008,1995-1837-0009,/Users/davidmillard/Downloads/eval/our_SB_1/2830-3979-0008__to__1995-1837-0009.wav,/Users/davidmillard/Downloads/eval/freevc/target/2830-3979-0008_to_1995-1837-0009_target.flac,True,0.32080739736557,3.3077378273010254
397,our_SB_1,2830/3979/2830-3979-0010.flac,237/134500/237-134500-0034.flac,2830-3979-0010,237-134500-0034,/Users/davidmillard/Downloads/eval/our_SB_1/2830-3979-0010__to__237-134500-0034.wav,/Users/davidmillard/Downloads/eval/freevc/target/2830-3979-0010_to_237-134500-0034_target.flac,True,0.1245684325695037,2.6998631954193115
398,our_SB_1,2830/3979/2830-3979-0012.flac,5639/40744/5639-40744-0005.flac,2830-3979-0012,5639-40744-0005,/Users/davidmillard/Downloads/eval/our_SB_1/2830-3979-0012__to__5639-40744-0005.wav,/Users/davidmillard/Downloads/eval/freevc/target/2830-3979-0012_to_5639-40744-0005_target.flac,True,0.2813615798950195,3.241802215576172
399,our_SB_1,2830/3980/2830-3980-0001.flac,3729/6852/3729-6852-0027.flac,2830-3980-0001,3729-6852-0027,/Users/davidmillard/Downloads/eval/our_SB_1/2830-3980-0001__to__3729-6852-0027.wav,/Users/davidmillard/Downloads/eval/freevc/target/2830-3980-0001_to_3729-6852-0027_target.flac,True,0.2643354535102844,3.4195823669433594
400,our_SB_1,2830/3980/2830-3980-0003.flac,8224/274381/8224-274381-0005.flac,2830-3980-0003,8224-274381-0005,/Users/davidmillard/Downloads/eval/our_SB_1/2830-3980-0003__to__8224-274381-0005.wav,/Users/davidmillard/Downloads/eval/freevc/target/2830-3980-0003_to_8224-274381-0005_target.flac,True,0.2526715397834778,2.8344125747680664
401,our_SB_1,2830/3980/2830-3980-0005.flac,5105/28240/5105-28240-0003.flac,2830-3980-0005,5105-28240-0003,/Users/davidmillard/Downloads/eval/our_SB_1/2830-3980-0005__to__5105-28240-0003.wav,/Users/davidmillard/Downloads/eval/freevc/target/2830-3980-0005_to_5105-28240-0003_target.flac,True,0.3254084289073944,2.4549107551574707
402,our_SB_1,2830/3980/2830-3980-0007.flac,237/126133/237-126133-0009.flac,2830-3980-0007,237-126133-0009,/Users/davidmillard/Downloads/eval/our_SB_1/2830-3980-0007__to__237-126133-0009.wav,/Users/davidmillard/Downloads/eval/freevc/target/2830-3980-0007_to_237-126133-0009_target.flac,True,0.3647091388702392,3.5621566772460938
403,our_SB_1,2830/3980/2830-3980-0009.flac,1995/1837/1995-1837-0025.flac,2830-3980-0009,1995-1837-0025,/Users/davidmillard/Downloads/eval/our_SB_1/2830-3980-0009__to__1995-1837-0025.wav,/Users/davidmillard/Downloads/eval/freevc/target/2830-3980-0009_to_1995-1837-0025_target.flac,True,0.2365043312311172,3.879369020462036
404,our_SB_1,2830/3980/2830-3980-0011.flac,5142/33396/5142-33396-0044.flac,2830-3980-0011,5142-33396-0044,/Users/davidmillard/Downloads/eval/our_SB_1/2830-3980-0011__to__5142-33396-0044.wav,/Users/davidmillard/Downloads/eval/freevc/target/2830-3980-0011_to_5142-33396-0044_target.flac,True,0.2747782468795776,3.2748236656188965
405,our_SB_1,2830/3980/2830-3980-0013.flac,1580/141083/1580-141083-0018.flac,2830-3980-0013,1580-141083-0018,/Users/davidmillard/Downloads/eval/our_SB_1/2830-3980-0013__to__1580-141083-0018.wav,/Users/davidmillard/Downloads/eval/freevc/target/2830-3980-0013_to_1580-141083-0018_target.flac,True,0.4173614978790283,3.664424419403076
406,our_SB_1,2830/3980/2830-3980-0015.flac,260/123440/260-123440-0016.flac,2830-3980-0015,260-123440-0016,/Users/davidmillard/Downloads/eval/our_SB_1/2830-3980-0015__to__260-123440-0016.wav,/Users/davidmillard/Downloads/eval/freevc/target/2830-3980-0015_to_260-123440-0016_target.flac,True,0.4017404913902282,2.8092644214630127
407,our_SB_1,2830/3980/2830-3980-0017.flac,1284/1180/1284-1180-0011.flac,2830-3980-0017,1284-1180-0011,/Users/davidmillard/Downloads/eval/our_SB_1/2830-3980-0017__to__1284-1180-0011.wav,/Users/davidmillard/Downloads/eval/freevc/target/2830-3980-0017_to_1284-1180-0011_target.flac,True,0.2250123172998428,3.735330820083618
408,our_SB_1,2830/3980/2830-3980-0019.flac,8463/294828/8463-294828-0022.flac,2830-3980-0019,8463-294828-0022,/Users/davidmillard/Downloads/eval/our_SB_1/2830-3980-0019__to__8463-294828-0022.wav,/Users/davidmillard/Downloads/eval/freevc/target/2830-3980-0019_to_8463-294828-0022_target.flac,True,0.3316866755485534,3.882004499435425
409,our_SB_1,2830/3980/2830-3980-0021.flac,4992/23283/4992-23283-0009.flac,2830-3980-0021,4992-23283-0009,/Users/davidmillard/Downloads/eval/our_SB_1/2830-3980-0021__to__4992-23283-0009.wav,/Users/davidmillard/Downloads/eval/freevc/target/2830-3980-0021_to_4992-23283-0009_target.flac,True,0.4155616164207458,3.2412326335906982
410,our_SB_1,2830/3980/2830-3980-0023.flac,7127/75947/7127-75947-0026.flac,2830-3980-0023,7127-75947-0026,/Users/davidmillard/Downloads/eval/our_SB_1/2830-3980-0023__to__7127-75947-0026.wav,/Users/davidmillard/Downloads/eval/freevc/target/2830-3980-0023_to_7127-75947-0026_target.flac,True,0.2756785750389099,2.622004747390747
411,our_SB_1,2830/3980/2830-3980-0025.flac,4446/2275/4446-2275-0013.flac,2830-3980-0025,4446-2275-0013,/Users/davidmillard/Downloads/eval/our_SB_1/2830-3980-0025__to__4446-2275-0013.wav,/Users/davidmillard/Downloads/eval/freevc/target/2830-3980-0025_to_4446-2275-0013_target.flac,True,0.1646432876586914,3.410991907119751
412,our_SB_1,2830/3980/2830-3980-0027.flac,7729/102255/7729-102255-0004.flac,2830-3980-0027,7729-102255-0004,/Users/davidmillard/Downloads/eval/our_SB_1/2830-3980-0027__to__7729-102255-0004.wav,/Users/davidmillard/Downloads/eval/freevc/target/2830-3980-0027_to_7729-102255-0004_target.flac,True,0.2218855023384094,2.8563995361328125
413,our_SB_1,2830/3980/2830-3980-0029.flac,6930/75918/6930-75918-0004.flac,2830-3980-0029,6930-75918-0004,/Users/davidmillard/Downloads/eval/our_SB_1/2830-3980-0029__to__6930-75918-0004.wav,/Users/davidmillard/Downloads/eval/freevc/target/2830-3980-0029_to_6930-75918-0004_target.flac,True,0.3334024846553802,3.08329439163208
414,our_SB_1,2830/3980/2830-3980-0031.flac,4507/16021/4507-16021-0004.flac,2830-3980-0031,4507-16021-0004,/Users/davidmillard/Downloads/eval/our_SB_1/2830-3980-0031__to__4507-16021-0004.wav,/Users/davidmillard/Downloads/eval/freevc/target/2830-3980-0031_to_4507-16021-0004_target.flac,True,0.2185690999031067,2.7220046520233154
415,our_SB_1,2830/3980/2830-3980-0033.flac,908/31957/908-31957-0001.flac,2830-3980-0033,908-31957-0001,/Users/davidmillard/Downloads/eval/our_SB_1/2830-3980-0033__to__908-31957-0001.wav,/Users/davidmillard/Downloads/eval/freevc/target/2830-3980-0033_to_908-31957-0001_target.flac,True,0.1771358251571655,3.0330286026000977
416,our_SB_1,2830/3980/2830-3980-0035.flac,8555/284449/8555-284449-0010.flac,2830-3980-0035,8555-284449-0010,/Users/davidmillard/Downloads/eval/our_SB_1/2830-3980-0035__to__8555-284449-0010.wav,/Users/davidmillard/Downloads/eval/freevc/target/2830-3980-0035_to_8555-284449-0010_target.flac,True,0.2949631810188293,3.6129345893859863
417,our_SB_1,2830/3980/2830-3980-0037.flac,8463/294825/8463-294825-0009.flac,2830-3980-0037,8463-294825-0009,/Users/davidmillard/Downloads/eval/our_SB_1/2830-3980-0037__to__8463-294825-0009.wav,/Users/davidmillard/Downloads/eval/freevc/target/2830-3980-0037_to_8463-294825-0009_target.flac,True,0.3330355584621429,3.8238022327423096
418,our_SB_1,2830/3980/2830-3980-0039.flac,7127/75947/7127-75947-0034.flac,2830-3980-0039,7127-75947-0034,/Users/davidmillard/Downloads/eval/our_SB_1/2830-3980-0039__to__7127-75947-0034.wav,/Users/davidmillard/Downloads/eval/freevc/target/2830-3980-0039_to_7127-75947-0034_target.flac,True,0.2328977882862091,3.733347177505493
419,our_SB_1,2830/3980/2830-3980-0041.flac,6930/75918/6930-75918-0013.flac,2830-3980-0041,6930-75918-0013,/Users/davidmillard/Downloads/eval/our_SB_1/2830-3980-0041__to__6930-75918-0013.wav,/Users/davidmillard/Downloads/eval/freevc/target/2830-3980-0041_to_6930-75918-0013_target.flac,True,0.2354213297367096,2.4923131465911865
420,our_SB_1,2830/3980/2830-3980-0043.flac,1320/122617/1320-122617-0015.flac,2830-3980-0043,1320-122617-0015,/Users/davidmillard/Downloads/eval/our_SB_1/2830-3980-0043__to__1320-122617-0015.wav,/Users/davidmillard/Downloads/eval/freevc/target/2830-3980-0043_to_1320-122617-0015_target.flac,True,0.3522265255451202,3.0449299812316895
421,our_SB_1,2830/3980/2830-3980-0045.flac,3729/6852/3729-6852-0045.flac,2830-3980-0045,3729-6852-0045,/Users/davidmillard/Downloads/eval/our_SB_1/2830-3980-0045__to__3729-6852-0045.wav,/Users/davidmillard/Downloads/eval/freevc/target/2830-3980-0045_to_3729-6852-0045_target.flac,True,0.4122699201107025,3.882589817047119
422,our_SB_1,2830/3980/2830-3980-0047.flac,8224/274381/8224-274381-0010.flac,2830-3980-0047,8224-274381-0010,/Users/davidmillard/Downloads/eval/our_SB_1/2830-3980-0047__to__8224-274381-0010.wav,/Users/davidmillard/Downloads/eval/freevc/target/2830-3980-0047_to_8224-274381-0010_target.flac,True,0.3749028742313385,3.3591949939727783
423,our_SB_1,2830/3980/2830-3980-0049.flac,4507/16021/4507-16021-0024.flac,2830-3980-0049,4507-16021-0024,/Users/davidmillard/Downloads/eval/our_SB_1/2830-3980-0049__to__4507-16021-0024.wav,/Users/davidmillard/Downloads/eval/freevc/target/2830-3980-0049_to_4507-16021-0024_target.flac,True,0.2724074125289917,2.9310898780822754
424,our_SB_1,2830/3980/2830-3980-0051.flac,908/157963/908-157963-0003.flac,2830-3980-0051,908-157963-0003,/Users/davidmillard/Downloads/eval/our_SB_1/2830-3980-0051__to__908-157963-0003.wav,/Users/davidmillard/Downloads/eval/freevc/target/2830-3980-0051_to_908-157963-0003_target.flac,True,0.2425097078084945,3.404367208480835
425,our_SB_1,2830/3980/2830-3980-0053.flac,5105/28233/5105-28233-0006.flac,2830-3980-0053,5105-28233-0006,/Users/davidmillard/Downloads/eval/our_SB_1/2830-3980-0053__to__5105-28233-0006.wav,/Users/davidmillard/Downloads/eval/freevc/target/2830-3980-0053_to_5105-28233-0006_target.flac,True,0.4604653418064117,3.6297054290771484
426,our_SB_1,2830/3980/2830-3980-0055.flac,4507/16021/4507-16021-0016.flac,2830-3980-0055,4507-16021-0016,/Users/davidmillard/Downloads/eval/our_SB_1/2830-3980-0055__to__4507-16021-0016.wav,/Users/davidmillard/Downloads/eval/freevc/target/2830-3980-0055_to_4507-16021-0016_target.flac,True,0.4232971668243408,3.4525904655456543
427,our_SB_1,2830/3980/2830-3980-0057.flac,2300/131720/2300-131720-0021.flac,2830-3980-0057,2300-131720-0021,/Users/davidmillard/Downloads/eval/our_SB_1/2830-3980-0057__to__2300-131720-0021.wav,/Users/davidmillard/Downloads/eval/freevc/target/2830-3980-0057_to_2300-131720-0021_target.flac,True,0.2875152230262756,2.986889123916626
428,our_SB_1,2830/3980/2830-3980-0059.flac,2300/131720/2300-131720-0022.flac,2830-3980-0059,2300-131720-0022,/Users/davidmillard/Downloads/eval/our_SB_1/2830-3980-0059__to__2300-131720-0022.wav,/Users/davidmillard/Downloads/eval/freevc/target/2830-3980-0059_to_2300-131720-0022_target.flac,True,0.2005181461572647,3.569693088531494
429,our_SB_1,2830/3980/2830-3980-0061.flac,61/70968/61-70968-0016.flac,2830-3980-0061,61-70968-0016,/Users/davidmillard/Downloads/eval/our_SB_1/2830-3980-0061__to__61-70968-0016.wav,/Users/davidmillard/Downloads/eval/freevc/target/2830-3980-0061_to_61-70968-0016_target.flac,True,0.346888929605484,3.767845630645752
430,our_SB_1,2830/3980/2830-3980-0063.flac,1320/122617/1320-122617-0002.flac,2830-3980-0063,1320-122617-0002,/Users/davidmillard/Downloads/eval/our_SB_1/2830-3980-0063__to__1320-122617-0002.wav,/Users/davidmillard/Downloads/eval/freevc/target/2830-3980-0063_to_1320-122617-0002_target.flac,True,0.3297682404518127,3.5493009090423584
431,our_SB_1,2830/3980/2830-3980-0065.flac,5105/28241/5105-28241-0016.flac,2830-3980-0065,5105-28241-0016,/Users/davidmillard/Downloads/eval/our_SB_1/2830-3980-0065__to__5105-28241-0016.wav,/Users/davidmillard/Downloads/eval/freevc/target/2830-3980-0065_to_5105-28241-0016_target.flac,True,0.4303084015846252,3.609467029571533
432,our_SB_1,2830/3980/2830-3980-0067.flac,8224/274381/8224-274381-0005.flac,2830-3980-0067,8224-274381-0005,/Users/davidmillard/Downloads/eval/our_SB_1/2830-3980-0067__to__8224-274381-0005.wav,/Users/davidmillard/Downloads/eval/freevc/target/2830-3980-0067_to_8224-274381-0005_target.flac,True,0.2659873068332672,2.658104181289673
433,our_SB_1,2830/3980/2830-3980-0069.flac,5639/40744/5639-40744-0001.flac,2830-3980-0069,5639-40744-0001,/Users/davidmillard/Downloads/eval/our_SB_1/2830-3980-0069__to__5639-40744-0001.wav,/Users/davidmillard/Downloads/eval/freevc/target/2830-3980-0069_to_5639-40744-0001_target.flac,True,0.3226143717765808,3.6327316761016846
434,our_SB_1,2830/3980/2830-3980-0071.flac,260/123286/260-123286-0027.flac,2830-3980-0071,260-123286-0027,/Users/davidmillard/Downloads/eval/our_SB_1/2830-3980-0071__to__260-123286-0027.wav,/Users/davidmillard/Downloads/eval/freevc/target/2830-3980-0071_to_260-123286-0027_target.flac,True,0.2375992536544799,2.5749316215515137
435,our_SB_1,2830/3980/2830-3980-0073.flac,7176/88083/7176-88083-0024.flac,2830-3980-0073,7176-88083-0024,/Users/davidmillard/Downloads/eval/our_SB_1/2830-3980-0073__to__7176-88083-0024.wav,/Users/davidmillard/Downloads/eval/freevc/target/2830-3980-0073_to_7176-88083-0024_target.flac,True,0.3898181915283203,3.04014253616333
436,our_SB_1,2830/3980/2830-3980-0075.flac,2300/131720/2300-131720-0004.flac,2830-3980-0075,2300-131720-0004,/Users/davidmillard/Downloads/eval/our_SB_1/2830-3980-0075__to__2300-131720-0004.wav,/Users/davidmillard/Downloads/eval/freevc/target/2830-3980-0075_to_2300-131720-0004_target.flac,True,0.3101359605789184,3.624739170074463
437,our_SB_1,2961/960/2961-960-0000.flac,1580/141084/1580-141084-0010.flac,2961-960-0000,1580-141084-0010,/Users/davidmillard/Downloads/eval/our_SB_1/2961-960-0000__to__1580-141084-0010.wav,/Users/davidmillard/Downloads/eval/freevc/target/2961-960-0000_to_1580-141084-0010_target.flac,True,0.4715618193149566,2.773989200592041
438,our_SB_1,2961/960/2961-960-0002.flac,121/127105/121-127105-0017.flac,2961-960-0002,121-127105-0017,/Users/davidmillard/Downloads/eval/our_SB_1/2961-960-0002__to__121-127105-0017.wav,/Users/davidmillard/Downloads/eval/freevc/target/2961-960-0002_to_121-127105-0017_target.flac,True,0.1781189888715744,3.2805137634277344
439,our_SB_1,2961/960/2961-960-0004.flac,2094/142345/2094-142345-0038.flac,2961-960-0004,2094-142345-0038,/Users/davidmillard/Downloads/eval/our_SB_1/2961-960-0004__to__2094-142345-0038.wav,/Users/davidmillard/Downloads/eval/freevc/target/2961-960-0004_to_2094-142345-0038_target.flac,True,0.3416144549846649,3.1290066242218018
440,our_SB_1,2961/960/2961-960-0006.flac,237/126133/237-126133-0023.flac,2961-960-0006,237-126133-0023,/Users/davidmillard/Downloads/eval/our_SB_1/2961-960-0006__to__237-126133-0023.wav,/Users/davidmillard/Downloads/eval/freevc/target/2961-960-0006_to_237-126133-0023_target.flac,True,0.31044802069664,2.968158721923828
441,our_SB_1,2961/960/2961-960-0008.flac,121/127105/121-127105-0001.flac,2961-960-0008,121-127105-0001,/Users/davidmillard/Downloads/eval/our_SB_1/2961-960-0008__to__121-127105-0001.wav,/Users/davidmillard/Downloads/eval/freevc/target/2961-960-0008_to_121-127105-0001_target.flac,True,0.2202577590942382,2.8615047931671143
442,our_SB_1,2961/960/2961-960-0010.flac,6930/76324/6930-76324-0015.flac,2961-960-0010,6930-76324-0015,/Users/davidmillard/Downloads/eval/our_SB_1/2961-960-0010__to__6930-76324-0015.wav,/Users/davidmillard/Downloads/eval/freevc/target/2961-960-0010_to_6930-76324-0015_target.flac,True,0.3286828696727752,2.3029932975769043
443,our_SB_1,2961/960/2961-960-0012.flac,8230/279154/8230-279154-0015.flac,2961-960-0012,8230-279154-0015,/Users/davidmillard/Downloads/eval/our_SB_1/2961-960-0012__to__8230-279154-0015.wav,/Users/davidmillard/Downloads/eval/freevc/target/2961-960-0012_to_8230-279154-0015_target.flac,True,0.3544502258300781,2.7000010013580322
444,our_SB_1,2961/960/2961-960-0014.flac,7127/75946/7127-75946-0024.flac,2961-960-0014,7127-75946-0024,/Users/davidmillard/Downloads/eval/our_SB_1/2961-960-0014__to__7127-75946-0024.wav,/Users/davidmillard/Downloads/eval/freevc/target/2961-960-0014_to_7127-75946-0024_target.flac,True,0.2324207425117492,3.134782314300537
445,our_SB_1,2961/960/2961-960-0016.flac,6930/81414/6930-81414-0009.flac,2961-960-0016,6930-81414-0009,/Users/davidmillard/Downloads/eval/our_SB_1/2961-960-0016__to__6930-81414-0009.wav,/Users/davidmillard/Downloads/eval/freevc/target/2961-960-0016_to_6930-81414-0009_target.flac,True,0.3259513676166534,3.0205564498901367
446,our_SB_1,2961/960/2961-960-0018.flac,5683/32879/5683-32879-0015.flac,2961-960-0018,5683-32879-0015,/Users/davidmillard/Downloads/eval/our_SB_1/2961-960-0018__to__5683-32879-0015.wav,/Users/davidmillard/Downloads/eval/freevc/target/2961-960-0018_to_5683-32879-0015_target.flac,True,-0.0527374446392059,3.3752646446228027
447,our_SB_1,2961/960/2961-960-0020.flac,237/126133/237-126133-0025.flac,2961-960-0020,237-126133-0025,/Users/davidmillard/Downloads/eval/our_SB_1/2961-960-0020__to__237-126133-0025.wav,/Users/davidmillard/Downloads/eval/freevc/target/2961-960-0020_to_237-126133-0025_target.flac,True,0.2852769494056701,3.328899621963501
448,our_SB_1,2961/960/2961-960-0022.flac,4077/13751/4077-13751-0003.flac,2961-960-0022,4077-13751-0003,/Users/davidmillard/Downloads/eval/our_SB_1/2961-960-0022__to__4077-13751-0003.wav,/Users/davidmillard/Downloads/eval/freevc/target/2961-960-0022_to_4077-13751-0003_target.flac,True,0.3784378468990326,3.061115264892578
449,our_SB_1,2961/961/2961-961-0001.flac,8455/210777/8455-210777-0013.flac,2961-961-0001,8455-210777-0013,/Users/davidmillard/Downloads/eval/our_SB_1/2961-961-0001__to__8455-210777-0013.wav,/Users/davidmillard/Downloads/eval/freevc/target/2961-961-0001_to_8455-210777-0013_target.flac,True,0.2746211886405945,3.271716594696045
450,our_SB_1,2961/961/2961-961-0003.flac,4507/16021/4507-16021-0005.flac,2961-961-0003,4507-16021-0005,/Users/davidmillard/Downloads/eval/our_SB_1/2961-961-0003__to__4507-16021-0005.wav,/Users/davidmillard/Downloads/eval/freevc/target/2961-961-0003_to_4507-16021-0005_target.flac,True,0.5290756225585938,3.100198745727539
451,our_SB_1,2961/961/2961-961-0005.flac,6930/81414/6930-81414-0015.flac,2961-961-0005,6930-81414-0015,/Users/davidmillard/Downloads/eval/our_SB_1/2961-961-0005__to__6930-81414-0015.wav,/Users/davidmillard/Downloads/eval/freevc/target/2961-961-0005_to_6930-81414-0015_target.flac,True,0.2244008183479309,2.7849981784820557
452,our_SB_1,2961/961/2961-961-0007.flac,1320/122617/1320-122617-0041.flac,2961-961-0007,1320-122617-0041,/Users/davidmillard/Downloads/eval/our_SB_1/2961-961-0007__to__1320-122617-0041.wav,/Users/davidmillard/Downloads/eval/freevc/target/2961-961-0007_to_1320-122617-0041_target.flac,True,0.3796596527099609,3.129365921020508
453,our_SB_1,2961/961/2961-961-0009.flac,6930/76324/6930-76324-0023.flac,2961-961-0009,6930-76324-0023,/Users/davidmillard/Downloads/eval/our_SB_1/2961-961-0009__to__6930-76324-0023.wav,/Users/davidmillard/Downloads/eval/freevc/target/2961-961-0009_to_6930-76324-0023_target.flac,True,0.3358164131641388,3.7806129455566406
454,our_SB_1,2961/961/2961-961-0011.flac,1221/135767/1221-135767-0009.flac,2961-961-0011,1221-135767-0009,/Users/davidmillard/Downloads/eval/our_SB_1/2961-961-0011__to__1221-135767-0009.wav,/Users/davidmillard/Downloads/eval/freevc/target/2961-961-0011_to_1221-135767-0009_target.flac,True,0.3092568516731262,2.302858829498291
455,our_SB_1,2961/961/2961-961-0013.flac,3729/6852/3729-6852-0024.flac,2961-961-0013,3729-6852-0024,/Users/davidmillard/Downloads/eval/our_SB_1/2961-961-0013__to__3729-6852-0024.wav,/Users/davidmillard/Downloads/eval/freevc/target/2961-961-0013_to_3729-6852-0024_target.flac,True,0.379633367061615,4.019892692565918
456,our_SB_1,2961/961/2961-961-0015.flac,3575/170457/3575-170457-0001.flac,2961-961-0015,3575-170457-0001,/Users/davidmillard/Downloads/eval/our_SB_1/2961-961-0015__to__3575-170457-0001.wav,/Users/davidmillard/Downloads/eval/freevc/target/2961-961-0015_to_3575-170457-0001_target.flac,True,0.2764258682727813,2.7361578941345215
457,our_SB_1,2961/961/2961-961-0017.flac,1580/141084/1580-141084-0037.flac,2961-961-0017,1580-141084-0037,/Users/davidmillard/Downloads/eval/our_SB_1/2961-961-0017__to__1580-141084-0037.wav,/Users/davidmillard/Downloads/eval/freevc/target/2961-961-0017_to_1580-141084-0037_target.flac,True,0.3821520209312439,3.1563076972961426
458,our_SB_1,2961/961/2961-961-0019.flac,2300/131720/2300-131720-0008.flac,2961-961-0019,2300-131720-0008,/Users/davidmillard/Downloads/eval/our_SB_1/2961-961-0019__to__2300-131720-0008.wav,/Users/davidmillard/Downloads/eval/freevc/target/2961-961-0019_to_2300-131720-0008_target.flac,True,0.3874942660331726,2.574723720550537
459,our_SB_1,2961/961/2961-961-0021.flac,7127/75946/7127-75946-0017.flac,2961-961-0021,7127-75946-0017,/Users/davidmillard/Downloads/eval/our_SB_1/2961-961-0021__to__7127-75946-0017.wav,/Users/davidmillard/Downloads/eval/freevc/target/2961-961-0021_to_7127-75946-0017_target.flac,True,0.117548644542694,3.2783329486846924
460,our_SB_1,3570/5694/3570-5694-0000.flac,1089/134686/1089-134686-0010.flac,3570-5694-0000,1089-134686-0010,/Users/davidmillard/Downloads/eval/our_SB_1/3570-5694-0000__to__1089-134686-0010.wav,/Users/davidmillard/Downloads/eval/freevc/target/3570-5694-0000_to_1089-134686-0010_target.flac,True,0.4680860042572021,3.3896565437316895
461,our_SB_1,3570/5694/3570-5694-0002.flac,2961/960/2961-960-0009.flac,3570-5694-0002,2961-960-0009,/Users/davidmillard/Downloads/eval/our_SB_1/3570-5694-0002__to__2961-960-0009.wav,/Users/davidmillard/Downloads/eval/freevc/target/3570-5694-0002_to_2961-960-0009_target.flac,True,0.2387541830539703,3.201681613922119
462,our_SB_1,3570/5694/3570-5694-0004.flac,6829/68769/6829-68769-0014.flac,3570-5694-0004,6829-68769-0014,/Users/davidmillard/Downloads/eval/our_SB_1/3570-5694-0004__to__6829-68769-0014.wav,/Users/davidmillard/Downloads/eval/freevc/target/3570-5694-0004_to_6829-68769-0014_target.flac,True,0.2849305868148803,3.57068133354187
463,our_SB_1,3570/5694/3570-5694-0006.flac,4970/29093/4970-29093-0007.flac,3570-5694-0006,4970-29093-0007,/Users/davidmillard/Downloads/eval/our_SB_1/3570-5694-0006__to__4970-29093-0007.wav,/Users/davidmillard/Downloads/eval/freevc/target/3570-5694-0006_to_4970-29093-0007_target.flac,True,0.2901279926300049,3.569316864013672
464,our_SB_1,3570/5694/3570-5694-0008.flac,672/122797/672-122797-0058.flac,3570-5694-0008,672-122797-0058,/Users/davidmillard/Downloads/eval/our_SB_1/3570-5694-0008__to__672-122797-0058.wav,/Users/davidmillard/Downloads/eval/freevc/target/3570-5694-0008_to_672-122797-0058_target.flac,True,0.1951665729284286,2.987313747406006
465,our_SB_1,3570/5694/3570-5694-0010.flac,7176/92135/7176-92135-0040.flac,3570-5694-0010,7176-92135-0040,/Users/davidmillard/Downloads/eval/our_SB_1/3570-5694-0010__to__7176-92135-0040.wav,/Users/davidmillard/Downloads/eval/freevc/target/3570-5694-0010_to_7176-92135-0040_target.flac,True,0.4155398309230804,3.1036875247955322
466,our_SB_1,3570/5694/3570-5694-0012.flac,7729/102255/7729-102255-0036.flac,3570-5694-0012,7729-102255-0036,/Users/davidmillard/Downloads/eval/our_SB_1/3570-5694-0012__to__7729-102255-0036.wav,/Users/davidmillard/Downloads/eval/freevc/target/3570-5694-0012_to_7729-102255-0036_target.flac,True,0.0379474870860576,2.8197383880615234
467,our_SB_1,3570/5694/3570-5694-0014.flac,2300/131720/2300-131720-0018.flac,3570-5694-0014,2300-131720-0018,/Users/davidmillard/Downloads/eval/our_SB_1/3570-5694-0014__to__2300-131720-0018.wav,/Users/davidmillard/Downloads/eval/freevc/target/3570-5694-0014_to_2300-131720-0018_target.flac,True,0.1991037428379058,3.1025702953338623
468,our_SB_1,3570/5694/3570-5694-0016.flac,5142/33396/5142-33396-0030.flac,3570-5694-0016,5142-33396-0030,/Users/davidmillard/Downloads/eval/our_SB_1/3570-5694-0016__to__5142-33396-0030.wav,/Users/davidmillard/Downloads/eval/freevc/target/3570-5694-0016_to_5142-33396-0030_target.flac,True,0.2283473014831543,3.6991560459136963
469,our_SB_1,3570/5694/3570-5694-0018.flac,260/123286/260-123286-0010.flac,3570-5694-0018,260-123286-0010,/Users/davidmillard/Downloads/eval/our_SB_1/3570-5694-0018__to__260-123286-0010.wav,/Users/davidmillard/Downloads/eval/freevc/target/3570-5694-0018_to_260-123286-0010_target.flac,True,0.3434199094772339,3.0109689235687256
470,our_SB_1,3570/5694/3570-5694-0020.flac,1284/134647/1284-134647-0006.flac,3570-5694-0020,1284-134647-0006,/Users/davidmillard/Downloads/eval/our_SB_1/3570-5694-0020__to__1284-134647-0006.wav,/Users/davidmillard/Downloads/eval/freevc/target/3570-5694-0020_to_1284-134647-0006_target.flac,True,0.5313786268234253,3.087233543395996
471,our_SB_1,3570/5694/3570-5694-0022.flac,5683/32879/5683-32879-0011.flac,3570-5694-0022,5683-32879-0011,/Users/davidmillard/Downloads/eval/our_SB_1/3570-5694-0022__to__5683-32879-0011.wav,/Users/davidmillard/Downloads/eval/freevc/target/3570-5694-0022_to_5683-32879-0011_target.flac,True,0.2155723720788955,3.735091209411621
472,our_SB_1,3570/5695/3570-5695-0001.flac,5683/32866/5683-32866-0029.flac,3570-5695-0001,5683-32866-0029,/Users/davidmillard/Downloads/eval/our_SB_1/3570-5695-0001__to__5683-32866-0029.wav,/Users/davidmillard/Downloads/eval/freevc/target/3570-5695-0001_to_5683-32866-0029_target.flac,True,0.112750343978405,3.0283069610595703
473,our_SB_1,3570/5695/3570-5695-0003.flac,5142/36600/5142-36600-0000.flac,3570-5695-0003,5142-36600-0000,/Users/davidmillard/Downloads/eval/our_SB_1/3570-5695-0003__to__5142-36600-0000.wav,/Users/davidmillard/Downloads/eval/freevc/target/3570-5695-0003_to_5142-36600-0000_target.flac,True,0.1370291411876678,3.3604540824890137
474,our_SB_1,3570/5695/3570-5695-0005.flac,3729/6852/3729-6852-0046.flac,3570-5695-0005,3729-6852-0046,/Users/davidmillard/Downloads/eval/our_SB_1/3570-5695-0005__to__3729-6852-0046.wav,/Users/davidmillard/Downloads/eval/freevc/target/3570-5695-0005_to_3729-6852-0046_target.flac,True,0.4322113692760467,3.6907739639282227
475,our_SB_1,3570/5695/3570-5695-0007.flac,8555/292519/8555-292519-0001.flac,3570-5695-0007,8555-292519-0001,/Users/davidmillard/Downloads/eval/our_SB_1/3570-5695-0007__to__8555-292519-0001.wav,/Users/davidmillard/Downloads/eval/freevc/target/3570-5695-0007_to_8555-292519-0001_target.flac,True,0.2737091183662414,3.3129162788391113
476,our_SB_1,3570/5695/3570-5695-0009.flac,121/123859/121-123859-0002.flac,3570-5695-0009,121-123859-0002,/Users/davidmillard/Downloads/eval/our_SB_1/3570-5695-0009__to__121-123859-0002.wav,/Users/davidmillard/Downloads/eval/freevc/target/3570-5695-0009_to_121-123859-0002_target.flac,True,0.2829228937625885,2.638357400894165
477,our_SB_1,3570/5695/3570-5695-0011.flac,260/123288/260-123288-0027.flac,3570-5695-0011,260-123288-0027,/Users/davidmillard/Downloads/eval/our_SB_1/3570-5695-0011__to__260-123288-0027.wav,/Users/davidmillard/Downloads/eval/freevc/target/3570-5695-0011_to_260-123288-0027_target.flac,True,0.4140840172767639,2.540976047515869
478,our_SB_1,3570/5695/3570-5695-0013.flac,2094/142345/2094-142345-0004.flac,3570-5695-0013,2094-142345-0004,/Users/davidmillard/Downloads/eval/our_SB_1/3570-5695-0013__to__2094-142345-0004.wav,/Users/davidmillard/Downloads/eval/freevc/target/3570-5695-0013_to_2094-142345-0004_target.flac,True,0.1578683108091354,3.3126204013824463
479,our_SB_1,3570/5695/3570-5695-0015.flac,4507/16021/4507-16021-0012.flac,3570-5695-0015,4507-16021-0012,/Users/davidmillard/Downloads/eval/our_SB_1/3570-5695-0015__to__4507-16021-0012.wav,/Users/davidmillard/Downloads/eval/freevc/target/3570-5695-0015_to_4507-16021-0012_target.flac,True,0.3286230564117431,3.5278067588806152
480,our_SB_1,3570/5696/3570-5696-0001.flac,2830/3979/2830-3979-0005.flac,3570-5696-0001,2830-3979-0005,/Users/davidmillard/Downloads/eval/our_SB_1/3570-5696-0001__to__2830-3979-0005.wav,/Users/davidmillard/Downloads/eval/freevc/target/3570-5696-0001_to_2830-3979-0005_target.flac,True,0.3776208758354187,2.4229862689971924
481,our_SB_1,3570/5696/3570-5696-0003.flac,4970/29095/4970-29095-0008.flac,3570-5696-0003,4970-29095-0008,/Users/davidmillard/Downloads/eval/our_SB_1/3570-5696-0003__to__4970-29095-0008.wav,/Users/davidmillard/Downloads/eval/freevc/target/3570-5696-0003_to_4970-29095-0008_target.flac,True,0.2437075078487396,2.8894801139831543
482,our_SB_1,3570/5696/3570-5696-0005.flac,7127/75947/7127-75947-0002.flac,3570-5696-0005,7127-75947-0002,/Users/davidmillard/Downloads/eval/our_SB_1/3570-5696-0005__to__7127-75947-0002.wav,/Users/davidmillard/Downloads/eval/freevc/target/3570-5696-0005_to_7127-75947-0002_target.flac,True,0.3247139453887939,2.829875946044922
483,our_SB_1,3570/5696/3570-5696-0007.flac,2830/3980/2830-3980-0023.flac,3570-5696-0007,2830-3980-0023,/Users/davidmillard/Downloads/eval/our_SB_1/3570-5696-0007__to__2830-3980-0023.wav,/Users/davidmillard/Downloads/eval/freevc/target/3570-5696-0007_to_2830-3980-0023_target.flac,True,0.2995079457759857,3.4094491004943848
484,our_SB_1,3570/5696/3570-5696-0009.flac,1221/135767/1221-135767-0005.flac,3570-5696-0009,1221-135767-0005,/Users/davidmillard/Downloads/eval/our_SB_1/3570-5696-0009__to__1221-135767-0005.wav,/Users/davidmillard/Downloads/eval/freevc/target/3570-5696-0009_to_1221-135767-0005_target.flac,True,0.4017879664897918,3.721609354019165
485,our_SB_1,3575/170457/3575-170457-0000.flac,5639/40744/5639-40744-0027.flac,3575-170457-0000,5639-40744-0027,/Users/davidmillard/Downloads/eval/our_SB_1/3575-170457-0000__to__5639-40744-0027.wav,/Users/davidmillard/Downloads/eval/freevc/target/3575-170457-0000_to_5639-40744-0027_target.flac,True,0.1879512220621109,3.2315149307250977
486,our_SB_1,3575/170457/3575-170457-0002.flac,6930/76324/6930-76324-0028.flac,3575-170457-0002,6930-76324-0028,/Users/davidmillard/Downloads/eval/our_SB_1/3575-170457-0002__to__6930-76324-0028.wav,/Users/davidmillard/Downloads/eval/freevc/target/3575-170457-0002_to_6930-76324-0028_target.flac,True,0.2288247346878051,2.71056866645813
487,our_SB_1,3575/170457/3575-170457-0004.flac,7176/92135/7176-92135-0035.flac,3575-170457-0004,7176-92135-0035,/Users/davidmillard/Downloads/eval/our_SB_1/3575-170457-0004__to__7176-92135-0035.wav,/Users/davidmillard/Downloads/eval/freevc/target/3575-170457-0004_to_7176-92135-0035_target.flac,True,0.2902823686599731,3.2409493923187256
488,our_SB_1,3575/170457/3575-170457-0006.flac,4446/2275/4446-2275-0040.flac,3575-170457-0006,4446-2275-0040,/Users/davidmillard/Downloads/eval/our_SB_1/3575-170457-0006__to__4446-2275-0040.wav,/Users/davidmillard/Downloads/eval/freevc/target/3575-170457-0006_to_4446-2275-0040_target.flac,True,0.2181722968816757,3.446678638458252
489,our_SB_1,3575/170457/3575-170457-0008.flac,6829/68769/6829-68769-0010.flac,3575-170457-0008,6829-68769-0010,/Users/davidmillard/Downloads/eval/our_SB_1/3575-170457-0008__to__6829-68769-0010.wav,/Users/davidmillard/Downloads/eval/freevc/target/3575-170457-0008_to_6829-68769-0010_target.flac,True,0.3451330363750458,3.242344379425049
490,our_SB_1,3575/170457/3575-170457-0010.flac,260/123440/260-123440-0008.flac,3575-170457-0010,260-123440-0008,/Users/davidmillard/Downloads/eval/our_SB_1/3575-170457-0010__to__260-123440-0008.wav,/Users/davidmillard/Downloads/eval/freevc/target/3575-170457-0010_to_260-123440-0008_target.flac,True,0.3917272090911865,2.7750797271728516
491,our_SB_1,3575/170457/3575-170457-0012.flac,1580/141083/1580-141083-0010.flac,3575-170457-0012,1580-141083-0010,/Users/davidmillard/Downloads/eval/our_SB_1/3575-170457-0012__to__1580-141083-0010.wav,/Users/davidmillard/Downloads/eval/freevc/target/3575-170457-0012_to_1580-141083-0010_target.flac,True,0.4329865276813507,3.484286308288574
492,our_SB_1,3575/170457/3575-170457-0014.flac,4507/16021/4507-16021-0019.flac,3575-170457-0014,4507-16021-0019,/Users/davidmillard/Downloads/eval/our_SB_1/3575-170457-0014__to__4507-16021-0019.wav,/Users/davidmillard/Downloads/eval/freevc/target/3575-170457-0014_to_4507-16021-0019_target.flac,True,0.2678370773792267,3.22049880027771
493,our_SB_1,3575/170457/3575-170457-0016.flac,6829/68769/6829-68769-0021.flac,3575-170457-0016,6829-68769-0021,/Users/davidmillard/Downloads/eval/our_SB_1/3575-170457-0016__to__6829-68769-0021.wav,/Users/davidmillard/Downloads/eval/freevc/target/3575-170457-0016_to_6829-68769-0021_target.flac,True,0.2109773755073547,2.489083766937256
494,our_SB_1,3575/170457/3575-170457-0018.flac,6930/75918/6930-75918-0005.flac,3575-170457-0018,6930-75918-0005,/Users/davidmillard/Downloads/eval/our_SB_1/3575-170457-0018__to__6930-75918-0005.wav,/Users/davidmillard/Downloads/eval/freevc/target/3575-170457-0018_to_6930-75918-0005_target.flac,True,0.3164229691028595,2.8677237033843994
495,our_SB_1,3575/170457/3575-170457-0020.flac,6829/68769/6829-68769-0035.flac,3575-170457-0020,6829-68769-0035,/Users/davidmillard/Downloads/eval/our_SB_1/3575-170457-0020__to__6829-68769-0035.wav,/Users/davidmillard/Downloads/eval/freevc/target/3575-170457-0020_to_6829-68769-0035_target.flac,True,0.3972690105438232,3.1949141025543213
496,our_SB_1,3575/170457/3575-170457-0022.flac,61/70968/61-70968-0046.flac,3575-170457-0022,61-70968-0046,/Users/davidmillard/Downloads/eval/our_SB_1/3575-170457-0022__to__61-70968-0046.wav,/Users/davidmillard/Downloads/eval/freevc/target/3575-170457-0022_to_61-70968-0046_target.flac,True,0.4104533195495605,3.3900697231292725
497,our_SB_1,3575/170457/3575-170457-0024.flac,237/126133/237-126133-0003.flac,3575-170457-0024,237-126133-0003,/Users/davidmillard/Downloads/eval/our_SB_1/3575-170457-0024__to__237-126133-0003.wav,/Users/davidmillard/Downloads/eval/freevc/target/3575-170457-0024_to_237-126133-0003_target.flac,True,0.5192115306854248,2.8739287853240967
498,our_SB_1,3575/170457/3575-170457-0026.flac,6930/75918/6930-75918-0004.flac,3575-170457-0026,6930-75918-0004,/Users/davidmillard/Downloads/eval/our_SB_1/3575-170457-0026__to__6930-75918-0004.wav,/Users/davidmillard/Downloads/eval/freevc/target/3575-170457-0026_to_6930-75918-0004_target.flac,True,0.3771040439605713,1.975589632987976
499,our_SB_1,3575/170457/3575-170457-0028.flac,3729/6852/3729-6852-0041.flac,3575-170457-0028,3729-6852-0041,/Users/davidmillard/Downloads/eval/our_SB_1/3575-170457-0028__to__3729-6852-0041.wav,/Users/davidmillard/Downloads/eval/freevc/target/3575-170457-0028_to_3729-6852-0041_target.flac,True,0.367539495229721,3.5427615642547607
500,our_SB_1,3575/170457/3575-170457-0030.flac,5683/32879/5683-32879-0023.flac,3575-170457-0030,5683-32879-0023,/Users/davidmillard/Downloads/eval/our_SB_1/3575-170457-0030__to__5683-32879-0023.wav,/Users/davidmillard/Downloads/eval/freevc/target/3575-170457-0030_to_5683-32879-0023_target.flac,True,0.3785122334957123,2.2233963012695312
501,our_SB_1,3575/170457/3575-170457-0032.flac,2300/131720/2300-131720-0028.flac,3575-170457-0032,2300-131720-0028,/Users/davidmillard/Downloads/eval/our_SB_1/3575-170457-0032__to__2300-131720-0028.wav,/Users/davidmillard/Downloads/eval/freevc/target/3575-170457-0032_to_2300-131720-0028_target.flac,True,0.1920874416828155,3.4220871925354004
502,our_SB_1,3575/170457/3575-170457-0034.flac,6930/75918/6930-75918-0009.flac,3575-170457-0034,6930-75918-0009,/Users/davidmillard/Downloads/eval/our_SB_1/3575-170457-0034__to__6930-75918-0009.wav,/Users/davidmillard/Downloads/eval/freevc/target/3575-170457-0034_to_6930-75918-0009_target.flac,True,0.3084743618965149,3.6565709114074707
503,our_SB_1,3575/170457/3575-170457-0036.flac,8224/274384/8224-274384-0005.flac,3575-170457-0036,8224-274384-0005,/Users/davidmillard/Downloads/eval/our_SB_1/3575-170457-0036__to__8224-274384-0005.wav,/Users/davidmillard/Downloads/eval/freevc/target/3575-170457-0036_to_8224-274384-0005_target.flac,True,0.4879204928874969,2.5245442390441895
504,our_SB_1,3575/170457/3575-170457-0038.flac,4446/2273/4446-2273-0006.flac,3575-170457-0038,4446-2273-0006,/Users/davidmillard/Downloads/eval/our_SB_1/3575-170457-0038__to__4446-2273-0006.wav,/Users/davidmillard/Downloads/eval/freevc/target/3575-170457-0038_to_4446-2273-0006_target.flac,True,0.1832033395767212,3.9149820804595947
505,our_SB_1,3575/170457/3575-170457-0040.flac,260/123440/260-123440-0002.flac,3575-170457-0040,260-123440-0002,/Users/davidmillard/Downloads/eval/our_SB_1/3575-170457-0040__to__260-123440-0002.wav,/Users/davidmillard/Downloads/eval/freevc/target/3575-170457-0040_to_260-123440-0002_target.flac,True,0.3109976351261139,2.7302379608154297
506,our_SB_1,3575/170457/3575-170457-0042.flac,8455/210777/8455-210777-0015.flac,3575-170457-0042,8455-210777-0015,/Users/davidmillard/Downloads/eval/our_SB_1/3575-170457-0042__to__8455-210777-0015.wav,/Users/davidmillard/Downloads/eval/freevc/target/3575-170457-0042_to_8455-210777-0015_target.flac,True,0.3079797625541687,3.4492266178131104
507,our_SB_1,3575/170457/3575-170457-0044.flac,6930/76324/6930-76324-0006.flac,3575-170457-0044,6930-76324-0006,/Users/davidmillard/Downloads/eval/our_SB_1/3575-170457-0044__to__6930-76324-0006.wav,/Users/davidmillard/Downloads/eval/freevc/target/3575-170457-0044_to_6930-76324-0006_target.flac,True,0.3064628541469574,2.5492544174194336
508,our_SB_1,3575/170457/3575-170457-0046.flac,7176/88083/7176-88083-0025.flac,3575-170457-0046,7176-88083-0025,/Users/davidmillard/Downloads/eval/our_SB_1/3575-170457-0046__to__7176-88083-0025.wav,/Users/davidmillard/Downloads/eval/freevc/target/3575-170457-0046_to_7176-88083-0025_target.flac,True,0.3608075082302093,2.98581862449646
509,our_SB_1,3575/170457/3575-170457-0048.flac,1284/1180/1284-1180-0028.flac,3575-170457-0048,1284-1180-0028,/Users/davidmillard/Downloads/eval/our_SB_1/3575-170457-0048__to__1284-1180-0028.wav,/Users/davidmillard/Downloads/eval/freevc/target/3575-170457-0048_to_1284-1180-0028_target.flac,True,0.3200605809688568,3.289276599884033
510,our_SB_1,3575/170457/3575-170457-0050.flac,1320/122617/1320-122617-0034.flac,3575-170457-0050,1320-122617-0034,/Users/davidmillard/Downloads/eval/our_SB_1/3575-170457-0050__to__1320-122617-0034.wav,/Users/davidmillard/Downloads/eval/freevc/target/3575-170457-0050_to_1320-122617-0034_target.flac,True,0.356072336435318,2.8502397537231445
511,our_SB_1,3575/170457/3575-170457-0052.flac,5142/36377/5142-36377-0021.flac,3575-170457-0052,5142-36377-0021,/Users/davidmillard/Downloads/eval/our_SB_1/3575-170457-0052__to__5142-36377-0021.wav,/Users/davidmillard/Downloads/eval/freevc/target/3575-170457-0052_to_5142-36377-0021_target.flac,True,0.1876589655876159,3.3618173599243164
512,our_SB_1,3575/170457/3575-170457-0054.flac,8230/279154/8230-279154-0018.flac,3575-170457-0054,8230-279154-0018,/Users/davidmillard/Downloads/eval/our_SB_1/3575-170457-0054__to__8230-279154-0018.wav,/Users/davidmillard/Downloads/eval/freevc/target/3575-170457-0054_to_8230-279154-0018_target.flac,True,0.4244574308395386,2.0478062629699707
513,our_SB_1,3575/170457/3575-170457-0056.flac,237/134500/237-134500-0036.flac,3575-170457-0056,237-134500-0036,/Users/davidmillard/Downloads/eval/our_SB_1/3575-170457-0056__to__237-134500-0036.wav,/Users/davidmillard/Downloads/eval/freevc/target/3575-170457-0056_to_237-134500-0036_target.flac,True,0.2989228069782257,3.264625310897827
514,our_SB_1,3729/6852/3729-6852-0001.flac,7729/102255/7729-102255-0014.flac,3729-6852-0001,7729-102255-0014,/Users/davidmillard/Downloads/eval/our_SB_1/3729-6852-0001__to__7729-102255-0014.wav,/Users/davidmillard/Downloads/eval/freevc/target/3729-6852-0001_to_7729-102255-0014_target.flac,True,0.3901786506175995,3.165647268295288
515,our_SB_1,3729/6852/3729-6852-0003.flac,2094/142345/2094-142345-0015.flac,3729-6852-0003,2094-142345-0015,/Users/davidmillard/Downloads/eval/our_SB_1/3729-6852-0003__to__2094-142345-0015.wav,/Users/davidmillard/Downloads/eval/freevc/target/3729-6852-0003_to_2094-142345-0015_target.flac,True,0.374480664730072,3.2293245792388916
516,our_SB_1,3729/6852/3729-6852-0005.flac,5639/40744/5639-40744-0035.flac,3729-6852-0005,5639-40744-0035,/Users/davidmillard/Downloads/eval/our_SB_1/3729-6852-0005__to__5639-40744-0035.wav,/Users/davidmillard/Downloads/eval/freevc/target/3729-6852-0005_to_5639-40744-0035_target.flac,True,0.3918587863445282,3.031365394592285
517,our_SB_1,3729/6852/3729-6852-0007.flac,7021/85628/7021-85628-0020.flac,3729-6852-0007,7021-85628-0020,/Users/davidmillard/Downloads/eval/our_SB_1/3729-6852-0007__to__7021-85628-0020.wav,/Users/davidmillard/Downloads/eval/freevc/target/3729-6852-0007_to_7021-85628-0020_target.flac,True,0.3648965954780578,3.5068631172180176
518,our_SB_1,3729/6852/3729-6852-0009.flac,1320/122612/1320-122612-0004.flac,3729-6852-0009,1320-122612-0004,/Users/davidmillard/Downloads/eval/our_SB_1/3729-6852-0009__to__1320-122612-0004.wav,/Users/davidmillard/Downloads/eval/freevc/target/3729-6852-0009_to_1320-122612-0004_target.flac,True,0.4264580309391022,2.9863839149475098
519,our_SB_1,3729/6852/3729-6852-0011.flac,7127/75947/7127-75947-0037.flac,3729-6852-0011,7127-75947-0037,/Users/davidmillard/Downloads/eval/our_SB_1/3729-6852-0011__to__7127-75947-0037.wav,/Users/davidmillard/Downloads/eval/freevc/target/3729-6852-0011_to_7127-75947-0037_target.flac,True,0.4847205281257629,2.593364953994751
520,our_SB_1,3729/6852/3729-6852-0013.flac,8463/287645/8463-287645-0009.flac,3729-6852-0013,8463-287645-0009,/Users/davidmillard/Downloads/eval/our_SB_1/3729-6852-0013__to__8463-287645-0009.wav,/Users/davidmillard/Downloads/eval/freevc/target/3729-6852-0013_to_8463-287645-0009_target.flac,True,0.2715202271938324,3.3474013805389404
521,our_SB_1,3729/6852/3729-6852-0015.flac,1284/1180/1284-1180-0028.flac,3729-6852-0015,1284-1180-0028,/Users/davidmillard/Downloads/eval/our_SB_1/3729-6852-0015__to__1284-1180-0028.wav,/Users/davidmillard/Downloads/eval/freevc/target/3729-6852-0015_to_1284-1180-0028_target.flac,True,0.193001389503479,2.4355225563049316
522,our_SB_1,3729/6852/3729-6852-0017.flac,8224/274384/8224-274384-0004.flac,3729-6852-0017,8224-274384-0004,/Users/davidmillard/Downloads/eval/our_SB_1/3729-6852-0017__to__8224-274384-0004.wav,/Users/davidmillard/Downloads/eval/freevc/target/3729-6852-0017_to_8224-274384-0004_target.flac,True,0.475518137216568,3.199594020843506
523,our_SB_1,3729/6852/3729-6852-0019.flac,8455/210777/8455-210777-0023.flac,3729-6852-0019,8455-210777-0023,/Users/davidmillard/Downloads/eval/our_SB_1/3729-6852-0019__to__8455-210777-0023.wav,/Users/davidmillard/Downloads/eval/freevc/target/3729-6852-0019_to_8455-210777-0023_target.flac,True,0.2681229412555694,3.551980495452881
524,our_SB_1,3729/6852/3729-6852-0021.flac,7729/102255/7729-102255-0003.flac,3729-6852-0021,7729-102255-0003,/Users/davidmillard/Downloads/eval/our_SB_1/3729-6852-0021__to__7729-102255-0003.wav,/Users/davidmillard/Downloads/eval/freevc/target/3729-6852-0021_to_7729-102255-0003_target.flac,True,0.3039551377296448,2.562469244003296
525,our_SB_1,3729/6852/3729-6852-0023.flac,2300/131720/2300-131720-0019.flac,3729-6852-0023,2300-131720-0019,/Users/davidmillard/Downloads/eval/our_SB_1/3729-6852-0023__to__2300-131720-0019.wav,/Users/davidmillard/Downloads/eval/freevc/target/3729-6852-0023_to_2300-131720-0019_target.flac,True,0.3049821257591247,3.358549118041992
526,our_SB_1,3729/6852/3729-6852-0025.flac,4992/41806/4992-41806-0015.flac,3729-6852-0025,4992-41806-0015,/Users/davidmillard/Downloads/eval/our_SB_1/3729-6852-0025__to__4992-41806-0015.wav,/Users/davidmillard/Downloads/eval/freevc/target/3729-6852-0025_to_4992-41806-0015_target.flac,True,0.3262345194816589,3.533325672149658
527,our_SB_1,3729/6852/3729-6852-0027.flac,8224/274384/8224-274384-0000.flac,3729-6852-0027,8224-274384-0000,/Users/davidmillard/Downloads/eval/our_SB_1/3729-6852-0027__to__8224-274384-0000.wav,/Users/davidmillard/Downloads/eval/freevc/target/3729-6852-0027_to_8224-274384-0000_target.flac,True,0.1281578540802002,2.5961525440216064
528,our_SB_1,3729/6852/3729-6852-0029.flac,2830/3980/2830-3980-0068.flac,3729-6852-0029,2830-3980-0068,/Users/davidmillard/Downloads/eval/our_SB_1/3729-6852-0029__to__2830-3980-0068.wav,/Users/davidmillard/Downloads/eval/freevc/target/3729-6852-0029_to_2830-3980-0068_target.flac,True,0.3236777186393738,2.823820114135742
529,our_SB_1,3729/6852/3729-6852-0031.flac,2094/142345/2094-142345-0040.flac,3729-6852-0031,2094-142345-0040,/Users/davidmillard/Downloads/eval/our_SB_1/3729-6852-0031__to__2094-142345-0040.wav,/Users/davidmillard/Downloads/eval/freevc/target/3729-6852-0031_to_2094-142345-0040_target.flac,True,0.308269202709198,2.611933708190918
530,our_SB_1,3729/6852/3729-6852-0033.flac,8230/279154/8230-279154-0005.flac,3729-6852-0033,8230-279154-0005,/Users/davidmillard/Downloads/eval/our_SB_1/3729-6852-0033__to__8230-279154-0005.wav,/Users/davidmillard/Downloads/eval/freevc/target/3729-6852-0033_to_8230-279154-0005_target.flac,True,0.5753146409988403,2.9737436771392822
531,our_SB_1,3729/6852/3729-6852-0035.flac,237/134500/237-134500-0030.flac,3729-6852-0035,237-134500-0030,/Users/davidmillard/Downloads/eval/our_SB_1/3729-6852-0035__to__237-134500-0030.wav,/Users/davidmillard/Downloads/eval/freevc/target/3729-6852-0035_to_237-134500-0030_target.flac,True,0.2259462177753448,3.265591621398926
532,our_SB_1,3729/6852/3729-6852-0037.flac,237/134500/237-134500-0039.flac,3729-6852-0037,237-134500-0039,/Users/davidmillard/Downloads/eval/our_SB_1/3729-6852-0037__to__237-134500-0039.wav,/Users/davidmillard/Downloads/eval/freevc/target/3729-6852-0037_to_237-134500-0039_target.flac,True,0.2557476162910461,3.1143627166748047
533,our_SB_1,3729/6852/3729-6852-0039.flac,8463/287645/8463-287645-0005.flac,3729-6852-0039,8463-287645-0005,/Users/davidmillard/Downloads/eval/our_SB_1/3729-6852-0039__to__8463-287645-0005.wav,/Users/davidmillard/Downloads/eval/freevc/target/3729-6852-0039_to_8463-287645-0005_target.flac,True,0.3781170845031738,3.5308101177215576
534,our_SB_1,3729/6852/3729-6852-0041.flac,121/127105/121-127105-0035.flac,3729-6852-0041,121-127105-0035,/Users/davidmillard/Downloads/eval/our_SB_1/3729-6852-0041__to__121-127105-0035.wav,/Users/davidmillard/Downloads/eval/freevc/target/3729-6852-0041_to_121-127105-0035_target.flac,True,0.163130909204483,3.4267971515655518
535,our_SB_1,3729/6852/3729-6852-0043.flac,2961/961/2961-961-0013.flac,3729-6852-0043,2961-961-0013,/Users/davidmillard/Downloads/eval/our_SB_1/3729-6852-0043__to__2961-961-0013.wav,/Users/davidmillard/Downloads/eval/freevc/target/3729-6852-0043_to_2961-961-0013_target.flac,True,0.253109872341156,3.0208656787872314
536,our_SB_1,3729/6852/3729-6852-0045.flac,7176/92135/7176-92135-0041.flac,3729-6852-0045,7176-92135-0041,/Users/davidmillard/Downloads/eval/our_SB_1/3729-6852-0045__to__7176-92135-0041.wav,/Users/davidmillard/Downloads/eval/freevc/target/3729-6852-0045_to_7176-92135-0041_target.flac,True,0.45729461312294,3.1795201301574707
537,our_SB_1,4077/13751/4077-13751-0000.flac,4970/29095/4970-29095-0006.flac,4077-13751-0000,4970-29095-0006,/Users/davidmillard/Downloads/eval/our_SB_1/4077-13751-0000__to__4970-29095-0006.wav,/Users/davidmillard/Downloads/eval/freevc/target/4077-13751-0000_to_4970-29095-0006_target.flac,True,0.4889371395111084,3.2810518741607666
538,our_SB_1,4077/13751/4077-13751-0002.flac,61/70968/61-70968-0038.flac,4077-13751-0002,61-70968-0038,/Users/davidmillard/Downloads/eval/our_SB_1/4077-13751-0002__to__61-70968-0038.wav,/Users/davidmillard/Downloads/eval/freevc/target/4077-13751-0002_to_61-70968-0038_target.flac,True,0.3507237434387207,3.3113129138946533
539,our_SB_1,4077/13751/4077-13751-0004.flac,1221/135766/1221-135766-0010.flac,4077-13751-0004,1221-135766-0010,/Users/davidmillard/Downloads/eval/our_SB_1/4077-13751-0004__to__1221-135766-0010.wav,/Users/davidmillard/Downloads/eval/freevc/target/4077-13751-0004_to_1221-135766-0010_target.flac,True,0.4398059248924255,3.6777703762054443
540,our_SB_1,4077/13751/4077-13751-0006.flac,7127/75947/7127-75947-0029.flac,4077-13751-0006,7127-75947-0029,/Users/davidmillard/Downloads/eval/our_SB_1/4077-13751-0006__to__7127-75947-0029.wav,/Users/davidmillard/Downloads/eval/freevc/target/4077-13751-0006_to_7127-75947-0029_target.flac,True,0.384893000125885,3.08115291595459
541,our_SB_1,4077/13751/4077-13751-0008.flac,908/157963/908-157963-0009.flac,4077-13751-0008,908-157963-0009,/Users/davidmillard/Downloads/eval/our_SB_1/4077-13751-0008__to__908-157963-0009.wav,/Users/davidmillard/Downloads/eval/freevc/target/4077-13751-0008_to_908-157963-0009_target.flac,True,0.296138048171997,2.839184045791626
542,our_SB_1,4077/13751/4077-13751-0010.flac,4992/41806/4992-41806-0002.flac,4077-13751-0010,4992-41806-0002,/Users/davidmillard/Downloads/eval/our_SB_1/4077-13751-0010__to__4992-41806-0002.wav,/Users/davidmillard/Downloads/eval/freevc/target/4077-13751-0010_to_4992-41806-0002_target.flac,True,0.3659443259239197,3.432344913482666
543,our_SB_1,4077/13751/4077-13751-0012.flac,2094/142345/2094-142345-0048.flac,4077-13751-0012,2094-142345-0048,/Users/davidmillard/Downloads/eval/our_SB_1/4077-13751-0012__to__2094-142345-0048.wav,/Users/davidmillard/Downloads/eval/freevc/target/4077-13751-0012_to_2094-142345-0048_target.flac,True,0.3980284333229065,3.563941717147827
544,our_SB_1,4077/13751/4077-13751-0014.flac,8455/210777/8455-210777-0013.flac,4077-13751-0014,8455-210777-0013,/Users/davidmillard/Downloads/eval/our_SB_1/4077-13751-0014__to__8455-210777-0013.wav,/Users/davidmillard/Downloads/eval/freevc/target/4077-13751-0014_to_8455-210777-0013_target.flac,True,0.4952327013015747,2.8534562587738037
545,our_SB_1,4077/13751/4077-13751-0016.flac,7021/79730/7021-79730-0007.flac,4077-13751-0016,7021-79730-0007,/Users/davidmillard/Downloads/eval/our_SB_1/4077-13751-0016__to__7021-79730-0007.wav,/Users/davidmillard/Downloads/eval/freevc/target/4077-13751-0016_to_7021-79730-0007_target.flac,True,0.3002084195613861,3.638366222381592
546,our_SB_1,4077/13751/4077-13751-0018.flac,3575/170457/3575-170457-0009.flac,4077-13751-0018,3575-170457-0009,/Users/davidmillard/Downloads/eval/our_SB_1/4077-13751-0018__to__3575-170457-0009.wav,/Users/davidmillard/Downloads/eval/freevc/target/4077-13751-0018_to_3575-170457-0009_target.flac,True,0.2588186264038086,3.1933369636535645
547,our_SB_1,4077/13751/4077-13751-0020.flac,4507/16021/4507-16021-0024.flac,4077-13751-0020,4507-16021-0024,/Users/davidmillard/Downloads/eval/our_SB_1/4077-13751-0020__to__4507-16021-0024.wav,/Users/davidmillard/Downloads/eval/freevc/target/4077-13751-0020_to_4507-16021-0024_target.flac,True,0.3501705229282379,3.617011547088623
548,our_SB_1,4077/13754/4077-13754-0000.flac,237/134493/237-134493-0015.flac,4077-13754-0000,237-134493-0015,/Users/davidmillard/Downloads/eval/our_SB_1/4077-13754-0000__to__237-134493-0015.wav,/Users/davidmillard/Downloads/eval/freevc/target/4077-13754-0000_to_237-134493-0015_target.flac,True,0.5580193996429443,3.5370278358459473
549,our_SB_1,4077/13754/4077-13754-0002.flac,2830/3980/2830-3980-0007.flac,4077-13754-0002,2830-3980-0007,/Users/davidmillard/Downloads/eval/our_SB_1/4077-13754-0002__to__2830-3980-0007.wav,/Users/davidmillard/Downloads/eval/freevc/target/4077-13754-0002_to_2830-3980-0007_target.flac,True,0.2572018802165985,3.1400058269500732
550,our_SB_1,4077/13754/4077-13754-0004.flac,7021/85628/7021-85628-0000.flac,4077-13754-0004,7021-85628-0000,/Users/davidmillard/Downloads/eval/our_SB_1/4077-13754-0004__to__7021-85628-0000.wav,/Users/davidmillard/Downloads/eval/freevc/target/4077-13754-0004_to_7021-85628-0000_target.flac,True,0.2072559297084808,3.5828521251678467
551,our_SB_1,4077/13754/4077-13754-0006.flac,1188/133604/1188-133604-0005.flac,4077-13754-0006,1188-133604-0005,/Users/davidmillard/Downloads/eval/our_SB_1/4077-13754-0006__to__1188-133604-0005.wav,/Users/davidmillard/Downloads/eval/freevc/target/4077-13754-0006_to_1188-133604-0005_target.flac,True,0.4756366610527038,3.103573799133301
552,our_SB_1,4077/13754/4077-13754-0008.flac,7021/79740/7021-79740-0005.flac,4077-13754-0008,7021-79740-0005,/Users/davidmillard/Downloads/eval/our_SB_1/4077-13754-0008__to__7021-79740-0005.wav,/Users/davidmillard/Downloads/eval/freevc/target/4077-13754-0008_to_7021-79740-0005_target.flac,True,0.3199148774147033,3.348731279373169
553,our_SB_1,4077/13754/4077-13754-0010.flac,5142/33396/5142-33396-0006.flac,4077-13754-0010,5142-33396-0006,/Users/davidmillard/Downloads/eval/our_SB_1/4077-13754-0010__to__5142-33396-0006.wav,/Users/davidmillard/Downloads/eval/freevc/target/4077-13754-0010_to_5142-33396-0006_target.flac,True,0.3887195885181427,3.600217342376709
554,our_SB_1,4077/13754/4077-13754-0012.flac,7176/92135/7176-92135-0032.flac,4077-13754-0012,7176-92135-0032,/Users/davidmillard/Downloads/eval/our_SB_1/4077-13754-0012__to__7176-92135-0032.wav,/Users/davidmillard/Downloads/eval/freevc/target/4077-13754-0012_to_7176-92135-0032_target.flac,True,0.4790143966674804,2.8473520278930664
555,our_SB_1,4077/13754/4077-13754-0014.flac,1089/134686/1089-134686-0013.flac,4077-13754-0014,1089-134686-0013,/Users/davidmillard/Downloads/eval/our_SB_1/4077-13754-0014__to__1089-134686-0013.wav,/Users/davidmillard/Downloads/eval/freevc/target/4077-13754-0014_to_1089-134686-0013_target.flac,True,0.4897634983062744,3.550595760345459
556,our_SB_1,4077/13754/4077-13754-0016.flac,3729/6852/3729-6852-0046.flac,4077-13754-0016,3729-6852-0046,/Users/davidmillard/Downloads/eval/our_SB_1/4077-13754-0016__to__3729-6852-0046.wav,/Users/davidmillard/Downloads/eval/freevc/target/4077-13754-0016_to_3729-6852-0046_target.flac,True,0.4001641273498535,3.620012044906616
557,our_SB_1,4446/2271/4446-2271-0001.flac,5639/40744/5639-40744-0002.flac,4446-2271-0001,5639-40744-0002,/Users/davidmillard/Downloads/eval/our_SB_1/4446-2271-0001__to__5639-40744-0002.wav,/Users/davidmillard/Downloads/eval/freevc/target/4446-2271-0001_to_5639-40744-0002_target.flac,True,0.3531374931335449,3.2047057151794434
558,our_SB_1,4446/2271/4446-2271-0003.flac,8463/294828/8463-294828-0036.flac,4446-2271-0003,8463-294828-0036,/Users/davidmillard/Downloads/eval/our_SB_1/4446-2271-0003__to__8463-294828-0036.wav,/Users/davidmillard/Downloads/eval/freevc/target/4446-2271-0003_to_8463-294828-0036_target.flac,True,0.2611336410045624,3.0215818881988525
559,our_SB_1,4446/2271/4446-2271-0005.flac,8455/210777/8455-210777-0036.flac,4446-2271-0005,8455-210777-0036,/Users/davidmillard/Downloads/eval/our_SB_1/4446-2271-0005__to__8455-210777-0036.wav,/Users/davidmillard/Downloads/eval/freevc/target/4446-2271-0005_to_8455-210777-0036_target.flac,True,0.4085408449172973,3.2869644165039062
560,our_SB_1,4446/2271/4446-2271-0007.flac,7729/102255/7729-102255-0028.flac,4446-2271-0007,7729-102255-0028,/Users/davidmillard/Downloads/eval/our_SB_1/4446-2271-0007__to__7729-102255-0028.wav,/Users/davidmillard/Downloads/eval/freevc/target/4446-2271-0007_to_7729-102255-0028_target.flac,True,0.162094309926033,3.232177972793579
561,our_SB_1,4446/2271/4446-2271-0009.flac,1995/1826/1995-1826-0016.flac,4446-2271-0009,1995-1826-0016,/Users/davidmillard/Downloads/eval/our_SB_1/4446-2271-0009__to__1995-1826-0016.wav,/Users/davidmillard/Downloads/eval/freevc/target/4446-2271-0009_to_1995-1826-0016_target.flac,True,0.3750045597553253,3.087432384490967
562,our_SB_1,4446/2271/4446-2271-0011.flac,5639/40744/5639-40744-0021.flac,4446-2271-0011,5639-40744-0021,/Users/davidmillard/Downloads/eval/our_SB_1/4446-2271-0011__to__5639-40744-0021.wav,/Users/davidmillard/Downloads/eval/freevc/target/4446-2271-0011_to_5639-40744-0021_target.flac,True,0.4851167798042297,3.0549075603485107
563,our_SB_1,4446/2271/4446-2271-0013.flac,2300/131720/2300-131720-0012.flac,4446-2271-0013,2300-131720-0012,/Users/davidmillard/Downloads/eval/our_SB_1/4446-2271-0013__to__2300-131720-0012.wav,/Users/davidmillard/Downloads/eval/freevc/target/4446-2271-0013_to_2300-131720-0012_target.flac,True,0.3248046934604645,2.8306918144226074
564,our_SB_1,4446/2271/4446-2271-0015.flac,61/70970/61-70970-0001.flac,4446-2271-0015,61-70970-0001,/Users/davidmillard/Downloads/eval/our_SB_1/4446-2271-0015__to__61-70970-0001.wav,/Users/davidmillard/Downloads/eval/freevc/target/4446-2271-0015_to_61-70970-0001_target.flac,True,0.3915789723396301,2.7010974884033203
565,our_SB_1,4446/2271/4446-2271-0017.flac,121/121726/121-121726-0008.flac,4446-2271-0017,121-121726-0008,/Users/davidmillard/Downloads/eval/our_SB_1/4446-2271-0017__to__121-121726-0008.wav,/Users/davidmillard/Downloads/eval/freevc/target/4446-2271-0017_to_121-121726-0008_target.flac,True,0.157827079296112,3.3977973461151123
566,our_SB_1,4446/2271/4446-2271-0019.flac,7127/75947/7127-75947-0036.flac,4446-2271-0019,7127-75947-0036,/Users/davidmillard/Downloads/eval/our_SB_1/4446-2271-0019__to__7127-75947-0036.wav,/Users/davidmillard/Downloads/eval/freevc/target/4446-2271-0019_to_7127-75947-0036_target.flac,True,0.1505651026964187,2.465345859527588
567,our_SB_1,4446/2271/4446-2271-0021.flac,908/31957/908-31957-0001.flac,4446-2271-0021,908-31957-0001,/Users/davidmillard/Downloads/eval/our_SB_1/4446-2271-0021__to__908-31957-0001.wav,/Users/davidmillard/Downloads/eval/freevc/target/4446-2271-0021_to_908-31957-0001_target.flac,True,0.2713800370693207,2.931121587753296
568,our_SB_1,4446/2271/4446-2271-0023.flac,4992/23283/4992-23283-0010.flac,4446-2271-0023,4992-23283-0010,/Users/davidmillard/Downloads/eval/our_SB_1/4446-2271-0023__to__4992-23283-0010.wav,/Users/davidmillard/Downloads/eval/freevc/target/4446-2271-0023_to_4992-23283-0010_target.flac,True,0.3816806972026825,3.14009428024292
569,our_SB_1,4446/2273/4446-2273-0000.flac,4970/29095/4970-29095-0013.flac,4446-2273-0000,4970-29095-0013,/Users/davidmillard/Downloads/eval/our_SB_1/4446-2273-0000__to__4970-29095-0013.wav,/Users/davidmillard/Downloads/eval/freevc/target/4446-2273-0000_to_4970-29095-0013_target.flac,True,0.1588589400053024,4.039658069610596
570,our_SB_1,4446/2273/4446-2273-0002.flac,7729/102255/7729-102255-0034.flac,4446-2273-0002,7729-102255-0034,/Users/davidmillard/Downloads/eval/our_SB_1/4446-2273-0002__to__7729-102255-0034.wav,/Users/davidmillard/Downloads/eval/freevc/target/4446-2273-0002_to_7729-102255-0034_target.flac,True,0.3740867376327514,2.7756757736206055
571,our_SB_1,4446/2273/4446-2273-0004.flac,4970/29095/4970-29095-0006.flac,4446-2273-0004,4970-29095-0006,/Users/davidmillard/Downloads/eval/our_SB_1/4446-2273-0004__to__4970-29095-0006.wav,/Users/davidmillard/Downloads/eval/freevc/target/4446-2273-0004_to_4970-29095-0006_target.flac,True,0.4739507734775543,3.56559419631958
572,our_SB_1,4446/2273/4446-2273-0006.flac,5105/28241/5105-28241-0007.flac,4446-2273-0006,5105-28241-0007,/Users/davidmillard/Downloads/eval/our_SB_1/4446-2273-0006__to__5105-28241-0007.wav,/Users/davidmillard/Downloads/eval/freevc/target/4446-2273-0006_to_5105-28241-0007_target.flac,True,0.2579448223114013,2.7705085277557373
573,our_SB_1,4446/2273/4446-2273-0008.flac,8555/284447/8555-284447-0019.flac,4446-2273-0008,8555-284447-0019,/Users/davidmillard/Downloads/eval/our_SB_1/4446-2273-0008__to__8555-284447-0019.wav,/Users/davidmillard/Downloads/eval/freevc/target/4446-2273-0008_to_8555-284447-0019_target.flac,True,0.2509571313858032,3.6326277256011963
574,our_SB_1,4446/2273/4446-2273-0010.flac,7127/75947/7127-75947-0003.flac,4446-2273-0010,7127-75947-0003,/Users/davidmillard/Downloads/eval/our_SB_1/4446-2273-0010__to__7127-75947-0003.wav,/Users/davidmillard/Downloads/eval/freevc/target/4446-2273-0010_to_7127-75947-0003_target.flac,True,0.3817355334758758,3.391763687133789
575,our_SB_1,4446/2273/4446-2273-0012.flac,3570/5696/3570-5696-0007.flac,4446-2273-0012,3570-5696-0007,/Users/davidmillard/Downloads/eval/our_SB_1/4446-2273-0012__to__3570-5696-0007.wav,/Users/davidmillard/Downloads/eval/freevc/target/4446-2273-0012_to_3570-5696-0007_target.flac,True,0.348175048828125,3.0090065002441406
576,our_SB_1,4446/2273/4446-2273-0014.flac,7127/75946/7127-75946-0021.flac,4446-2273-0014,7127-75946-0021,/Users/davidmillard/Downloads/eval/our_SB_1/4446-2273-0014__to__7127-75946-0021.wav,/Users/davidmillard/Downloads/eval/freevc/target/4446-2273-0014_to_7127-75946-0021_target.flac,True,0.4270789623260498,3.4798617362976074
577,our_SB_1,4446/2273/4446-2273-0016.flac,2300/131720/2300-131720-0015.flac,4446-2273-0016,2300-131720-0015,/Users/davidmillard/Downloads/eval/our_SB_1/4446-2273-0016__to__2300-131720-0015.wav,/Users/davidmillard/Downloads/eval/freevc/target/4446-2273-0016_to_2300-131720-0015_target.flac,True,0.2815828919410705,3.3949825763702393
578,our_SB_1,4446/2273/4446-2273-0018.flac,1995/1826/1995-1826-0024.flac,4446-2273-0018,1995-1826-0024,/Users/davidmillard/Downloads/eval/our_SB_1/4446-2273-0018__to__1995-1826-0024.wav,/Users/davidmillard/Downloads/eval/freevc/target/4446-2273-0018_to_1995-1826-0024_target.flac,True,0.2609634697437286,3.6986083984375
579,our_SB_1,4446/2273/4446-2273-0020.flac,4992/41797/4992-41797-0005.flac,4446-2273-0020,4992-41797-0005,/Users/davidmillard/Downloads/eval/our_SB_1/4446-2273-0020__to__4992-41797-0005.wav,/Users/davidmillard/Downloads/eval/freevc/target/4446-2273-0020_to_4992-41797-0005_target.flac,True,0.2800439298152923,3.14516282081604
580,our_SB_1,4446/2273/4446-2273-0022.flac,2961/961/2961-961-0003.flac,4446-2273-0022,2961-961-0003,/Users/davidmillard/Downloads/eval/our_SB_1/4446-2273-0022__to__2961-961-0003.wav,/Users/davidmillard/Downloads/eval/freevc/target/4446-2273-0022_to_2961-961-0003_target.flac,True,0.2780439853668213,3.3401362895965576
581,our_SB_1,4446/2273/4446-2273-0024.flac,7127/75946/7127-75946-0007.flac,4446-2273-0024,7127-75946-0007,/Users/davidmillard/Downloads/eval/our_SB_1/4446-2273-0024__to__7127-75946-0007.wav,/Users/davidmillard/Downloads/eval/freevc/target/4446-2273-0024_to_7127-75946-0007_target.flac,True,0.265362948179245,2.9686572551727295
582,our_SB_1,4446/2273/4446-2273-0026.flac,2961/961/2961-961-0012.flac,4446-2273-0026,2961-961-0012,/Users/davidmillard/Downloads/eval/our_SB_1/4446-2273-0026__to__2961-961-0012.wav,/Users/davidmillard/Downloads/eval/freevc/target/4446-2273-0026_to_2961-961-0012_target.flac,True,0.1334942281246185,3.1431429386138916
583,our_SB_1,4446/2273/4446-2273-0028.flac,7127/75947/7127-75947-0037.flac,4446-2273-0028,7127-75947-0037,/Users/davidmillard/Downloads/eval/our_SB_1/4446-2273-0028__to__7127-75947-0037.wav,/Users/davidmillard/Downloads/eval/freevc/target/4446-2273-0028_to_7127-75947-0037_target.flac,True,0.4403074383735657,3.1268763542175293
584,our_SB_1,4446/2273/4446-2273-0030.flac,260/123288/260-123288-0026.flac,4446-2273-0030,260-123288-0026,/Users/davidmillard/Downloads/eval/our_SB_1/4446-2273-0030__to__260-123288-0026.wav,/Users/davidmillard/Downloads/eval/freevc/target/4446-2273-0030_to_260-123288-0026_target.flac,True,0.2230224758386612,3.1329185962677
585,our_SB_1,4446/2273/4446-2273-0032.flac,8230/279154/8230-279154-0022.flac,4446-2273-0032,8230-279154-0022,/Users/davidmillard/Downloads/eval/our_SB_1/4446-2273-0032__to__8230-279154-0022.wav,/Users/davidmillard/Downloads/eval/freevc/target/4446-2273-0032_to_8230-279154-0022_target.flac,True,0.5191506147384644,2.816561222076416
586,our_SB_1,4446/2273/4446-2273-0034.flac,7127/75946/7127-75946-0024.flac,4446-2273-0034,7127-75946-0024,/Users/davidmillard/Downloads/eval/our_SB_1/4446-2273-0034__to__7127-75946-0024.wav,/Users/davidmillard/Downloads/eval/freevc/target/4446-2273-0034_to_7127-75946-0024_target.flac,True,0.3667615056037903,3.194092035293579
587,our_SB_1,4446/2273/4446-2273-0036.flac,8455/210777/8455-210777-0038.flac,4446-2273-0036,8455-210777-0038,/Users/davidmillard/Downloads/eval/our_SB_1/4446-2273-0036__to__8455-210777-0038.wav,/Users/davidmillard/Downloads/eval/freevc/target/4446-2273-0036_to_8455-210777-0038_target.flac,True,0.366668701171875,3.2405121326446533
588,our_SB_1,4446/2275/4446-2275-0001.flac,4507/16021/4507-16021-0045.flac,4446-2275-0001,4507-16021-0045,/Users/davidmillard/Downloads/eval/our_SB_1/4446-2275-0001__to__4507-16021-0045.wav,/Users/davidmillard/Downloads/eval/freevc/target/4446-2275-0001_to_4507-16021-0045_target.flac,True,0.5619753003120422,3.2170212268829346
589,our_SB_1,4446/2275/4446-2275-0003.flac,7176/92135/7176-92135-0012.flac,4446-2275-0003,7176-92135-0012,/Users/davidmillard/Downloads/eval/our_SB_1/4446-2275-0003__to__7176-92135-0012.wav,/Users/davidmillard/Downloads/eval/freevc/target/4446-2275-0003_to_7176-92135-0012_target.flac,True,0.2407031953334808,3.8870863914489746
590,our_SB_1,4446/2275/4446-2275-0005.flac,8455/210777/8455-210777-0035.flac,4446-2275-0005,8455-210777-0035,/Users/davidmillard/Downloads/eval/our_SB_1/4446-2275-0005__to__8455-210777-0035.wav,/Users/davidmillard/Downloads/eval/freevc/target/4446-2275-0005_to_8455-210777-0035_target.flac,True,0.3977119326591491,3.48140549659729
591,our_SB_1,4446/2275/4446-2275-0007.flac,8463/294828/8463-294828-0034.flac,4446-2275-0007,8463-294828-0034,/Users/davidmillard/Downloads/eval/our_SB_1/4446-2275-0007__to__8463-294828-0034.wav,/Users/davidmillard/Downloads/eval/freevc/target/4446-2275-0007_to_8463-294828-0034_target.flac,True,0.3289287090301513,3.2754902839660645
592,our_SB_1,4446/2275/4446-2275-0009.flac,5142/36586/5142-36586-0003.flac,4446-2275-0009,5142-36586-0003,/Users/davidmillard/Downloads/eval/our_SB_1/4446-2275-0009__to__5142-36586-0003.wav,/Users/davidmillard/Downloads/eval/freevc/target/4446-2275-0009_to_5142-36586-0003_target.flac,True,0.2124922126531601,3.16493558883667
593,our_SB_1,4446/2275/4446-2275-0011.flac,121/123852/121-123852-0003.flac,4446-2275-0011,121-123852-0003,/Users/davidmillard/Downloads/eval/our_SB_1/4446-2275-0011__to__121-123852-0003.wav,/Users/davidmillard/Downloads/eval/freevc/target/4446-2275-0011_to_121-123852-0003_target.flac,True,0.2078197449445724,3.3031222820281982
594,our_SB_1,4446/2275/4446-2275-0013.flac,6930/76324/6930-76324-0011.flac,4446-2275-0013,6930-76324-0011,/Users/davidmillard/Downloads/eval/our_SB_1/4446-2275-0013__to__6930-76324-0011.wav,/Users/davidmillard/Downloads/eval/freevc/target/4446-2275-0013_to_6930-76324-0011_target.flac,True,0.2364586889743805,2.446364402770996
595,our_SB_1,4446/2275/4446-2275-0015.flac,2830/3980/2830-3980-0055.flac,4446-2275-0015,2830-3980-0055,/Users/davidmillard/Downloads/eval/our_SB_1/4446-2275-0015__to__2830-3980-0055.wav,/Users/davidmillard/Downloads/eval/freevc/target/4446-2275-0015_to_2830-3980-0055_target.flac,True,0.4239808320999145,3.090643882751465
596,our_SB_1,4446/2275/4446-2275-0017.flac,4077/13751/4077-13751-0008.flac,4446-2275-0017,4077-13751-0008,/Users/davidmillard/Downloads/eval/our_SB_1/4446-2275-0017__to__4077-13751-0008.wav,/Users/davidmillard/Downloads/eval/freevc/target/4446-2275-0017_to_4077-13751-0008_target.flac,True,0.3026742041110992,3.3515334129333496
597,our_SB_1,4446/2275/4446-2275-0019.flac,8555/284447/8555-284447-0015.flac,4446-2275-0019,8555-284447-0015,/Users/davidmillard/Downloads/eval/our_SB_1/4446-2275-0019__to__8555-284447-0015.wav,/Users/davidmillard/Downloads/eval/freevc/target/4446-2275-0019_to_8555-284447-0015_target.flac,True,0.0892124027013778,3.0148329734802246
598,our_SB_1,4446/2275/4446-2275-0021.flac,8224/274381/8224-274381-0014.flac,4446-2275-0021,8224-274381-0014,/Users/davidmillard/Downloads/eval/our_SB_1/4446-2275-0021__to__8224-274381-0014.wav,/Users/davidmillard/Downloads/eval/freevc/target/4446-2275-0021_to_8224-274381-0014_target.flac,True,0.3680538237094879,2.7762300968170166
599,our_SB_1,4446/2275/4446-2275-0023.flac,1580/141083/1580-141083-0052.flac,4446-2275-0023,1580-141083-0052,/Users/davidmillard/Downloads/eval/our_SB_1/4446-2275-0023__to__1580-141083-0052.wav,/Users/davidmillard/Downloads/eval/freevc/target/4446-2275-0023_to_1580-141083-0052_target.flac,True,0.3424827754497528,3.2599751949310303
600,our_SB_1,4446/2275/4446-2275-0025.flac,7127/75946/7127-75946-0012.flac,4446-2275-0025,7127-75946-0012,/Users/davidmillard/Downloads/eval/our_SB_1/4446-2275-0025__to__7127-75946-0012.wav,/Users/davidmillard/Downloads/eval/freevc/target/4446-2275-0025_to_7127-75946-0012_target.flac,True,0.277832955121994,3.1364564895629883
601,our_SB_1,4446/2275/4446-2275-0027.flac,8455/210777/8455-210777-0020.flac,4446-2275-0027,8455-210777-0020,/Users/davidmillard/Downloads/eval/our_SB_1/4446-2275-0027__to__8455-210777-0020.wav,/Users/davidmillard/Downloads/eval/freevc/target/4446-2275-0027_to_8455-210777-0020_target.flac,True,0.213331401348114,3.410438060760498
602,our_SB_1,4446/2275/4446-2275-0029.flac,7127/75946/7127-75946-0025.flac,4446-2275-0029,7127-75946-0025,/Users/davidmillard/Downloads/eval/our_SB_1/4446-2275-0029__to__7127-75946-0025.wav,/Users/davidmillard/Downloads/eval/freevc/target/4446-2275-0029_to_7127-75946-0025_target.flac,True,0.3250007033348083,3.019578695297241
603,our_SB_1,4446/2275/4446-2275-0031.flac,4507/16021/4507-16021-0041.flac,4446-2275-0031,4507-16021-0041,/Users/davidmillard/Downloads/eval/our_SB_1/4446-2275-0031__to__4507-16021-0041.wav,/Users/davidmillard/Downloads/eval/freevc/target/4446-2275-0031_to_4507-16021-0041_target.flac,True,0.3084013760089874,3.332371950149536
604,our_SB_1,4446/2275/4446-2275-0033.flac,8463/294825/8463-294825-0014.flac,4446-2275-0033,8463-294825-0014,/Users/davidmillard/Downloads/eval/our_SB_1/4446-2275-0033__to__8463-294825-0014.wav,/Users/davidmillard/Downloads/eval/freevc/target/4446-2275-0033_to_8463-294825-0014_target.flac,True,0.3588153421878814,3.472391128540039
605,our_SB_1,4446/2275/4446-2275-0035.flac,260/123288/260-123288-0021.flac,4446-2275-0035,260-123288-0021,/Users/davidmillard/Downloads/eval/our_SB_1/4446-2275-0035__to__260-123288-0021.wav,/Users/davidmillard/Downloads/eval/freevc/target/4446-2275-0035_to_260-123288-0021_target.flac,True,0.3222124576568603,3.2469544410705566
606,our_SB_1,4446/2275/4446-2275-0037.flac,61/70970/61-70970-0037.flac,4446-2275-0037,61-70970-0037,/Users/davidmillard/Downloads/eval/our_SB_1/4446-2275-0037__to__61-70970-0037.wav,/Users/davidmillard/Downloads/eval/freevc/target/4446-2275-0037_to_61-70970-0037_target.flac,True,0.2529035210609436,3.247095823287964
607,our_SB_1,4446/2275/4446-2275-0039.flac,4507/16021/4507-16021-0056.flac,4446-2275-0039,4507-16021-0056,/Users/davidmillard/Downloads/eval/our_SB_1/4446-2275-0039__to__4507-16021-0056.wav,/Users/davidmillard/Downloads/eval/freevc/target/4446-2275-0039_to_4507-16021-0056_target.flac,True,0.2176613211631775,3.1405982971191406
608,our_SB_1,4446/2275/4446-2275-0041.flac,4970/29095/4970-29095-0012.flac,4446-2275-0041,4970-29095-0012,/Users/davidmillard/Downloads/eval/our_SB_1/4446-2275-0041__to__4970-29095-0012.wav,/Users/davidmillard/Downloads/eval/freevc/target/4446-2275-0041_to_4970-29095-0012_target.flac,True,0.2860808372497558,2.175109386444092
609,our_SB_1,4446/2275/4446-2275-0043.flac,5105/28240/5105-28240-0007.flac,4446-2275-0043,5105-28240-0007,/Users/davidmillard/Downloads/eval/our_SB_1/4446-2275-0043__to__5105-28240-0007.wav,/Users/davidmillard/Downloads/eval/freevc/target/4446-2275-0043_to_5105-28240-0007_target.flac,True,0.3693762123584747,2.7516889572143555
610,our_SB_1,4446/2275/4446-2275-0045.flac,8230/279154/8230-279154-0033.flac,4446-2275-0045,8230-279154-0033,/Users/davidmillard/Downloads/eval/our_SB_1/4446-2275-0045__to__8230-279154-0033.wav,/Users/davidmillard/Downloads/eval/freevc/target/4446-2275-0045_to_8230-279154-0033_target.flac,True,0.2612510919570923,2.2272396087646484
611,our_SB_1,4507/16021/4507-16021-0001.flac,7729/102255/7729-102255-0029.flac,4507-16021-0001,7729-102255-0029,/Users/davidmillard/Downloads/eval/our_SB_1/4507-16021-0001__to__7729-102255-0029.wav,/Users/davidmillard/Downloads/eval/freevc/target/4507-16021-0001_to_7729-102255-0029_target.flac,True,0.3738839328289032,3.014103889465332
612,our_SB_1,4507/16021/4507-16021-0003.flac,1995/1837/1995-1837-0000.flac,4507-16021-0003,1995-1837-0000,/Users/davidmillard/Downloads/eval/our_SB_1/4507-16021-0003__to__1995-1837-0000.wav,/Users/davidmillard/Downloads/eval/freevc/target/4507-16021-0003_to_1995-1837-0000_target.flac,True,0.310495525598526,2.9180150032043457
613,our_SB_1,4507/16021/4507-16021-0005.flac,3729/6852/3729-6852-0045.flac,4507-16021-0005,3729-6852-0045,/Users/davidmillard/Downloads/eval/our_SB_1/4507-16021-0005__to__3729-6852-0045.wav,/Users/davidmillard/Downloads/eval/freevc/target/4507-16021-0005_to_3729-6852-0045_target.flac,True,0.4700065553188324,3.4524941444396973
614,our_SB_1,4507/16021/4507-16021-0007.flac,5105/28241/5105-28241-0014.flac,4507-16021-0007,5105-28241-0014,/Users/davidmillard/Downloads/eval/our_SB_1/4507-16021-0007__to__5105-28241-0014.wav,/Users/davidmillard/Downloads/eval/freevc/target/4507-16021-0007_to_5105-28241-0014_target.flac,True,0.212018683552742,3.086761951446533
615,our_SB_1,4507/16021/4507-16021-0009.flac,2830/3980/2830-3980-0009.flac,4507-16021-0009,2830-3980-0009,/Users/davidmillard/Downloads/eval/our_SB_1/4507-16021-0009__to__2830-3980-0009.wav,/Users/davidmillard/Downloads/eval/freevc/target/4507-16021-0009_to_2830-3980-0009_target.flac,True,0.2708785533905029,3.0210063457489014
616,our_SB_1,4507/16021/4507-16021-0011.flac,7729/102255/7729-102255-0020.flac,4507-16021-0011,7729-102255-0020,/Users/davidmillard/Downloads/eval/our_SB_1/4507-16021-0011__to__7729-102255-0020.wav,/Users/davidmillard/Downloads/eval/freevc/target/4507-16021-0011_to_7729-102255-0020_target.flac,True,0.2899959087371826,3.279526948928833
617,our_SB_1,4507/16021/4507-16021-0013.flac,1580/141083/1580-141083-0023.flac,4507-16021-0013,1580-141083-0023,/Users/davidmillard/Downloads/eval/our_SB_1/4507-16021-0013__to__1580-141083-0023.wav,/Users/davidmillard/Downloads/eval/freevc/target/4507-16021-0013_to_1580-141083-0023_target.flac,True,0.4813383519649505,3.832242965698242
618,our_SB_1,4507/16021/4507-16021-0015.flac,4992/41806/4992-41806-0015.flac,4507-16021-0015,4992-41806-0015,/Users/davidmillard/Downloads/eval/our_SB_1/4507-16021-0015__to__4992-41806-0015.wav,/Users/davidmillard/Downloads/eval/freevc/target/4507-16021-0015_to_4992-41806-0015_target.flac,True,0.4068392813205719,3.171323299407959
619,our_SB_1,4507/16021/4507-16021-0017.flac,3729/6852/3729-6852-0024.flac,4507-16021-0017,3729-6852-0024,/Users/davidmillard/Downloads/eval/our_SB_1/4507-16021-0017__to__3729-6852-0024.wav,/Users/davidmillard/Downloads/eval/freevc/target/4507-16021-0017_to_3729-6852-0024_target.flac,True,0.5291474461555481,3.400947093963623
620,our_SB_1,4507/16021/4507-16021-0019.flac,4077/13751/4077-13751-0021.flac,4507-16021-0019,4077-13751-0021,/Users/davidmillard/Downloads/eval/our_SB_1/4507-16021-0019__to__4077-13751-0021.wav,/Users/davidmillard/Downloads/eval/freevc/target/4507-16021-0019_to_4077-13751-0021_target.flac,True,0.3827487230300903,3.1862540245056152
621,our_SB_1,4507/16021/4507-16021-0021.flac,8463/287645/8463-287645-0001.flac,4507-16021-0021,8463-287645-0001,/Users/davidmillard/Downloads/eval/our_SB_1/4507-16021-0021__to__8463-287645-0001.wav,/Users/davidmillard/Downloads/eval/freevc/target/4507-16021-0021_to_8463-287645-0001_target.flac,True,0.3415436148643493,3.6107091903686523
622,our_SB_1,4507/16021/4507-16021-0023.flac,5639/40744/5639-40744-0015.flac,4507-16021-0023,5639-40744-0015,/Users/davidmillard/Downloads/eval/our_SB_1/4507-16021-0023__to__5639-40744-0015.wav,/Users/davidmillard/Downloads/eval/freevc/target/4507-16021-0023_to_5639-40744-0015_target.flac,True,0.4709539413452148,3.0341053009033203
623,our_SB_1,4507/16021/4507-16021-0025.flac,7021/79740/7021-79740-0009.flac,4507-16021-0025,7021-79740-0009,/Users/davidmillard/Downloads/eval/our_SB_1/4507-16021-0025__to__7021-79740-0009.wav,/Users/davidmillard/Downloads/eval/freevc/target/4507-16021-0025_to_7021-79740-0009_target.flac,True,0.1140103563666343,3.231679916381836
624,our_SB_1,4507/16021/4507-16021-0027.flac,7729/102255/7729-102255-0045.flac,4507-16021-0027,7729-102255-0045,/Users/davidmillard/Downloads/eval/our_SB_1/4507-16021-0027__to__7729-102255-0045.wav,/Users/davidmillard/Downloads/eval/freevc/target/4507-16021-0027_to_7729-102255-0045_target.flac,True,0.4051730930805206,2.7675116062164307
625,our_SB_1,4507/16021/4507-16021-0029.flac,1995/1836/1995-1836-0010.flac,4507-16021-0029,1995-1836-0010,/Users/davidmillard/Downloads/eval/our_SB_1/4507-16021-0029__to__1995-1836-0010.wav,/Users/davidmillard/Downloads/eval/freevc/target/4507-16021-0029_to_1995-1836-0010_target.flac,True,0.2657789885997772,3.157534122467041
626,our_SB_1,4507/16021/4507-16021-0031.flac,3570/5694/3570-5694-0014.flac,4507-16021-0031,3570-5694-0014,/Users/davidmillard/Downloads/eval/our_SB_1/4507-16021-0031__to__3570-5694-0014.wav,/Users/davidmillard/Downloads/eval/freevc/target/4507-16021-0031_to_3570-5694-0014_target.flac,True,0.523564338684082,3.4556267261505127
627,our_SB_1,4507/16021/4507-16021-0033.flac,2300/131720/2300-131720-0029.flac,4507-16021-0033,2300-131720-0029,/Users/davidmillard/Downloads/eval/our_SB_1/4507-16021-0033__to__2300-131720-0029.wav,/Users/davidmillard/Downloads/eval/freevc/target/4507-16021-0033_to_2300-131720-0029_target.flac,True,0.3640318512916565,2.791125774383545
628,our_SB_1,4507/16021/4507-16021-0035.flac,672/122797/672-122797-0070.flac,4507-16021-0035,672-122797-0070,/Users/davidmillard/Downloads/eval/our_SB_1/4507-16021-0035__to__672-122797-0070.wav,/Users/davidmillard/Downloads/eval/freevc/target/4507-16021-0035_to_672-122797-0070_target.flac,True,0.4216177463531494,3.1922264099121094
629,our_SB_1,4507/16021/4507-16021-0037.flac,2961/960/2961-960-0015.flac,4507-16021-0037,2961-960-0015,/Users/davidmillard/Downloads/eval/our_SB_1/4507-16021-0037__to__2961-960-0015.wav,/Users/davidmillard/Downloads/eval/freevc/target/4507-16021-0037_to_2961-960-0015_target.flac,True,0.1658565700054168,2.8999762535095215
630,our_SB_1,4507/16021/4507-16021-0039.flac,1320/122617/1320-122617-0016.flac,4507-16021-0039,1320-122617-0016,/Users/davidmillard/Downloads/eval/our_SB_1/4507-16021-0039__to__1320-122617-0016.wav,/Users/davidmillard/Downloads/eval/freevc/target/4507-16021-0039_to_1320-122617-0016_target.flac,True,0.3950957059860229,2.380737543106079
631,our_SB_1,4507/16021/4507-16021-0041.flac,5639/40744/5639-40744-0004.flac,4507-16021-0041,5639-40744-0004,/Users/davidmillard/Downloads/eval/our_SB_1/4507-16021-0041__to__5639-40744-0004.wav,/Users/davidmillard/Downloads/eval/freevc/target/4507-16021-0041_to_5639-40744-0004_target.flac,True,0.256723403930664,3.8957364559173584
632,our_SB_1,4507/16021/4507-16021-0043.flac,1221/135767/1221-135767-0019.flac,4507-16021-0043,1221-135767-0019,/Users/davidmillard/Downloads/eval/our_SB_1/4507-16021-0043__to__1221-135767-0019.wav,/Users/davidmillard/Downloads/eval/freevc/target/4507-16021-0043_to_1221-135767-0019_target.flac,True,0.2128666937351226,3.5196518898010254
633,our_SB_1,4507/16021/4507-16021-0045.flac,8463/294828/8463-294828-0033.flac,4507-16021-0045,8463-294828-0033,/Users/davidmillard/Downloads/eval/our_SB_1/4507-16021-0045__to__8463-294828-0033.wav,/Users/davidmillard/Downloads/eval/freevc/target/4507-16021-0045_to_8463-294828-0033_target.flac,True,0.4147478640079498,3.6441867351531982
634,our_SB_1,4507/16021/4507-16021-0047.flac,4992/41806/4992-41806-0010.flac,4507-16021-0047,4992-41806-0010,/Users/davidmillard/Downloads/eval/our_SB_1/4507-16021-0047__to__4992-41806-0010.wav,/Users/davidmillard/Downloads/eval/freevc/target/4507-16021-0047_to_4992-41806-0010_target.flac,True,0.3805972337722778,3.1348438262939453
635,our_SB_1,4507/16021/4507-16021-0049.flac,1995/1826/1995-1826-0026.flac,4507-16021-0049,1995-1826-0026,/Users/davidmillard/Downloads/eval/our_SB_1/4507-16021-0049__to__1995-1826-0026.wav,/Users/davidmillard/Downloads/eval/freevc/target/4507-16021-0049_to_1995-1826-0026_target.flac,True,0.2779403924942016,3.2779147624969482
636,our_SB_1,4507/16021/4507-16021-0051.flac,1320/122617/1320-122617-0040.flac,4507-16021-0051,1320-122617-0040,/Users/davidmillard/Downloads/eval/our_SB_1/4507-16021-0051__to__1320-122617-0040.wav,/Users/davidmillard/Downloads/eval/freevc/target/4507-16021-0051_to_1320-122617-0040_target.flac,True,0.4462079703807831,3.1485745906829834
637,our_SB_1,4507/16021/4507-16021-0053.flac,1221/135767/1221-135767-0013.flac,4507-16021-0053,1221-135767-0013,/Users/davidmillard/Downloads/eval/our_SB_1/4507-16021-0053__to__1221-135767-0013.wav,/Users/davidmillard/Downloads/eval/freevc/target/4507-16021-0053_to_1221-135767-0013_target.flac,True,0.20157191157341,2.000681161880493
638,our_SB_1,4507/16021/4507-16021-0055.flac,672/122797/672-122797-0058.flac,4507-16021-0055,672-122797-0058,/Users/davidmillard/Downloads/eval/our_SB_1/4507-16021-0055__to__672-122797-0058.wav,/Users/davidmillard/Downloads/eval/freevc/target/4507-16021-0055_to_672-122797-0058_target.flac,True,0.2828535139560699,2.589869737625122
639,our_SB_1,4507/16021/4507-16021-0057.flac,8455/210777/8455-210777-0059.flac,4507-16021-0057,8455-210777-0059,/Users/davidmillard/Downloads/eval/our_SB_1/4507-16021-0057__to__8455-210777-0059.wav,/Users/davidmillard/Downloads/eval/freevc/target/4507-16021-0057_to_8455-210777-0059_target.flac,True,0.1393966674804687,2.4974613189697266
640,our_SB_1,4507/16021/4507-16021-0059.flac,1188/133604/1188-133604-0025.flac,4507-16021-0059,1188-133604-0025,/Users/davidmillard/Downloads/eval/our_SB_1/4507-16021-0059__to__1188-133604-0025.wav,/Users/davidmillard/Downloads/eval/freevc/target/4507-16021-0059_to_1188-133604-0025_target.flac,True,0.2841905057430267,3.1188418865203857
641,our_SB_1,4970/29093/4970-29093-0001.flac,2961/961/2961-961-0014.flac,4970-29093-0001,2961-961-0014,/Users/davidmillard/Downloads/eval/our_SB_1/4970-29093-0001__to__2961-961-0014.wav,/Users/davidmillard/Downloads/eval/freevc/target/4970-29093-0001_to_2961-961-0014_target.flac,True,0.2134164273738861,3.0954957008361816
642,our_SB_1,4970/29093/4970-29093-0003.flac,6829/68769/6829-68769-0044.flac,4970-29093-0003,6829-68769-0044,/Users/davidmillard/Downloads/eval/our_SB_1/4970-29093-0003__to__6829-68769-0044.wav,/Users/davidmillard/Downloads/eval/freevc/target/4970-29093-0003_to_6829-68769-0044_target.flac,True,0.2590113282203674,3.1552975177764893
643,our_SB_1,4970/29093/4970-29093-0005.flac,1221/135766/1221-135766-0004.flac,4970-29093-0005,1221-135766-0004,/Users/davidmillard/Downloads/eval/our_SB_1/4970-29093-0005__to__1221-135766-0004.wav,/Users/davidmillard/Downloads/eval/freevc/target/4970-29093-0005_to_1221-135766-0004_target.flac,True,0.3790829181671142,3.2864842414855957
644,our_SB_1,4970/29093/4970-29093-0007.flac,4446/2273/4446-2273-0027.flac,4970-29093-0007,4446-2273-0027,/Users/davidmillard/Downloads/eval/our_SB_1/4970-29093-0007__to__4446-2273-0027.wav,/Users/davidmillard/Downloads/eval/freevc/target/4970-29093-0007_to_4446-2273-0027_target.flac,True,0.4194696843624115,3.0317280292510986
645,our_SB_1,4970/29093/4970-29093-0009.flac,672/122797/672-122797-0047.flac,4970-29093-0009,672-122797-0047,/Users/davidmillard/Downloads/eval/our_SB_1/4970-29093-0009__to__672-122797-0047.wav,/Users/davidmillard/Downloads/eval/freevc/target/4970-29093-0009_to_672-122797-0047_target.flac,True,0.2412237077951431,2.9866349697113037
646,our_SB_1,4970/29093/4970-29093-0011.flac,5683/32866/5683-32866-0030.flac,4970-29093-0011,5683-32866-0030,/Users/davidmillard/Downloads/eval/our_SB_1/4970-29093-0011__to__5683-32866-0030.wav,/Users/davidmillard/Downloads/eval/freevc/target/4970-29093-0011_to_5683-32866-0030_target.flac,True,0.4496956765651703,2.626462697982788
647,our_SB_1,4970/29093/4970-29093-0013.flac,8230/279154/8230-279154-0008.flac,4970-29093-0013,8230-279154-0008,/Users/davidmillard/Downloads/eval/our_SB_1/4970-29093-0013__to__8230-279154-0008.wav,/Users/davidmillard/Downloads/eval/freevc/target/4970-29093-0013_to_8230-279154-0008_target.flac,True,0.4037434458732605,2.707491636276245
648,our_SB_1,4970/29093/4970-29093-0015.flac,260/123440/260-123440-0007.flac,4970-29093-0015,260-123440-0007,/Users/davidmillard/Downloads/eval/our_SB_1/4970-29093-0015__to__260-123440-0007.wav,/Users/davidmillard/Downloads/eval/freevc/target/4970-29093-0015_to_260-123440-0007_target.flac,True,0.2176405787467956,2.8077261447906494
649,our_SB_1,4970/29093/4970-29093-0017.flac,2094/142345/2094-142345-0046.flac,4970-29093-0017,2094-142345-0046,/Users/davidmillard/Downloads/eval/our_SB_1/4970-29093-0017__to__2094-142345-0046.wav,/Users/davidmillard/Downloads/eval/freevc/target/4970-29093-0017_to_2094-142345-0046_target.flac,True,0.2782370746135711,3.6468615531921387
650,our_SB_1,4970/29093/4970-29093-0019.flac,1188/133604/1188-133604-0019.flac,4970-29093-0019,1188-133604-0019,/Users/davidmillard/Downloads/eval/our_SB_1/4970-29093-0019__to__1188-133604-0019.wav,/Users/davidmillard/Downloads/eval/freevc/target/4970-29093-0019_to_1188-133604-0019_target.flac,True,0.4761342704296112,3.003998279571533
651,our_SB_1,4970/29093/4970-29093-0021.flac,8230/279154/8230-279154-0027.flac,4970-29093-0021,8230-279154-0027,/Users/davidmillard/Downloads/eval/our_SB_1/4970-29093-0021__to__8230-279154-0027.wav,/Users/davidmillard/Downloads/eval/freevc/target/4970-29093-0021_to_8230-279154-0027_target.flac,True,0.3394231796264648,3.6244075298309326
652,our_SB_1,4970/29093/4970-29093-0023.flac,3570/5694/3570-5694-0015.flac,4970-29093-0023,3570-5694-0015,/Users/davidmillard/Downloads/eval/our_SB_1/4970-29093-0023__to__3570-5694-0015.wav,/Users/davidmillard/Downloads/eval/freevc/target/4970-29093-0023_to_3570-5694-0015_target.flac,True,0.2261871248483657,2.2689027786254883
653,our_SB_1,4970/29095/4970-29095-0001.flac,2300/131720/2300-131720-0017.flac,4970-29095-0001,2300-131720-0017,/Users/davidmillard/Downloads/eval/our_SB_1/4970-29095-0001__to__2300-131720-0017.wav,/Users/davidmillard/Downloads/eval/freevc/target/4970-29095-0001_to_2300-131720-0017_target.flac,True,0.3550709784030914,2.8235716819763184
654,our_SB_1,4970/29095/4970-29095-0003.flac,121/127105/121-127105-0026.flac,4970-29095-0003,121-127105-0026,/Users/davidmillard/Downloads/eval/our_SB_1/4970-29095-0003__to__121-127105-0026.wav,/Users/davidmillard/Downloads/eval/freevc/target/4970-29095-0003_to_121-127105-0026_target.flac,True,0.1823725700378418,3.456209897994995
655,our_SB_1,4970/29095/4970-29095-0005.flac,3575/170457/3575-170457-0013.flac,4970-29095-0005,3575-170457-0013,/Users/davidmillard/Downloads/eval/our_SB_1/4970-29095-0005__to__3575-170457-0013.wav,/Users/davidmillard/Downloads/eval/freevc/target/4970-29095-0005_to_3575-170457-0013_target.flac,True,0.4681545197963714,3.6139299869537354
656,our_SB_1,4970/29095/4970-29095-0007.flac,908/157963/908-157963-0002.flac,4970-29095-0007,908-157963-0002,/Users/davidmillard/Downloads/eval/our_SB_1/4970-29095-0007__to__908-157963-0002.wav,/Users/davidmillard/Downloads/eval/freevc/target/4970-29095-0007_to_908-157963-0002_target.flac,True,0.3460927605628967,3.00351619720459
657,our_SB_1,4970/29095/4970-29095-0009.flac,1221/135766/1221-135766-0015.flac,4970-29095-0009,1221-135766-0015,/Users/davidmillard/Downloads/eval/our_SB_1/4970-29095-0009__to__1221-135766-0015.wav,/Users/davidmillard/Downloads/eval/freevc/target/4970-29095-0009_to_1221-135766-0015_target.flac,True,0.2184831500053405,3.0154271125793457
658,our_SB_1,4970/29095/4970-29095-0011.flac,6930/76324/6930-76324-0008.flac,4970-29095-0011,6930-76324-0008,/Users/davidmillard/Downloads/eval/our_SB_1/4970-29095-0011__to__6930-76324-0008.wav,/Users/davidmillard/Downloads/eval/freevc/target/4970-29095-0011_to_6930-76324-0008_target.flac,True,0.2022234052419662,1.6051024198532104
659,our_SB_1,4970/29095/4970-29095-0013.flac,1221/135766/1221-135766-0008.flac,4970-29095-0013,1221-135766-0008,/Users/davidmillard/Downloads/eval/our_SB_1/4970-29095-0013__to__1221-135766-0008.wav,/Users/davidmillard/Downloads/eval/freevc/target/4970-29095-0013_to_1221-135766-0008_target.flac,True,0.0981727093458175,2.089489459991455
660,our_SB_1,4970/29095/4970-29095-0015.flac,3570/5696/3570-5696-0007.flac,4970-29095-0015,3570-5696-0007,/Users/davidmillard/Downloads/eval/our_SB_1/4970-29095-0015__to__3570-5696-0007.wav,/Users/davidmillard/Downloads/eval/freevc/target/4970-29095-0015_to_3570-5696-0007_target.flac,True,0.3357574343681335,3.205932855606079
661,our_SB_1,4970/29095/4970-29095-0017.flac,8463/294828/8463-294828-0006.flac,4970-29095-0017,8463-294828-0006,/Users/davidmillard/Downloads/eval/our_SB_1/4970-29095-0017__to__8463-294828-0006.wav,/Users/davidmillard/Downloads/eval/freevc/target/4970-29095-0017_to_8463-294828-0006_target.flac,True,0.3097734451293945,3.374758720397949
662,our_SB_1,4970/29095/4970-29095-0019.flac,2300/131720/2300-131720-0033.flac,4970-29095-0019,2300-131720-0033,/Users/davidmillard/Downloads/eval/our_SB_1/4970-29095-0019__to__2300-131720-0033.wav,/Users/davidmillard/Downloads/eval/freevc/target/4970-29095-0019_to_2300-131720-0033_target.flac,True,0.221269741654396,3.0630295276641846
663,our_SB_1,4970/29095/4970-29095-0021.flac,4507/16021/4507-16021-0017.flac,4970-29095-0021,4507-16021-0017,/Users/davidmillard/Downloads/eval/our_SB_1/4970-29095-0021__to__4507-16021-0017.wav,/Users/davidmillard/Downloads/eval/freevc/target/4970-29095-0021_to_4507-16021-0017_target.flac,True,0.3947264850139618,3.8634071350097656
664,our_SB_1,4970/29095/4970-29095-0023.flac,8555/292519/8555-292519-0010.flac,4970-29095-0023,8555-292519-0010,/Users/davidmillard/Downloads/eval/our_SB_1/4970-29095-0023__to__8555-292519-0010.wav,/Users/davidmillard/Downloads/eval/freevc/target/4970-29095-0023_to_8555-292519-0010_target.flac,True,0.1702537983655929,2.923218250274658
665,our_SB_1,4970/29095/4970-29095-0025.flac,6829/68771/6829-68771-0017.flac,4970-29095-0025,6829-68771-0017,/Users/davidmillard/Downloads/eval/our_SB_1/4970-29095-0025__to__6829-68771-0017.wav,/Users/davidmillard/Downloads/eval/freevc/target/4970-29095-0025_to_6829-68771-0017_target.flac,True,0.2943741083145141,1.8742339611053467
666,our_SB_1,4970/29095/4970-29095-0027.flac,5142/36377/5142-36377-0013.flac,4970-29095-0027,5142-36377-0013,/Users/davidmillard/Downloads/eval/our_SB_1/4970-29095-0027__to__5142-36377-0013.wav,/Users/davidmillard/Downloads/eval/freevc/target/4970-29095-0027_to_5142-36377-0013_target.flac,True,0.4673735499382019,2.7437262535095215
667,our_SB_1,4970/29095/4970-29095-0029.flac,4992/41806/4992-41806-0000.flac,4970-29095-0029,4992-41806-0000,/Users/davidmillard/Downloads/eval/our_SB_1/4970-29095-0029__to__4992-41806-0000.wav,/Users/davidmillard/Downloads/eval/freevc/target/4970-29095-0029_to_4992-41806-0000_target.flac,True,0.3154899477958679,3.5124387741088867
668,our_SB_1,4970/29095/4970-29095-0031.flac,2300/131720/2300-131720-0019.flac,4970-29095-0031,2300-131720-0019,/Users/davidmillard/Downloads/eval/our_SB_1/4970-29095-0031__to__2300-131720-0019.wav,/Users/davidmillard/Downloads/eval/freevc/target/4970-29095-0031_to_2300-131720-0019_target.flac,True,0.2987930476665497,2.354106903076172
669,our_SB_1,4970/29095/4970-29095-0033.flac,8230/279154/8230-279154-0030.flac,4970-29095-0033,8230-279154-0030,/Users/davidmillard/Downloads/eval/our_SB_1/4970-29095-0033__to__8230-279154-0030.wav,/Users/davidmillard/Downloads/eval/freevc/target/4970-29095-0033_to_8230-279154-0030_target.flac,True,0.5145689249038696,2.4832184314727783
670,our_SB_1,4970/29095/4970-29095-0035.flac,3570/5694/3570-5694-0019.flac,4970-29095-0035,3570-5694-0019,/Users/davidmillard/Downloads/eval/our_SB_1/4970-29095-0035__to__3570-5694-0019.wav,/Users/davidmillard/Downloads/eval/freevc/target/4970-29095-0035_to_3570-5694-0019_target.flac,True,0.2720431387424469,2.9024295806884766
671,our_SB_1,4970/29095/4970-29095-0037.flac,1221/135767/1221-135767-0019.flac,4970-29095-0037,1221-135767-0019,/Users/davidmillard/Downloads/eval/our_SB_1/4970-29095-0037__to__1221-135767-0019.wav,/Users/davidmillard/Downloads/eval/freevc/target/4970-29095-0037_to_1221-135767-0019_target.flac,True,0.1453291028738021,3.3494951725006104
672,our_SB_1,4992/23283/4992-23283-0000.flac,8455/210777/8455-210777-0067.flac,4992-23283-0000,8455-210777-0067,/Users/davidmillard/Downloads/eval/our_SB_1/4992-23283-0000__to__8455-210777-0067.wav,/Users/davidmillard/Downloads/eval/freevc/target/4992-23283-0000_to_8455-210777-0067_target.flac,True,0.1271451115608215,3.327155590057373
673,our_SB_1,4992/23283/4992-23283-0002.flac,3575/170457/3575-170457-0016.flac,4992-23283-0002,3575-170457-0016,/Users/davidmillard/Downloads/eval/our_SB_1/4992-23283-0002__to__3575-170457-0016.wav,/Users/davidmillard/Downloads/eval/freevc/target/4992-23283-0002_to_3575-170457-0016_target.flac,True,0.0423340275883674,2.898226022720337
674,our_SB_1,4992/23283/4992-23283-0004.flac,1320/122617/1320-122617-0011.flac,4992-23283-0004,1320-122617-0011,/Users/davidmillard/Downloads/eval/our_SB_1/4992-23283-0004__to__1320-122617-0011.wav,/Users/davidmillard/Downloads/eval/freevc/target/4992-23283-0004_to_1320-122617-0011_target.flac,True,0.4440329074859619,2.5159647464752197
675,our_SB_1,4992/23283/4992-23283-0006.flac,8230/279154/8230-279154-0012.flac,4992-23283-0006,8230-279154-0012,/Users/davidmillard/Downloads/eval/our_SB_1/4992-23283-0006__to__8230-279154-0012.wav,/Users/davidmillard/Downloads/eval/freevc/target/4992-23283-0006_to_8230-279154-0012_target.flac,True,0.3453192114830017,2.8993749618530273
676,our_SB_1,4992/23283/4992-23283-0008.flac,5683/32865/5683-32865-0005.flac,4992-23283-0008,5683-32865-0005,/Users/davidmillard/Downloads/eval/our_SB_1/4992-23283-0008__to__5683-32865-0005.wav,/Users/davidmillard/Downloads/eval/freevc/target/4992-23283-0008_to_5683-32865-0005_target.flac,True,0.2195935547351837,2.929016590118408
677,our_SB_1,4992/23283/4992-23283-0010.flac,8555/292519/8555-292519-0000.flac,4992-23283-0010,8555-292519-0000,/Users/davidmillard/Downloads/eval/our_SB_1/4992-23283-0010__to__8555-292519-0000.wav,/Users/davidmillard/Downloads/eval/freevc/target/4992-23283-0010_to_8555-292519-0000_target.flac,True,0.2382856905460357,2.923691749572754
678,our_SB_1,4992/23283/4992-23283-0012.flac,7127/75946/7127-75946-0026.flac,4992-23283-0012,7127-75946-0026,/Users/davidmillard/Downloads/eval/our_SB_1/4992-23283-0012__to__7127-75946-0026.wav,/Users/davidmillard/Downloads/eval/freevc/target/4992-23283-0012_to_7127-75946-0026_target.flac,True,0.3546127676963806,3.3334553241729736
679,our_SB_1,4992/23283/4992-23283-0014.flac,1089/134686/1089-134686-0027.flac,4992-23283-0014,1089-134686-0027,/Users/davidmillard/Downloads/eval/our_SB_1/4992-23283-0014__to__1089-134686-0027.wav,/Users/davidmillard/Downloads/eval/freevc/target/4992-23283-0014_to_1089-134686-0027_target.flac,True,0.485988438129425,2.9122533798217773
680,our_SB_1,4992/23283/4992-23283-0016.flac,7127/75947/7127-75947-0001.flac,4992-23283-0016,7127-75947-0001,/Users/davidmillard/Downloads/eval/our_SB_1/4992-23283-0016__to__7127-75947-0001.wav,/Users/davidmillard/Downloads/eval/freevc/target/4992-23283-0016_to_7127-75947-0001_target.flac,True,0.2967160046100616,2.8530585765838623
681,our_SB_1,4992/23283/4992-23283-0018.flac,2961/961/2961-961-0002.flac,4992-23283-0018,2961-961-0002,/Users/davidmillard/Downloads/eval/our_SB_1/4992-23283-0018__to__2961-961-0002.wav,/Users/davidmillard/Downloads/eval/freevc/target/4992-23283-0018_to_2961-961-0002_target.flac,True,0.1738436222076416,3.271657943725586
682,our_SB_1,4992/23283/4992-23283-0020.flac,4970/29095/4970-29095-0025.flac,4992-23283-0020,4970-29095-0025,/Users/davidmillard/Downloads/eval/our_SB_1/4992-23283-0020__to__4970-29095-0025.wav,/Users/davidmillard/Downloads/eval/freevc/target/4992-23283-0020_to_4970-29095-0025_target.flac,True,0.3699421286582947,3.310324192047119
683,our_SB_1,4992/41797/4992-41797-0001.flac,7021/85628/7021-85628-0003.flac,4992-41797-0001,7021-85628-0003,/Users/davidmillard/Downloads/eval/our_SB_1/4992-41797-0001__to__7021-85628-0003.wav,/Users/davidmillard/Downloads/eval/freevc/target/4992-41797-0001_to_7021-85628-0003_target.flac,True,0.2873378992080688,3.2638115882873535
684,our_SB_1,4992/41797/4992-41797-0003.flac,3729/6852/3729-6852-0023.flac,4992-41797-0003,3729-6852-0023,/Users/davidmillard/Downloads/eval/our_SB_1/4992-41797-0003__to__3729-6852-0023.wav,/Users/davidmillard/Downloads/eval/freevc/target/4992-41797-0003_to_3729-6852-0023_target.flac,True,0.3324779570102691,3.8030097484588623
685,our_SB_1,4992/41797/4992-41797-0005.flac,7021/79730/7021-79730-0006.flac,4992-41797-0005,7021-79730-0006,/Users/davidmillard/Downloads/eval/our_SB_1/4992-41797-0005__to__7021-79730-0006.wav,/Users/davidmillard/Downloads/eval/freevc/target/4992-41797-0005_to_7021-79730-0006_target.flac,True,0.3369653224945068,3.2125771045684814
686,our_SB_1,4992/41797/4992-41797-0007.flac,2961/961/2961-961-0000.flac,4992-41797-0007,2961-961-0000,/Users/davidmillard/Downloads/eval/our_SB_1/4992-41797-0007__to__2961-961-0000.wav,/Users/davidmillard/Downloads/eval/freevc/target/4992-41797-0007_to_2961-961-0000_target.flac,True,0.1010110825300216,3.495413064956665
687,our_SB_1,4992/41797/4992-41797-0009.flac,121/127105/121-127105-0011.flac,4992-41797-0009,121-127105-0011,/Users/davidmillard/Downloads/eval/our_SB_1/4992-41797-0009__to__121-127105-0011.wav,/Users/davidmillard/Downloads/eval/freevc/target/4992-41797-0009_to_121-127105-0011_target.flac,True,0.1907470077276229,2.948962926864624
688,our_SB_1,4992/41797/4992-41797-0011.flac,2300/131720/2300-131720-0001.flac,4992-41797-0011,2300-131720-0001,/Users/davidmillard/Downloads/eval/our_SB_1/4992-41797-0011__to__2300-131720-0001.wav,/Users/davidmillard/Downloads/eval/freevc/target/4992-41797-0011_to_2300-131720-0001_target.flac,True,0.2914145588874817,3.6028332710266113
689,our_SB_1,4992/41797/4992-41797-0013.flac,8555/284449/8555-284449-0012.flac,4992-41797-0013,8555-284449-0012,/Users/davidmillard/Downloads/eval/our_SB_1/4992-41797-0013__to__8555-284449-0012.wav,/Users/davidmillard/Downloads/eval/freevc/target/4992-41797-0013_to_8555-284449-0012_target.flac,True,0.2718960046768188,3.2447123527526855
690,our_SB_1,4992/41797/4992-41797-0015.flac,2300/131720/2300-131720-0012.flac,4992-41797-0015,2300-131720-0012,/Users/davidmillard/Downloads/eval/our_SB_1/4992-41797-0015__to__2300-131720-0012.wav,/Users/davidmillard/Downloads/eval/freevc/target/4992-41797-0015_to_2300-131720-0012_target.flac,True,0.3080523610115051,3.503804922103882
691,our_SB_1,4992/41797/4992-41797-0017.flac,5683/32879/5683-32879-0023.flac,4992-41797-0017,5683-32879-0023,/Users/davidmillard/Downloads/eval/our_SB_1/4992-41797-0017__to__5683-32879-0023.wav,/Users/davidmillard/Downloads/eval/freevc/target/4992-41797-0017_to_5683-32879-0023_target.flac,True,0.252668172121048,3.0340702533721924
692,our_SB_1,4992/41797/4992-41797-0019.flac,8455/210777/8455-210777-0043.flac,4992-41797-0019,8455-210777-0043,/Users/davidmillard/Downloads/eval/our_SB_1/4992-41797-0019__to__8455-210777-0043.wav,/Users/davidmillard/Downloads/eval/freevc/target/4992-41797-0019_to_8455-210777-0043_target.flac,True,0.2147272229194641,2.8902320861816406
693,our_SB_1,4992/41797/4992-41797-0021.flac,7176/92135/7176-92135-0030.flac,4992-41797-0021,7176-92135-0030,/Users/davidmillard/Downloads/eval/our_SB_1/4992-41797-0021__to__7176-92135-0030.wav,/Users/davidmillard/Downloads/eval/freevc/target/4992-41797-0021_to_7176-92135-0030_target.flac,True,0.203374832868576,3.1601784229278564
694,our_SB_1,4992/41806/4992-41806-0000.flac,237/126133/237-126133-0017.flac,4992-41806-0000,237-126133-0017,/Users/davidmillard/Downloads/eval/our_SB_1/4992-41806-0000__to__237-126133-0017.wav,/Users/davidmillard/Downloads/eval/freevc/target/4992-41806-0000_to_237-126133-0017_target.flac,True,0.2568649053573608,3.648794174194336
695,our_SB_1,4992/41806/4992-41806-0002.flac,260/123440/260-123440-0008.flac,4992-41806-0002,260-123440-0008,/Users/davidmillard/Downloads/eval/our_SB_1/4992-41806-0002__to__260-123440-0008.wav,/Users/davidmillard/Downloads/eval/freevc/target/4992-41806-0002_to_260-123440-0008_target.flac,True,0.4316548705101013,2.813060998916626
696,our_SB_1,4992/41806/4992-41806-0004.flac,121/127105/121-127105-0028.flac,4992-41806-0004,121-127105-0028,/Users/davidmillard/Downloads/eval/our_SB_1/4992-41806-0004__to__121-127105-0028.wav,/Users/davidmillard/Downloads/eval/freevc/target/4992-41806-0004_to_121-127105-0028_target.flac,True,0.2209883630275726,2.927131175994873
697,our_SB_1,4992/41806/4992-41806-0006.flac,1221/135766/1221-135766-0000.flac,4992-41806-0006,1221-135766-0000,/Users/davidmillard/Downloads/eval/our_SB_1/4992-41806-0006__to__1221-135766-0000.wav,/Users/davidmillard/Downloads/eval/freevc/target/4992-41806-0006_to_1221-135766-0000_target.flac,True,0.4861077964305877,3.187967538833618
698,our_SB_1,4992/41806/4992-41806-0008.flac,3570/5694/3570-5694-0004.flac,4992-41806-0008,3570-5694-0004,/Users/davidmillard/Downloads/eval/our_SB_1/4992-41806-0008__to__3570-5694-0004.wav,/Users/davidmillard/Downloads/eval/freevc/target/4992-41806-0008_to_3570-5694-0004_target.flac,True,0.3815910518169403,3.042240619659424
699,our_SB_1,4992/41806/4992-41806-0010.flac,2961/961/2961-961-0009.flac,4992-41806-0010,2961-961-0009,/Users/davidmillard/Downloads/eval/our_SB_1/4992-41806-0010__to__2961-961-0009.wav,/Users/davidmillard/Downloads/eval/freevc/target/4992-41806-0010_to_2961-961-0009_target.flac,True,0.1356768906116485,3.0631046295166016
700,our_SB_1,4992/41806/4992-41806-0012.flac,1221/135767/1221-135767-0023.flac,4992-41806-0012,1221-135767-0023,/Users/davidmillard/Downloads/eval/our_SB_1/4992-41806-0012__to__1221-135767-0023.wav,/Users/davidmillard/Downloads/eval/freevc/target/4992-41806-0012_to_1221-135767-0023_target.flac,True,0.330430120229721,2.938058614730835
701,our_SB_1,4992/41806/4992-41806-0014.flac,1188/133604/1188-133604-0000.flac,4992-41806-0014,1188-133604-0000,/Users/davidmillard/Downloads/eval/our_SB_1/4992-41806-0014__to__1188-133604-0000.wav,/Users/davidmillard/Downloads/eval/freevc/target/4992-41806-0014_to_1188-133604-0000_target.flac,True,0.4371879398822784,2.713644027709961
702,our_SB_1,4992/41806/4992-41806-0016.flac,672/122797/672-122797-0001.flac,4992-41806-0016,672-122797-0001,/Users/davidmillard/Downloads/eval/our_SB_1/4992-41806-0016__to__672-122797-0001.wav,/Users/davidmillard/Downloads/eval/freevc/target/4992-41806-0016_to_672-122797-0001_target.flac,True,0.3737995326519012,3.2840969562530518
703,our_SB_1,5105/28233/5105-28233-0000.flac,4077/13754/4077-13754-0012.flac,5105-28233-0000,4077-13754-0012,/Users/davidmillard/Downloads/eval/our_SB_1/5105-28233-0000__to__4077-13754-0012.wav,/Users/davidmillard/Downloads/eval/freevc/target/5105-28233-0000_to_4077-13754-0012_target.flac,True,0.43984454870224,3.7594141960144043
704,our_SB_1,5105/28233/5105-28233-0002.flac,7729/102255/7729-102255-0044.flac,5105-28233-0002,7729-102255-0044,/Users/davidmillard/Downloads/eval/our_SB_1/5105-28233-0002__to__7729-102255-0044.wav,/Users/davidmillard/Downloads/eval/freevc/target/5105-28233-0002_to_7729-102255-0044_target.flac,True,0.4678435921669006,3.431880474090576
705,our_SB_1,5105/28233/5105-28233-0004.flac,1580/141083/1580-141083-0012.flac,5105-28233-0004,1580-141083-0012,/Users/davidmillard/Downloads/eval/our_SB_1/5105-28233-0004__to__1580-141083-0012.wav,/Users/davidmillard/Downloads/eval/freevc/target/5105-28233-0004_to_1580-141083-0012_target.flac,True,0.537697970867157,3.183910846710205
706,our_SB_1,5105/28233/5105-28233-0006.flac,3575/170457/3575-170457-0012.flac,5105-28233-0006,3575-170457-0012,/Users/davidmillard/Downloads/eval/our_SB_1/5105-28233-0006__to__3575-170457-0012.wav,/Users/davidmillard/Downloads/eval/freevc/target/5105-28233-0006_to_3575-170457-0012_target.flac,True,0.2850711941719055,2.6671996116638184
707,our_SB_1,5105/28233/5105-28233-0008.flac,5142/33396/5142-33396-0034.flac,5105-28233-0008,5142-33396-0034,/Users/davidmillard/Downloads/eval/our_SB_1/5105-28233-0008__to__5142-33396-0034.wav,/Users/davidmillard/Downloads/eval/freevc/target/5105-28233-0008_to_5142-33396-0034_target.flac,True,0.2882686257362366,2.7556233406066895
708,our_SB_1,5105/28233/5105-28233-0010.flac,5639/40744/5639-40744-0025.flac,5105-28233-0010,5639-40744-0025,/Users/davidmillard/Downloads/eval/our_SB_1/5105-28233-0010__to__5639-40744-0025.wav,/Users/davidmillard/Downloads/eval/freevc/target/5105-28233-0010_to_5639-40744-0025_target.flac,True,0.4590092897415161,3.312080144882202
709,our_SB_1,5105/28240/5105-28240-0001.flac,3575/170457/3575-170457-0044.flac,5105-28240-0001,3575-170457-0044,/Users/davidmillard/Downloads/eval/our_SB_1/5105-28240-0001__to__3575-170457-0044.wav,/Users/davidmillard/Downloads/eval/freevc/target/5105-28240-0001_to_3575-170457-0044_target.flac,True,0.24752739071846,3.0587849617004395
710,our_SB_1,5105/28240/5105-28240-0003.flac,1320/122617/1320-122617-0024.flac,5105-28240-0003,1320-122617-0024,/Users/davidmillard/Downloads/eval/our_SB_1/5105-28240-0003__to__1320-122617-0024.wav,/Users/davidmillard/Downloads/eval/freevc/target/5105-28240-0003_to_1320-122617-0024_target.flac,True,0.4419131278991699,2.885125160217285
711,our_SB_1,5105/28240/5105-28240-0005.flac,61/70968/61-70968-0048.flac,5105-28240-0005,61-70968-0048,/Users/davidmillard/Downloads/eval/our_SB_1/5105-28240-0005__to__61-70968-0048.wav,/Users/davidmillard/Downloads/eval/freevc/target/5105-28240-0005_to_61-70968-0048_target.flac,True,0.1707942485809326,3.132628917694092
712,our_SB_1,5105/28240/5105-28240-0007.flac,7127/75946/7127-75946-0007.flac,5105-28240-0007,7127-75946-0007,/Users/davidmillard/Downloads/eval/our_SB_1/5105-28240-0007__to__7127-75946-0007.wav,/Users/davidmillard/Downloads/eval/freevc/target/5105-28240-0007_to_7127-75946-0007_target.flac,True,0.2409119457006454,3.387058734893799
713,our_SB_1,5105/28240/5105-28240-0009.flac,1320/122617/1320-122617-0014.flac,5105-28240-0009,1320-122617-0014,/Users/davidmillard/Downloads/eval/our_SB_1/5105-28240-0009__to__1320-122617-0014.wav,/Users/davidmillard/Downloads/eval/freevc/target/5105-28240-0009_to_1320-122617-0014_target.flac,True,0.5735436081886292,3.1516494750976562
714,our_SB_1,5105/28240/5105-28240-0011.flac,4992/41797/4992-41797-0015.flac,5105-28240-0011,4992-41797-0015,/Users/davidmillard/Downloads/eval/our_SB_1/5105-28240-0011__to__4992-41797-0015.wav,/Users/davidmillard/Downloads/eval/freevc/target/5105-28240-0011_to_4992-41797-0015_target.flac,True,0.4536548256874084,3.238847255706787
715,our_SB_1,5105/28240/5105-28240-0013.flac,121/121726/121-121726-0014.flac,5105-28240-0013,121-121726-0014,/Users/davidmillard/Downloads/eval/our_SB_1/5105-28240-0013__to__121-121726-0014.wav,/Users/davidmillard/Downloads/eval/freevc/target/5105-28240-0013_to_121-121726-0014_target.flac,True,0.0517802685499191,3.3834848403930664
716,our_SB_1,5105/28240/5105-28240-0015.flac,8463/294828/8463-294828-0025.flac,5105-28240-0015,8463-294828-0025,/Users/davidmillard/Downloads/eval/our_SB_1/5105-28240-0015__to__8463-294828-0025.wav,/Users/davidmillard/Downloads/eval/freevc/target/5105-28240-0015_to_8463-294828-0025_target.flac,True,0.3293594121932983,3.614086151123047
717,our_SB_1,5105/28240/5105-28240-0017.flac,1284/1181/1284-1181-0010.flac,5105-28240-0017,1284-1181-0010,/Users/davidmillard/Downloads/eval/our_SB_1/5105-28240-0017__to__1284-1181-0010.wav,/Users/davidmillard/Downloads/eval/freevc/target/5105-28240-0017_to_1284-1181-0010_target.flac,True,0.5242179036140442,2.9642300605773926
718,our_SB_1,5105/28240/5105-28240-0019.flac,8463/287645/8463-287645-0004.flac,5105-28240-0019,8463-287645-0004,/Users/davidmillard/Downloads/eval/our_SB_1/5105-28240-0019__to__8463-287645-0004.wav,/Users/davidmillard/Downloads/eval/freevc/target/5105-28240-0019_to_8463-287645-0004_target.flac,True,0.2988772690296173,3.6148600578308105
719,our_SB_1,5105/28240/5105-28240-0021.flac,1188/133604/1188-133604-0013.flac,5105-28240-0021,1188-133604-0013,/Users/davidmillard/Downloads/eval/our_SB_1/5105-28240-0021__to__1188-133604-0013.wav,/Users/davidmillard/Downloads/eval/freevc/target/5105-28240-0021_to_1188-133604-0013_target.flac,True,0.2984344363212585,3.064166307449341
720,our_SB_1,5105/28240/5105-28240-0023.flac,61/70968/61-70968-0009.flac,5105-28240-0023,61-70968-0009,/Users/davidmillard/Downloads/eval/our_SB_1/5105-28240-0023__to__61-70968-0009.wav,/Users/davidmillard/Downloads/eval/freevc/target/5105-28240-0023_to_61-70968-0009_target.flac,True,0.3563306331634521,3.3350586891174316
721,our_SB_1,5105/28241/5105-28241-0000.flac,8463/294825/8463-294825-0015.flac,5105-28241-0000,8463-294825-0015,/Users/davidmillard/Downloads/eval/our_SB_1/5105-28241-0000__to__8463-294825-0015.wav,/Users/davidmillard/Downloads/eval/freevc/target/5105-28241-0000_to_8463-294825-0015_target.flac,True,0.315925657749176,3.3850221633911133
722,our_SB_1,5105/28241/5105-28241-0002.flac,8230/279154/8230-279154-0021.flac,5105-28241-0002,8230-279154-0021,/Users/davidmillard/Downloads/eval/our_SB_1/5105-28241-0002__to__8230-279154-0021.wav,/Users/davidmillard/Downloads/eval/freevc/target/5105-28241-0002_to_8230-279154-0021_target.flac,True,0.5341978669166565,2.9040820598602295
723,our_SB_1,5105/28241/5105-28241-0004.flac,1320/122617/1320-122617-0015.flac,5105-28241-0004,1320-122617-0015,/Users/davidmillard/Downloads/eval/our_SB_1/5105-28241-0004__to__1320-122617-0015.wav,/Users/davidmillard/Downloads/eval/freevc/target/5105-28241-0004_to_1320-122617-0015_target.flac,True,0.5223214626312256,2.5664401054382324
724,our_SB_1,5105/28241/5105-28241-0006.flac,1580/141084/1580-141084-0001.flac,5105-28241-0006,1580-141084-0001,/Users/davidmillard/Downloads/eval/our_SB_1/5105-28241-0006__to__1580-141084-0001.wav,/Users/davidmillard/Downloads/eval/freevc/target/5105-28241-0006_to_1580-141084-0001_target.flac,True,0.5385745763778687,3.2771995067596436
725,our_SB_1,5105/28241/5105-28241-0008.flac,4992/41797/4992-41797-0017.flac,5105-28241-0008,4992-41797-0017,/Users/davidmillard/Downloads/eval/our_SB_1/5105-28241-0008__to__4992-41797-0017.wav,/Users/davidmillard/Downloads/eval/freevc/target/5105-28241-0008_to_4992-41797-0017_target.flac,True,0.5183084011077881,3.4489243030548096
726,our_SB_1,5105/28241/5105-28241-0010.flac,4970/29093/4970-29093-0001.flac,5105-28241-0010,4970-29093-0001,/Users/davidmillard/Downloads/eval/our_SB_1/5105-28241-0010__to__4970-29093-0001.wav,/Users/davidmillard/Downloads/eval/freevc/target/5105-28241-0010_to_4970-29093-0001_target.flac,True,0.1528406292200088,3.096595287322998
727,our_SB_1,5105/28241/5105-28241-0012.flac,7176/92135/7176-92135-0001.flac,5105-28241-0012,7176-92135-0001,/Users/davidmillard/Downloads/eval/our_SB_1/5105-28241-0012__to__7176-92135-0001.wav,/Users/davidmillard/Downloads/eval/freevc/target/5105-28241-0012_to_7176-92135-0001_target.flac,True,0.4073176383972168,3.1304149627685547
728,our_SB_1,5105/28241/5105-28241-0014.flac,5683/32879/5683-32879-0006.flac,5105-28241-0014,5683-32879-0006,/Users/davidmillard/Downloads/eval/our_SB_1/5105-28241-0014__to__5683-32879-0006.wav,/Users/davidmillard/Downloads/eval/freevc/target/5105-28241-0014_to_5683-32879-0006_target.flac,True,0.3380424380302429,2.871760606765747
729,our_SB_1,5105/28241/5105-28241-0016.flac,5683/32865/5683-32865-0010.flac,5105-28241-0016,5683-32865-0010,/Users/davidmillard/Downloads/eval/our_SB_1/5105-28241-0016__to__5683-32865-0010.wav,/Users/davidmillard/Downloads/eval/freevc/target/5105-28241-0016_to_5683-32865-0010_target.flac,True,0.2713102400302887,3.0990848541259766
730,our_SB_1,5105/28241/5105-28241-0018.flac,3575/170457/3575-170457-0045.flac,5105-28241-0018,3575-170457-0045,/Users/davidmillard/Downloads/eval/our_SB_1/5105-28241-0018__to__3575-170457-0045.wav,/Users/davidmillard/Downloads/eval/freevc/target/5105-28241-0018_to_3575-170457-0045_target.flac,True,0.4107872545719147,3.2727277278900146
731,our_SB_1,5142/33396/5142-33396-0000.flac,4077/13751/4077-13751-0009.flac,5142-33396-0000,4077-13751-0009,/Users/davidmillard/Downloads/eval/our_SB_1/5142-33396-0000__to__4077-13751-0009.wav,/Users/davidmillard/Downloads/eval/freevc/target/5142-33396-0000_to_4077-13751-0009_target.flac,True,0.3607839941978454,2.808089017868042
732,our_SB_1,5142/33396/5142-33396-0002.flac,5683/32866/5683-32866-0022.flac,5142-33396-0002,5683-32866-0022,/Users/davidmillard/Downloads/eval/our_SB_1/5142-33396-0002__to__5683-32866-0022.wav,/Users/davidmillard/Downloads/eval/freevc/target/5142-33396-0002_to_5683-32866-0022_target.flac,True,0.1680914610624313,3.2911317348480225
733,our_SB_1,5142/33396/5142-33396-0004.flac,1320/122612/1320-122612-0000.flac,5142-33396-0004,1320-122612-0000,/Users/davidmillard/Downloads/eval/our_SB_1/5142-33396-0004__to__1320-122612-0000.wav,/Users/davidmillard/Downloads/eval/freevc/target/5142-33396-0004_to_1320-122612-0000_target.flac,True,0.280847817659378,3.0974574089050293
734,our_SB_1,5142/33396/5142-33396-0006.flac,5639/40744/5639-40744-0017.flac,5142-33396-0006,5639-40744-0017,/Users/davidmillard/Downloads/eval/our_SB_1/5142-33396-0006__to__5639-40744-0017.wav,/Users/davidmillard/Downloads/eval/freevc/target/5142-33396-0006_to_5639-40744-0017_target.flac,True,0.3005552291870117,3.221919298171997
735,our_SB_1,5142/33396/5142-33396-0008.flac,1320/122612/1320-122612-0011.flac,5142-33396-0008,1320-122612-0011,/Users/davidmillard/Downloads/eval/our_SB_1/5142-33396-0008__to__1320-122612-0011.wav,/Users/davidmillard/Downloads/eval/freevc/target/5142-33396-0008_to_1320-122612-0011_target.flac,True,0.3209482729434967,2.5865676403045654
736,our_SB_1,5142/33396/5142-33396-0010.flac,8455/210777/8455-210777-0065.flac,5142-33396-0010,8455-210777-0065,/Users/davidmillard/Downloads/eval/our_SB_1/5142-33396-0010__to__8455-210777-0065.wav,/Users/davidmillard/Downloads/eval/freevc/target/5142-33396-0010_to_8455-210777-0065_target.flac,True,0.2814125716686249,3.167959213256836
737,our_SB_1,5142/33396/5142-33396-0012.flac,1188/133604/1188-133604-0005.flac,5142-33396-0012,1188-133604-0005,/Users/davidmillard/Downloads/eval/our_SB_1/5142-33396-0012__to__1188-133604-0005.wav,/Users/davidmillard/Downloads/eval/freevc/target/5142-33396-0012_to_1188-133604-0005_target.flac,True,0.3474724292755127,3.3029725551605225
738,our_SB_1,5142/33396/5142-33396-0014.flac,1320/122617/1320-122617-0021.flac,5142-33396-0014,1320-122617-0021,/Users/davidmillard/Downloads/eval/our_SB_1/5142-33396-0014__to__1320-122617-0021.wav,/Users/davidmillard/Downloads/eval/freevc/target/5142-33396-0014_to_1320-122617-0021_target.flac,True,0.3625469207763672,3.147998332977295
739,our_SB_1,5142/33396/5142-33396-0016.flac,4970/29095/4970-29095-0031.flac,5142-33396-0016,4970-29095-0031,/Users/davidmillard/Downloads/eval/our_SB_1/5142-33396-0016__to__4970-29095-0031.wav,/Users/davidmillard/Downloads/eval/freevc/target/5142-33396-0016_to_4970-29095-0031_target.flac,True,0.1893083602190017,3.53629732131958
740,our_SB_1,5142/33396/5142-33396-0018.flac,4446/2273/4446-2273-0027.flac,5142-33396-0018,4446-2273-0027,/Users/davidmillard/Downloads/eval/our_SB_1/5142-33396-0018__to__4446-2273-0027.wav,/Users/davidmillard/Downloads/eval/freevc/target/5142-33396-0018_to_4446-2273-0027_target.flac,True,0.3175488710403442,3.056711435317993
741,our_SB_1,5142/33396/5142-33396-0020.flac,8455/210777/8455-210777-0031.flac,5142-33396-0020,8455-210777-0031,/Users/davidmillard/Downloads/eval/our_SB_1/5142-33396-0020__to__8455-210777-0031.wav,/Users/davidmillard/Downloads/eval/freevc/target/5142-33396-0020_to_8455-210777-0031_target.flac,True,0.2015342116355896,3.145833969116211
742,our_SB_1,5142/33396/5142-33396-0022.flac,237/134500/237-134500-0042.flac,5142-33396-0022,237-134500-0042,/Users/davidmillard/Downloads/eval/our_SB_1/5142-33396-0022__to__237-134500-0042.wav,/Users/davidmillard/Downloads/eval/freevc/target/5142-33396-0022_to_237-134500-0042_target.flac,True,0.2124008238315582,3.122678756713867
743,our_SB_1,5142/33396/5142-33396-0024.flac,2094/142345/2094-142345-0017.flac,5142-33396-0024,2094-142345-0017,/Users/davidmillard/Downloads/eval/our_SB_1/5142-33396-0024__to__2094-142345-0017.wav,/Users/davidmillard/Downloads/eval/freevc/target/5142-33396-0024_to_2094-142345-0017_target.flac,True,0.2652775645256042,3.0703020095825195
744,our_SB_1,5142/33396/5142-33396-0026.flac,7176/88083/7176-88083-0018.flac,5142-33396-0026,7176-88083-0018,/Users/davidmillard/Downloads/eval/our_SB_1/5142-33396-0026__to__7176-88083-0018.wav,/Users/davidmillard/Downloads/eval/freevc/target/5142-33396-0026_to_7176-88083-0018_target.flac,True,0.1032054424285888,2.6229777336120605
745,our_SB_1,5142/33396/5142-33396-0028.flac,6829/68769/6829-68769-0035.flac,5142-33396-0028,6829-68769-0035,/Users/davidmillard/Downloads/eval/our_SB_1/5142-33396-0028__to__6829-68769-0035.wav,/Users/davidmillard/Downloads/eval/freevc/target/5142-33396-0028_to_6829-68769-0035_target.flac,True,0.3515429198741913,3.780745506286621
746,our_SB_1,5142/33396/5142-33396-0030.flac,7127/75946/7127-75946-0009.flac,5142-33396-0030,7127-75946-0009,/Users/davidmillard/Downloads/eval/our_SB_1/5142-33396-0030__to__7127-75946-0009.wav,/Users/davidmillard/Downloads/eval/freevc/target/5142-33396-0030_to_7127-75946-0009_target.flac,True,0.196530282497406,2.890477180480957
747,our_SB_1,5142/33396/5142-33396-0032.flac,3575/170457/3575-170457-0046.flac,5142-33396-0032,3575-170457-0046,/Users/davidmillard/Downloads/eval/our_SB_1/5142-33396-0032__to__3575-170457-0046.wav,/Users/davidmillard/Downloads/eval/freevc/target/5142-33396-0032_to_3575-170457-0046_target.flac,True,0.299591600894928,2.66701340675354
748,our_SB_1,5142/33396/5142-33396-0034.flac,7021/79730/7021-79730-0006.flac,5142-33396-0034,7021-79730-0006,/Users/davidmillard/Downloads/eval/our_SB_1/5142-33396-0034__to__7021-79730-0006.wav,/Users/davidmillard/Downloads/eval/freevc/target/5142-33396-0034_to_7021-79730-0006_target.flac,True,0.4949204921722412,3.134769916534424
749,our_SB_1,5142/33396/5142-33396-0036.flac,1089/134691/1089-134691-0012.flac,5142-33396-0036,1089-134691-0012,/Users/davidmillard/Downloads/eval/our_SB_1/5142-33396-0036__to__1089-134691-0012.wav,/Users/davidmillard/Downloads/eval/freevc/target/5142-33396-0036_to_1089-134691-0012_target.flac,True,0.5074563026428223,2.853518486022949
750,our_SB_1,5142/33396/5142-33396-0038.flac,5683/32866/5683-32866-0024.flac,5142-33396-0038,5683-32866-0024,/Users/davidmillard/Downloads/eval/our_SB_1/5142-33396-0038__to__5683-32866-0024.wav,/Users/davidmillard/Downloads/eval/freevc/target/5142-33396-0038_to_5683-32866-0024_target.flac,True,0.3511527776718139,3.1113839149475098
751,our_SB_1,5142/33396/5142-33396-0040.flac,6829/68771/6829-68771-0029.flac,5142-33396-0040,6829-68771-0029,/Users/davidmillard/Downloads/eval/our_SB_1/5142-33396-0040__to__6829-68771-0029.wav,/Users/davidmillard/Downloads/eval/freevc/target/5142-33396-0040_to_6829-68771-0029_target.flac,True,0.2808588445186615,3.9060311317443848
752,our_SB_1,5142/33396/5142-33396-0042.flac,4507/16021/4507-16021-0020.flac,5142-33396-0042,4507-16021-0020,/Users/davidmillard/Downloads/eval/our_SB_1/5142-33396-0042__to__4507-16021-0020.wav,/Users/davidmillard/Downloads/eval/freevc/target/5142-33396-0042_to_4507-16021-0020_target.flac,True,0.3663614988327026,3.333592414855957
753,our_SB_1,5142/33396/5142-33396-0044.flac,2830/3980/2830-3980-0048.flac,5142-33396-0044,2830-3980-0048,/Users/davidmillard/Downloads/eval/our_SB_1/5142-33396-0044__to__2830-3980-0048.wav,/Users/davidmillard/Downloads/eval/freevc/target/5142-33396-0044_to_2830-3980-0048_target.flac,True,0.4738790988922119,3.5050172805786133
754,our_SB_1,5142/33396/5142-33396-0046.flac,61/70968/61-70968-0040.flac,5142-33396-0046,61-70968-0040,/Users/davidmillard/Downloads/eval/our_SB_1/5142-33396-0046__to__61-70968-0040.wav,/Users/davidmillard/Downloads/eval/freevc/target/5142-33396-0046_to_61-70968-0040_target.flac,True,0.4436283707618713,3.3198158740997314
755,our_SB_1,5142/33396/5142-33396-0048.flac,7176/92135/7176-92135-0045.flac,5142-33396-0048,7176-92135-0045,/Users/davidmillard/Downloads/eval/our_SB_1/5142-33396-0048__to__7176-92135-0045.wav,/Users/davidmillard/Downloads/eval/freevc/target/5142-33396-0048_to_7176-92135-0045_target.flac,True,0.3596531450748443,3.240748882293701
756,our_SB_1,5142/33396/5142-33396-0050.flac,5683/32866/5683-32866-0017.flac,5142-33396-0050,5683-32866-0017,/Users/davidmillard/Downloads/eval/our_SB_1/5142-33396-0050__to__5683-32866-0017.wav,/Users/davidmillard/Downloads/eval/freevc/target/5142-33396-0050_to_5683-32866-0017_target.flac,True,0.2593293190002441,3.664252996444702
757,our_SB_1,5142/33396/5142-33396-0052.flac,1995/1826/1995-1826-0025.flac,5142-33396-0052,1995-1826-0025,/Users/davidmillard/Downloads/eval/our_SB_1/5142-33396-0052__to__1995-1826-0025.wav,/Users/davidmillard/Downloads/eval/freevc/target/5142-33396-0052_to_1995-1826-0025_target.flac,True,0.0793091356754303,2.9510467052459717
758,our_SB_1,5142/33396/5142-33396-0054.flac,260/123440/260-123440-0009.flac,5142-33396-0054,260-123440-0009,/Users/davidmillard/Downloads/eval/our_SB_1/5142-33396-0054__to__260-123440-0009.wav,/Users/davidmillard/Downloads/eval/freevc/target/5142-33396-0054_to_260-123440-0009_target.flac,True,0.3802313506603241,3.3407692909240723
759,our_SB_1,5142/33396/5142-33396-0056.flac,2961/961/2961-961-0005.flac,5142-33396-0056,2961-961-0005,/Users/davidmillard/Downloads/eval/our_SB_1/5142-33396-0056__to__2961-961-0005.wav,/Users/davidmillard/Downloads/eval/freevc/target/5142-33396-0056_to_2961-961-0005_target.flac,True,0.1484882831573486,3.3320257663726807
760,our_SB_1,5142/33396/5142-33396-0058.flac,1284/1181/1284-1181-0019.flac,5142-33396-0058,1284-1181-0019,/Users/davidmillard/Downloads/eval/our_SB_1/5142-33396-0058__to__1284-1181-0019.wav,/Users/davidmillard/Downloads/eval/freevc/target/5142-33396-0058_to_1284-1181-0019_target.flac,True,0.3752240836620331,3.004798412322998
761,our_SB_1,5142/33396/5142-33396-0060.flac,2094/142345/2094-142345-0040.flac,5142-33396-0060,2094-142345-0040,/Users/davidmillard/Downloads/eval/our_SB_1/5142-33396-0060__to__2094-142345-0040.wav,/Users/davidmillard/Downloads/eval/freevc/target/5142-33396-0060_to_2094-142345-0040_target.flac,True,0.241673856973648,3.2953474521636963
762,our_SB_1,5142/33396/5142-33396-0062.flac,3729/6852/3729-6852-0042.flac,5142-33396-0062,3729-6852-0042,/Users/davidmillard/Downloads/eval/our_SB_1/5142-33396-0062__to__3729-6852-0042.wav,/Users/davidmillard/Downloads/eval/freevc/target/5142-33396-0062_to_3729-6852-0042_target.flac,True,0.3143900632858276,3.453890562057495
763,our_SB_1,5142/33396/5142-33396-0064.flac,5683/32865/5683-32865-0009.flac,5142-33396-0064,5683-32865-0009,/Users/davidmillard/Downloads/eval/our_SB_1/5142-33396-0064__to__5683-32865-0009.wav,/Users/davidmillard/Downloads/eval/freevc/target/5142-33396-0064_to_5683-32865-0009_target.flac,True,0.327483594417572,2.9558520317077637
764,our_SB_1,5142/33396/5142-33396-0066.flac,7127/75947/7127-75947-0021.flac,5142-33396-0066,7127-75947-0021,/Users/davidmillard/Downloads/eval/our_SB_1/5142-33396-0066__to__7127-75947-0021.wav,/Users/davidmillard/Downloads/eval/freevc/target/5142-33396-0066_to_7127-75947-0021_target.flac,True,0.2187797874212265,3.4681236743927
765,our_SB_1,5142/33396/5142-33396-0068.flac,672/122797/672-122797-0069.flac,5142-33396-0068,672-122797-0069,/Users/davidmillard/Downloads/eval/our_SB_1/5142-33396-0068__to__672-122797-0069.wav,/Users/davidmillard/Downloads/eval/freevc/target/5142-33396-0068_to_672-122797-0069_target.flac,True,0.0494199320673942,2.9041013717651367
766,our_SB_1,5142/36377/5142-36377-0001.flac,5639/40744/5639-40744-0034.flac,5142-36377-0001,5639-40744-0034,/Users/davidmillard/Downloads/eval/our_SB_1/5142-36377-0001__to__5639-40744-0034.wav,/Users/davidmillard/Downloads/eval/freevc/target/5142-36377-0001_to_5639-40744-0034_target.flac,True,0.2885208129882812,2.9482829570770264
767,our_SB_1,5142/36377/5142-36377-0003.flac,1320/122612/1320-122612-0006.flac,5142-36377-0003,1320-122612-0006,/Users/davidmillard/Downloads/eval/our_SB_1/5142-36377-0003__to__1320-122612-0006.wav,/Users/davidmillard/Downloads/eval/freevc/target/5142-36377-0003_to_1320-122612-0006_target.flac,True,0.4311389327049255,2.7586147785186768
768,our_SB_1,5142/36377/5142-36377-0005.flac,5105/28233/5105-28233-0010.flac,5142-36377-0005,5105-28233-0010,/Users/davidmillard/Downloads/eval/our_SB_1/5142-36377-0005__to__5105-28233-0010.wav,/Users/davidmillard/Downloads/eval/freevc/target/5142-36377-0005_to_5105-28233-0010_target.flac,True,0.4927549064159393,2.6099114418029785
769,our_SB_1,5142/36377/5142-36377-0007.flac,61/70970/61-70970-0033.flac,5142-36377-0007,61-70970-0033,/Users/davidmillard/Downloads/eval/our_SB_1/5142-36377-0007__to__61-70970-0033.wav,/Users/davidmillard/Downloads/eval/freevc/target/5142-36377-0007_to_61-70970-0033_target.flac,True,0.3470017313957214,2.9057483673095703
770,our_SB_1,5142/36377/5142-36377-0009.flac,6829/68769/6829-68769-0013.flac,5142-36377-0009,6829-68769-0013,/Users/davidmillard/Downloads/eval/our_SB_1/5142-36377-0009__to__6829-68769-0013.wav,/Users/davidmillard/Downloads/eval/freevc/target/5142-36377-0009_to_6829-68769-0013_target.flac,True,0.2514355182647705,2.9876372814178467
771,our_SB_1,5142/36377/5142-36377-0011.flac,3729/6852/3729-6852-0014.flac,5142-36377-0011,3729-6852-0014,/Users/davidmillard/Downloads/eval/our_SB_1/5142-36377-0011__to__3729-6852-0014.wav,/Users/davidmillard/Downloads/eval/freevc/target/5142-36377-0011_to_3729-6852-0014_target.flac,True,0.1574671268463134,2.6511826515197754
772,our_SB_1,5142/36377/5142-36377-0013.flac,8455/210777/8455-210777-0028.flac,5142-36377-0013,8455-210777-0028,/Users/davidmillard/Downloads/eval/our_SB_1/5142-36377-0013__to__8455-210777-0028.wav,/Users/davidmillard/Downloads/eval/freevc/target/5142-36377-0013_to_8455-210777-0028_target.flac,True,0.2848166823387146,3.0475575923919678
773,our_SB_1,5142/36377/5142-36377-0015.flac,61/70968/61-70968-0059.flac,5142-36377-0015,61-70968-0059,/Users/davidmillard/Downloads/eval/our_SB_1/5142-36377-0015__to__61-70968-0059.wav,/Users/davidmillard/Downloads/eval/freevc/target/5142-36377-0015_to_61-70968-0059_target.flac,True,0.2944064736366272,3.409036636352539
774,our_SB_1,5142/36377/5142-36377-0017.flac,7729/102255/7729-102255-0009.flac,5142-36377-0017,7729-102255-0009,/Users/davidmillard/Downloads/eval/our_SB_1/5142-36377-0017__to__7729-102255-0009.wav,/Users/davidmillard/Downloads/eval/freevc/target/5142-36377-0017_to_7729-102255-0009_target.flac,True,0.4288885593414306,3.063326597213745
775,our_SB_1,5142/36377/5142-36377-0019.flac,7127/75946/7127-75946-0013.flac,5142-36377-0019,7127-75946-0013,/Users/davidmillard/Downloads/eval/our_SB_1/5142-36377-0019__to__7127-75946-0013.wav,/Users/davidmillard/Downloads/eval/freevc/target/5142-36377-0019_to_7127-75946-0013_target.flac,True,0.1832516640424728,2.600358724594116
776,our_SB_1,5142/36377/5142-36377-0021.flac,1320/122612/1320-122612-0007.flac,5142-36377-0021,1320-122612-0007,/Users/davidmillard/Downloads/eval/our_SB_1/5142-36377-0021__to__1320-122612-0007.wav,/Users/davidmillard/Downloads/eval/freevc/target/5142-36377-0021_to_1320-122612-0007_target.flac,True,0.4123910665512085,3.2790822982788086
777,our_SB_1,5142/36377/5142-36377-0023.flac,4507/16021/4507-16021-0021.flac,5142-36377-0023,4507-16021-0021,/Users/davidmillard/Downloads/eval/our_SB_1/5142-36377-0023__to__4507-16021-0021.wav,/Users/davidmillard/Downloads/eval/freevc/target/5142-36377-0023_to_4507-16021-0021_target.flac,True,0.4252308011054992,3.219801664352417
778,our_SB_1,5142/36377/5142-36377-0025.flac,2961/961/2961-961-0010.flac,5142-36377-0025,2961-961-0010,/Users/davidmillard/Downloads/eval/our_SB_1/5142-36377-0025__to__2961-961-0010.wav,/Users/davidmillard/Downloads/eval/freevc/target/5142-36377-0025_to_2961-961-0010_target.flac,True,0.1556935608386993,3.3089704513549805
779,our_SB_1,5142/36586/5142-36586-0001.flac,7127/75946/7127-75946-0012.flac,5142-36586-0001,7127-75946-0012,/Users/davidmillard/Downloads/eval/our_SB_1/5142-36586-0001__to__7127-75946-0012.wav,/Users/davidmillard/Downloads/eval/freevc/target/5142-36586-0001_to_7127-75946-0012_target.flac,True,0.172224760055542,2.8936009407043457
780,our_SB_1,5142/36586/5142-36586-0003.flac,4970/29093/4970-29093-0004.flac,5142-36586-0003,4970-29093-0004,/Users/davidmillard/Downloads/eval/our_SB_1/5142-36586-0003__to__4970-29093-0004.wav,/Users/davidmillard/Downloads/eval/freevc/target/5142-36586-0003_to_4970-29093-0004_target.flac,True,0.3315218687057495,2.8041605949401855
781,our_SB_1,5142/36600/5142-36600-0000.flac,1995/1826/1995-1826-0002.flac,5142-36600-0000,1995-1826-0002,/Users/davidmillard/Downloads/eval/our_SB_1/5142-36600-0000__to__1995-1826-0002.wav,/Users/davidmillard/Downloads/eval/freevc/target/5142-36600-0000_to_1995-1826-0002_target.flac,True,0.230143666267395,3.073436975479126
782,our_SB_1,5639/40744/5639-40744-0000.flac,1580/141084/1580-141084-0032.flac,5639-40744-0000,1580-141084-0032,/Users/davidmillard/Downloads/eval/our_SB_1/5639-40744-0000__to__1580-141084-0032.wav,/Users/davidmillard/Downloads/eval/freevc/target/5639-40744-0000_to_1580-141084-0032_target.flac,True,0.3877988159656524,3.5967278480529785
783,our_SB_1,5639/40744/5639-40744-0002.flac,8224/274381/8224-274381-0011.flac,5639-40744-0002,8224-274381-0011,/Users/davidmillard/Downloads/eval/our_SB_1/5639-40744-0002__to__8224-274381-0011.wav,/Users/davidmillard/Downloads/eval/freevc/target/5639-40744-0002_to_8224-274381-0011_target.flac,True,0.3898824751377105,3.358382225036621
784,our_SB_1,5639/40744/5639-40744-0004.flac,4992/41797/4992-41797-0014.flac,5639-40744-0004,4992-41797-0014,/Users/davidmillard/Downloads/eval/our_SB_1/5639-40744-0004__to__4992-41797-0014.wav,/Users/davidmillard/Downloads/eval/freevc/target/5639-40744-0004_to_4992-41797-0014_target.flac,True,0.4874365925788879,3.660172700881958
785,our_SB_1,5639/40744/5639-40744-0006.flac,3570/5695/3570-5695-0002.flac,5639-40744-0006,3570-5695-0002,/Users/davidmillard/Downloads/eval/our_SB_1/5639-40744-0006__to__3570-5695-0002.wav,/Users/davidmillard/Downloads/eval/freevc/target/5639-40744-0006_to_3570-5695-0002_target.flac,True,0.5435060262680054,3.889187812805176
786,our_SB_1,5639/40744/5639-40744-0008.flac,6829/68769/6829-68769-0050.flac,5639-40744-0008,6829-68769-0050,/Users/davidmillard/Downloads/eval/our_SB_1/5639-40744-0008__to__6829-68769-0050.wav,/Users/davidmillard/Downloads/eval/freevc/target/5639-40744-0008_to_6829-68769-0050_target.flac,True,0.1896844804286956,3.2919797897338867
787,our_SB_1,5639/40744/5639-40744-0010.flac,2830/3980/2830-3980-0044.flac,5639-40744-0010,2830-3980-0044,/Users/davidmillard/Downloads/eval/our_SB_1/5639-40744-0010__to__2830-3980-0044.wav,/Users/davidmillard/Downloads/eval/freevc/target/5639-40744-0010_to_2830-3980-0044_target.flac,True,0.2324794679880142,2.529919147491455
788,our_SB_1,5639/40744/5639-40744-0012.flac,5683/32865/5683-32865-0000.flac,5639-40744-0012,5683-32865-0000,/Users/davidmillard/Downloads/eval/our_SB_1/5639-40744-0012__to__5683-32865-0000.wav,/Users/davidmillard/Downloads/eval/freevc/target/5639-40744-0012_to_5683-32865-0000_target.flac,True,0.3312941193580627,3.383795738220215
789,our_SB_1,5639/40744/5639-40744-0014.flac,4077/13751/4077-13751-0004.flac,5639-40744-0014,4077-13751-0004,/Users/davidmillard/Downloads/eval/our_SB_1/5639-40744-0014__to__4077-13751-0004.wav,/Users/davidmillard/Downloads/eval/freevc/target/5639-40744-0014_to_4077-13751-0004_target.flac,True,0.4418786764144897,3.0567972660064697
790,our_SB_1,5639/40744/5639-40744-0016.flac,8230/279154/8230-279154-0011.flac,5639-40744-0016,8230-279154-0011,/Users/davidmillard/Downloads/eval/our_SB_1/5639-40744-0016__to__8230-279154-0011.wav,/Users/davidmillard/Downloads/eval/freevc/target/5639-40744-0016_to_8230-279154-0011_target.flac,True,0.3573079109191894,3.1411867141723633
791,our_SB_1,5639/40744/5639-40744-0018.flac,2830/3980/2830-3980-0045.flac,5639-40744-0018,2830-3980-0045,/Users/davidmillard/Downloads/eval/our_SB_1/5639-40744-0018__to__2830-3980-0045.wav,/Users/davidmillard/Downloads/eval/freevc/target/5639-40744-0018_to_2830-3980-0045_target.flac,True,0.3112647235393524,3.3475871086120605
792,our_SB_1,5639/40744/5639-40744-0020.flac,7176/92135/7176-92135-0039.flac,5639-40744-0020,7176-92135-0039,/Users/davidmillard/Downloads/eval/our_SB_1/5639-40744-0020__to__7176-92135-0039.wav,/Users/davidmillard/Downloads/eval/freevc/target/5639-40744-0020_to_7176-92135-0039_target.flac,True,0.3447217047214508,2.9548521041870117
793,our_SB_1,5639/40744/5639-40744-0022.flac,5683/32879/5683-32879-0001.flac,5639-40744-0022,5683-32879-0001,/Users/davidmillard/Downloads/eval/our_SB_1/5639-40744-0022__to__5683-32879-0001.wav,/Users/davidmillard/Downloads/eval/freevc/target/5639-40744-0022_to_5683-32879-0001_target.flac,True,0.2323662638664245,3.494117021560669
794,our_SB_1,5639/40744/5639-40744-0024.flac,5105/28240/5105-28240-0011.flac,5639-40744-0024,5105-28240-0011,/Users/davidmillard/Downloads/eval/our_SB_1/5639-40744-0024__to__5105-28240-0011.wav,/Users/davidmillard/Downloads/eval/freevc/target/5639-40744-0024_to_5105-28240-0011_target.flac,True,0.3978879749774933,2.627978563308716
795,our_SB_1,5639/40744/5639-40744-0026.flac,260/123288/260-123288-0006.flac,5639-40744-0026,260-123288-0006,/Users/davidmillard/Downloads/eval/our_SB_1/5639-40744-0026__to__260-123288-0006.wav,/Users/davidmillard/Downloads/eval/freevc/target/5639-40744-0026_to_260-123288-0006_target.flac,True,0.27839395403862,3.2802624702453613
796,our_SB_1,5639/40744/5639-40744-0028.flac,2094/142345/2094-142345-0020.flac,5639-40744-0028,2094-142345-0020,/Users/davidmillard/Downloads/eval/our_SB_1/5639-40744-0028__to__2094-142345-0020.wav,/Users/davidmillard/Downloads/eval/freevc/target/5639-40744-0028_to_2094-142345-0020_target.flac,True,0.2868339419364929,3.4225594997406006
797,our_SB_1,5639/40744/5639-40744-0030.flac,4507/16021/4507-16021-0007.flac,5639-40744-0030,4507-16021-0007,/Users/davidmillard/Downloads/eval/our_SB_1/5639-40744-0030__to__4507-16021-0007.wav,/Users/davidmillard/Downloads/eval/freevc/target/5639-40744-0030_to_4507-16021-0007_target.flac,True,0.4719720184803009,3.3357162475585938
798,our_SB_1,5639/40744/5639-40744-0032.flac,2300/131720/2300-131720-0032.flac,5639-40744-0032,2300-131720-0032,/Users/davidmillard/Downloads/eval/our_SB_1/5639-40744-0032__to__2300-131720-0032.wav,/Users/davidmillard/Downloads/eval/freevc/target/5639-40744-0032_to_2300-131720-0032_target.flac,True,0.4059325158596039,3.165879487991333
799,our_SB_1,5639/40744/5639-40744-0034.flac,908/157963/908-157963-0008.flac,5639-40744-0034,908-157963-0008,/Users/davidmillard/Downloads/eval/our_SB_1/5639-40744-0034__to__908-157963-0008.wav,/Users/davidmillard/Downloads/eval/freevc/target/5639-40744-0034_to_908-157963-0008_target.flac,True,0.2378077507019043,3.2795515060424805
800,our_SB_1,5639/40744/5639-40744-0036.flac,6829/68769/6829-68769-0023.flac,5639-40744-0036,6829-68769-0023,/Users/davidmillard/Downloads/eval/our_SB_1/5639-40744-0036__to__6829-68769-0023.wav,/Users/davidmillard/Downloads/eval/freevc/target/5639-40744-0036_to_6829-68769-0023_target.flac,True,0.3247237801551819,3.7580132484436035
801,our_SB_1,5639/40744/5639-40744-0038.flac,260/123440/260-123440-0010.flac,5639-40744-0038,260-123440-0010,/Users/davidmillard/Downloads/eval/our_SB_1/5639-40744-0038__to__260-123440-0010.wav,/Users/davidmillard/Downloads/eval/freevc/target/5639-40744-0038_to_260-123440-0010_target.flac,True,0.3466147482395172,3.2700796127319336
802,our_SB_1,5639/40744/5639-40744-0040.flac,4446/2271/4446-2271-0017.flac,5639-40744-0040,4446-2271-0017,/Users/davidmillard/Downloads/eval/our_SB_1/5639-40744-0040__to__4446-2271-0017.wav,/Users/davidmillard/Downloads/eval/freevc/target/5639-40744-0040_to_4446-2271-0017_target.flac,True,0.4789551198482513,3.5638880729675293
803,our_SB_1,5683/32865/5683-32865-0000.flac,6930/75918/6930-75918-0006.flac,5683-32865-0000,6930-75918-0006,/Users/davidmillard/Downloads/eval/our_SB_1/5683-32865-0000__to__6930-75918-0006.wav,/Users/davidmillard/Downloads/eval/freevc/target/5683-32865-0000_to_6930-75918-0006_target.flac,True,0.2961278557777405,2.700845241546631
804,our_SB_1,5683/32865/5683-32865-0002.flac,7176/88083/7176-88083-0017.flac,5683-32865-0002,7176-88083-0017,/Users/davidmillard/Downloads/eval/our_SB_1/5683-32865-0002__to__7176-88083-0017.wav,/Users/davidmillard/Downloads/eval/freevc/target/5683-32865-0002_to_7176-88083-0017_target.flac,True,0.1764585375785827,2.682401657104492
805,our_SB_1,5683/32865/5683-32865-0004.flac,8455/210777/8455-210777-0064.flac,5683-32865-0004,8455-210777-0064,/Users/davidmillard/Downloads/eval/our_SB_1/5683-32865-0004__to__8455-210777-0064.wav,/Users/davidmillard/Downloads/eval/freevc/target/5683-32865-0004_to_8455-210777-0064_target.flac,True,0.3282695412635803,3.3610117435455322
806,our_SB_1,5683/32865/5683-32865-0006.flac,7176/92135/7176-92135-0025.flac,5683-32865-0006,7176-92135-0025,/Users/davidmillard/Downloads/eval/our_SB_1/5683-32865-0006__to__7176-92135-0025.wav,/Users/davidmillard/Downloads/eval/freevc/target/5683-32865-0006_to_7176-92135-0025_target.flac,True,0.2568631470203399,3.0032286643981934
807,our_SB_1,5683/32865/5683-32865-0008.flac,237/126133/237-126133-0010.flac,5683-32865-0008,237-126133-0010,/Users/davidmillard/Downloads/eval/our_SB_1/5683-32865-0008__to__237-126133-0010.wav,/Users/davidmillard/Downloads/eval/freevc/target/5683-32865-0008_to_237-126133-0010_target.flac,True,0.4204587936401367,2.3530709743499756
808,our_SB_1,5683/32865/5683-32865-0010.flac,3570/5694/3570-5694-0018.flac,5683-32865-0010,3570-5694-0018,/Users/davidmillard/Downloads/eval/our_SB_1/5683-32865-0010__to__3570-5694-0018.wav,/Users/davidmillard/Downloads/eval/freevc/target/5683-32865-0010_to_3570-5694-0018_target.flac,True,0.3845257759094238,3.0575544834136963
809,our_SB_1,5683/32865/5683-32865-0012.flac,3570/5695/3570-5695-0011.flac,5683-32865-0012,3570-5695-0011,/Users/davidmillard/Downloads/eval/our_SB_1/5683-32865-0012__to__3570-5695-0011.wav,/Users/davidmillard/Downloads/eval/freevc/target/5683-32865-0012_to_3570-5695-0011_target.flac,True,0.3170517981052398,3.166182279586792
810,our_SB_1,5683/32865/5683-32865-0014.flac,7021/85628/7021-85628-0005.flac,5683-32865-0014,7021-85628-0005,/Users/davidmillard/Downloads/eval/our_SB_1/5683-32865-0014__to__7021-85628-0005.wav,/Users/davidmillard/Downloads/eval/freevc/target/5683-32865-0014_to_7021-85628-0005_target.flac,True,0.274188756942749,3.957821846008301
811,our_SB_1,5683/32865/5683-32865-0016.flac,7729/102255/7729-102255-0007.flac,5683-32865-0016,7729-102255-0007,/Users/davidmillard/Downloads/eval/our_SB_1/5683-32865-0016__to__7729-102255-0007.wav,/Users/davidmillard/Downloads/eval/freevc/target/5683-32865-0016_to_7729-102255-0007_target.flac,True,0.2237308919429779,2.3490896224975586
812,our_SB_1,5683/32866/5683-32866-0000.flac,4077/13754/4077-13754-0012.flac,5683-32866-0000,4077-13754-0012,/Users/davidmillard/Downloads/eval/our_SB_1/5683-32866-0000__to__4077-13754-0012.wav,/Users/davidmillard/Downloads/eval/freevc/target/5683-32866-0000_to_4077-13754-0012_target.flac,True,0.3403935432434082,2.335646629333496
813,our_SB_1,5683/32866/5683-32866-0002.flac,121/127105/121-127105-0023.flac,5683-32866-0002,121-127105-0023,/Users/davidmillard/Downloads/eval/our_SB_1/5683-32866-0002__to__121-127105-0023.wav,/Users/davidmillard/Downloads/eval/freevc/target/5683-32866-0002_to_121-127105-0023_target.flac,True,0.2599182724952698,2.951219081878662
814,our_SB_1,5683/32866/5683-32866-0004.flac,2961/961/2961-961-0004.flac,5683-32866-0004,2961-961-0004,/Users/davidmillard/Downloads/eval/our_SB_1/5683-32866-0004__to__2961-961-0004.wav,/Users/davidmillard/Downloads/eval/freevc/target/5683-32866-0004_to_2961-961-0004_target.flac,True,0.3008112609386444,3.8561770915985107
815,our_SB_1,5683/32866/5683-32866-0006.flac,3575/170457/3575-170457-0019.flac,5683-32866-0006,3575-170457-0019,/Users/davidmillard/Downloads/eval/our_SB_1/5683-32866-0006__to__3575-170457-0019.wav,/Users/davidmillard/Downloads/eval/freevc/target/5683-32866-0006_to_3575-170457-0019_target.flac,True,0.3911635279655456,2.79465389251709
816,our_SB_1,5683/32866/5683-32866-0008.flac,3729/6852/3729-6852-0022.flac,5683-32866-0008,3729-6852-0022,/Users/davidmillard/Downloads/eval/our_SB_1/5683-32866-0008__to__3729-6852-0022.wav,/Users/davidmillard/Downloads/eval/freevc/target/5683-32866-0008_to_3729-6852-0022_target.flac,True,0.4220864474773407,3.8261282444000244
817,our_SB_1,5683/32866/5683-32866-0010.flac,1995/1836/1995-1836-0003.flac,5683-32866-0010,1995-1836-0003,/Users/davidmillard/Downloads/eval/our_SB_1/5683-32866-0010__to__1995-1836-0003.wav,/Users/davidmillard/Downloads/eval/freevc/target/5683-32866-0010_to_1995-1836-0003_target.flac,True,0.2651547491550445,3.148329734802246
818,our_SB_1,5683/32866/5683-32866-0012.flac,5105/28241/5105-28241-0019.flac,5683-32866-0012,5105-28241-0019,/Users/davidmillard/Downloads/eval/our_SB_1/5683-32866-0012__to__5105-28241-0019.wav,/Users/davidmillard/Downloads/eval/freevc/target/5683-32866-0012_to_5105-28241-0019_target.flac,True,0.5207329988479614,2.520688772201538
819,our_SB_1,5683/32866/5683-32866-0014.flac,2094/142345/2094-142345-0050.flac,5683-32866-0014,2094-142345-0050,/Users/davidmillard/Downloads/eval/our_SB_1/5683-32866-0014__to__2094-142345-0050.wav,/Users/davidmillard/Downloads/eval/freevc/target/5683-32866-0014_to_2094-142345-0050_target.flac,True,0.2641580402851105,2.8134210109710693
820,our_SB_1,5683/32866/5683-32866-0016.flac,1221/135767/1221-135767-0020.flac,5683-32866-0016,1221-135767-0020,/Users/davidmillard/Downloads/eval/our_SB_1/5683-32866-0016__to__1221-135767-0020.wav,/Users/davidmillard/Downloads/eval/freevc/target/5683-32866-0016_to_1221-135767-0020_target.flac,True,0.3692089915275574,3.3300201892852783
821,our_SB_1,5683/32866/5683-32866-0018.flac,4077/13754/4077-13754-0016.flac,5683-32866-0018,4077-13754-0016,/Users/davidmillard/Downloads/eval/our_SB_1/5683-32866-0018__to__4077-13754-0016.wav,/Users/davidmillard/Downloads/eval/freevc/target/5683-32866-0018_to_4077-13754-0016_target.flac,True,0.301756739616394,2.755768299102783
822,our_SB_1,5683/32866/5683-32866-0020.flac,4970/29095/4970-29095-0038.flac,5683-32866-0020,4970-29095-0038,/Users/davidmillard/Downloads/eval/our_SB_1/5683-32866-0020__to__4970-29095-0038.wav,/Users/davidmillard/Downloads/eval/freevc/target/5683-32866-0020_to_4970-29095-0038_target.flac,True,0.3215687274932861,3.7342305183410645
823,our_SB_1,5683/32866/5683-32866-0022.flac,8463/294825/8463-294825-0019.flac,5683-32866-0022,8463-294825-0019,/Users/davidmillard/Downloads/eval/our_SB_1/5683-32866-0022__to__8463-294825-0019.wav,/Users/davidmillard/Downloads/eval/freevc/target/5683-32866-0022_to_8463-294825-0019_target.flac,True,0.2967999279499054,3.1965394020080566
824,our_SB_1,5683/32866/5683-32866-0024.flac,1580/141083/1580-141083-0017.flac,5683-32866-0024,1580-141083-0017,/Users/davidmillard/Downloads/eval/our_SB_1/5683-32866-0024__to__1580-141083-0017.wav,/Users/davidmillard/Downloads/eval/freevc/target/5683-32866-0024_to_1580-141083-0017_target.flac,True,0.341866135597229,3.541682243347168
825,our_SB_1,5683/32866/5683-32866-0026.flac,4077/13751/4077-13751-0008.flac,5683-32866-0026,4077-13751-0008,/Users/davidmillard/Downloads/eval/our_SB_1/5683-32866-0026__to__4077-13751-0008.wav,/Users/davidmillard/Downloads/eval/freevc/target/5683-32866-0026_to_4077-13751-0008_target.flac,True,0.3211093842983246,3.2480530738830566
826,our_SB_1,5683/32866/5683-32866-0028.flac,2300/131720/2300-131720-0020.flac,5683-32866-0028,2300-131720-0020,/Users/davidmillard/Downloads/eval/our_SB_1/5683-32866-0028__to__2300-131720-0020.wav,/Users/davidmillard/Downloads/eval/freevc/target/5683-32866-0028_to_2300-131720-0020_target.flac,True,0.2637141346931457,3.150198221206665
827,our_SB_1,5683/32866/5683-32866-0030.flac,61/70968/61-70968-0062.flac,5683-32866-0030,61-70968-0062,/Users/davidmillard/Downloads/eval/our_SB_1/5683-32866-0030__to__61-70968-0062.wav,/Users/davidmillard/Downloads/eval/freevc/target/5683-32866-0030_to_61-70968-0062_target.flac,True,0.4039888381958008,2.9627833366394043
828,our_SB_1,5683/32879/5683-32879-0001.flac,4077/13754/4077-13754-0004.flac,5683-32879-0001,4077-13754-0004,/Users/davidmillard/Downloads/eval/our_SB_1/5683-32879-0001__to__4077-13754-0004.wav,/Users/davidmillard/Downloads/eval/freevc/target/5683-32879-0001_to_4077-13754-0004_target.flac,True,0.3345997929573059,3.345085382461548
829,our_SB_1,5683/32879/5683-32879-0003.flac,1284/1181/1284-1181-0007.flac,5683-32879-0003,1284-1181-0007,/Users/davidmillard/Downloads/eval/our_SB_1/5683-32879-0003__to__1284-1181-0007.wav,/Users/davidmillard/Downloads/eval/freevc/target/5683-32879-0003_to_1284-1181-0007_target.flac,True,0.1965399980545044,2.999115467071533
830,our_SB_1,5683/32879/5683-32879-0005.flac,7729/102255/7729-102255-0017.flac,5683-32879-0005,7729-102255-0017,/Users/davidmillard/Downloads/eval/our_SB_1/5683-32879-0005__to__7729-102255-0017.wav,/Users/davidmillard/Downloads/eval/freevc/target/5683-32879-0005_to_7729-102255-0017_target.flac,True,0.3541131913661957,2.4551966190338135
831,our_SB_1,5683/32879/5683-32879-0007.flac,7176/92135/7176-92135-0013.flac,5683-32879-0007,7176-92135-0013,/Users/davidmillard/Downloads/eval/our_SB_1/5683-32879-0007__to__7176-92135-0013.wav,/Users/davidmillard/Downloads/eval/freevc/target/5683-32879-0007_to_7176-92135-0013_target.flac,True,0.2855446338653564,3.357329845428467
832,our_SB_1,5683/32879/5683-32879-0009.flac,1320/122617/1320-122617-0029.flac,5683-32879-0009,1320-122617-0029,/Users/davidmillard/Downloads/eval/our_SB_1/5683-32879-0009__to__1320-122617-0029.wav,/Users/davidmillard/Downloads/eval/freevc/target/5683-32879-0009_to_1320-122617-0029_target.flac,True,0.3774797916412353,3.522012233734131
833,our_SB_1,5683/32879/5683-32879-0011.flac,5105/28241/5105-28241-0018.flac,5683-32879-0011,5105-28241-0018,/Users/davidmillard/Downloads/eval/our_SB_1/5683-32879-0011__to__5105-28241-0018.wav,/Users/davidmillard/Downloads/eval/freevc/target/5683-32879-0011_to_5105-28241-0018_target.flac,True,0.3287463188171386,2.178285837173462
834,our_SB_1,5683/32879/5683-32879-0013.flac,8230/279154/8230-279154-0025.flac,5683-32879-0013,8230-279154-0025,/Users/davidmillard/Downloads/eval/our_SB_1/5683-32879-0013__to__8230-279154-0025.wav,/Users/davidmillard/Downloads/eval/freevc/target/5683-32879-0013_to_8230-279154-0025_target.flac,True,0.471698135137558,2.68485689163208
835,our_SB_1,5683/32879/5683-32879-0015.flac,2961/961/2961-961-0008.flac,5683-32879-0015,2961-961-0008,/Users/davidmillard/Downloads/eval/our_SB_1/5683-32879-0015__to__2961-961-0008.wav,/Users/davidmillard/Downloads/eval/freevc/target/5683-32879-0015_to_2961-961-0008_target.flac,True,0.1062298789620399,2.7651727199554443
836,our_SB_1,5683/32879/5683-32879-0017.flac,4446/2273/4446-2273-0018.flac,5683-32879-0017,4446-2273-0018,/Users/davidmillard/Downloads/eval/our_SB_1/5683-32879-0017__to__4446-2273-0018.wav,/Users/davidmillard/Downloads/eval/freevc/target/5683-32879-0017_to_4446-2273-0018_target.flac,True,0.1938352584838867,2.392727851867676
837,our_SB_1,5683/32879/5683-32879-0019.flac,8463/294828/8463-294828-0027.flac,5683-32879-0019,8463-294828-0027,/Users/davidmillard/Downloads/eval/our_SB_1/5683-32879-0019__to__8463-294828-0027.wav,/Users/davidmillard/Downloads/eval/freevc/target/5683-32879-0019_to_8463-294828-0027_target.flac,True,0.1914059519767761,3.1883418560028076
838,our_SB_1,5683/32879/5683-32879-0021.flac,1221/135766/1221-135766-0002.flac,5683-32879-0021,1221-135766-0002,/Users/davidmillard/Downloads/eval/our_SB_1/5683-32879-0021__to__1221-135766-0002.wav,/Users/davidmillard/Downloads/eval/freevc/target/5683-32879-0021_to_1221-135766-0002_target.flac,True,0.3908386826515198,3.6695902347564697
839,our_SB_1,5683/32879/5683-32879-0023.flac,7021/79730/7021-79730-0001.flac,5683-32879-0023,7021-79730-0001,/Users/davidmillard/Downloads/eval/our_SB_1/5683-32879-0023__to__7021-79730-0001.wav,/Users/davidmillard/Downloads/eval/freevc/target/5683-32879-0023_to_7021-79730-0001_target.flac,True,0.2400232553482055,3.4181368350982666
840,our_SB_1,5683/32879/5683-32879-0025.flac,6930/81414/6930-81414-0008.flac,5683-32879-0025,6930-81414-0008,/Users/davidmillard/Downloads/eval/our_SB_1/5683-32879-0025__to__6930-81414-0008.wav,/Users/davidmillard/Downloads/eval/freevc/target/5683-32879-0025_to_6930-81414-0008_target.flac,True,0.2746256291866302,3.3518474102020264
841,our_SB_1,61/70968/61-70968-0001.flac,2830/3980/2830-3980-0075.flac,61-70968-0001,2830-3980-0075,/Users/davidmillard/Downloads/eval/our_SB_1/61-70968-0001__to__2830-3980-0075.wav,/Users/davidmillard/Downloads/eval/freevc/target/61-70968-0001_to_2830-3980-0075_target.flac,True,0.2967696785926819,3.4734668731689453
842,our_SB_1,61/70968/61-70968-0003.flac,4507/16021/4507-16021-0010.flac,61-70968-0003,4507-16021-0010,/Users/davidmillard/Downloads/eval/our_SB_1/61-70968-0003__to__4507-16021-0010.wav,/Users/davidmillard/Downloads/eval/freevc/target/61-70968-0003_to_4507-16021-0010_target.flac,True,0.4252961277961731,3.5428285598754883
843,our_SB_1,61/70968/61-70968-0005.flac,5142/33396/5142-33396-0032.flac,61-70968-0005,5142-33396-0032,/Users/davidmillard/Downloads/eval/our_SB_1/61-70968-0005__to__5142-33396-0032.wav,/Users/davidmillard/Downloads/eval/freevc/target/61-70968-0005_to_5142-33396-0032_target.flac,True,0.237666979432106,2.665724039077759
844,our_SB_1,61/70968/61-70968-0007.flac,237/126133/237-126133-0006.flac,61-70968-0007,237-126133-0006,/Users/davidmillard/Downloads/eval/our_SB_1/61-70968-0007__to__237-126133-0006.wav,/Users/davidmillard/Downloads/eval/freevc/target/61-70968-0007_to_237-126133-0006_target.flac,True,0.2250135242938995,2.3896942138671875
845,our_SB_1,61/70968/61-70968-0009.flac,3570/5695/3570-5695-0004.flac,61-70968-0009,3570-5695-0004,/Users/davidmillard/Downloads/eval/our_SB_1/61-70968-0009__to__3570-5695-0004.wav,/Users/davidmillard/Downloads/eval/freevc/target/61-70968-0009_to_3570-5695-0004_target.flac,True,0.2847620248794555,3.283820152282715
846,our_SB_1,61/70968/61-70968-0011.flac,1580/141083/1580-141083-0000.flac,61-70968-0011,1580-141083-0000,/Users/davidmillard/Downloads/eval/our_SB_1/61-70968-0011__to__1580-141083-0000.wav,/Users/davidmillard/Downloads/eval/freevc/target/61-70968-0011_to_1580-141083-0000_target.flac,True,0.4062302112579345,3.0433506965637207
847,our_SB_1,61/70968/61-70968-0013.flac,1284/1180/1284-1180-0008.flac,61-70968-0013,1284-1180-0008,/Users/davidmillard/Downloads/eval/our_SB_1/61-70968-0013__to__1284-1180-0008.wav,/Users/davidmillard/Downloads/eval/freevc/target/61-70968-0013_to_1284-1180-0008_target.flac,True,0.375557541847229,3.30039644241333
848,our_SB_1,61/70968/61-70968-0015.flac,8224/274384/8224-274384-0010.flac,61-70968-0015,8224-274384-0010,/Users/davidmillard/Downloads/eval/our_SB_1/61-70968-0015__to__8224-274384-0010.wav,/Users/davidmillard/Downloads/eval/freevc/target/61-70968-0015_to_8224-274384-0010_target.flac,True,0.2149107754230499,2.823371648788452
849,our_SB_1,61/70968/61-70968-0017.flac,4992/41806/4992-41806-0008.flac,61-70968-0017,4992-41806-0008,/Users/davidmillard/Downloads/eval/our_SB_1/61-70968-0017__to__4992-41806-0008.wav,/Users/davidmillard/Downloads/eval/freevc/target/61-70968-0017_to_4992-41806-0008_target.flac,True,0.3671316504478454,3.5501503944396973
850,our_SB_1,61/70968/61-70968-0019.flac,2094/142345/2094-142345-0030.flac,61-70968-0019,2094-142345-0030,/Users/davidmillard/Downloads/eval/our_SB_1/61-70968-0019__to__2094-142345-0030.wav,/Users/davidmillard/Downloads/eval/freevc/target/61-70968-0019_to_2094-142345-0030_target.flac,True,0.4050222039222717,3.1053757667541504
851,our_SB_1,61/70968/61-70968-0021.flac,5639/40744/5639-40744-0005.flac,61-70968-0021,5639-40744-0005,/Users/davidmillard/Downloads/eval/our_SB_1/61-70968-0021__to__5639-40744-0005.wav,/Users/davidmillard/Downloads/eval/freevc/target/61-70968-0021_to_5639-40744-0005_target.flac,True,0.2804937362670898,2.7977633476257324
852,our_SB_1,61/70968/61-70968-0023.flac,4970/29093/4970-29093-0023.flac,61-70968-0023,4970-29093-0023,/Users/davidmillard/Downloads/eval/our_SB_1/61-70968-0023__to__4970-29093-0023.wav,/Users/davidmillard/Downloads/eval/freevc/target/61-70968-0023_to_4970-29093-0023_target.flac,True,0.1453118026256561,2.4738128185272217
853,our_SB_1,61/70968/61-70968-0025.flac,5639/40744/5639-40744-0008.flac,61-70968-0025,5639-40744-0008,/Users/davidmillard/Downloads/eval/our_SB_1/61-70968-0025__to__5639-40744-0008.wav,/Users/davidmillard/Downloads/eval/freevc/target/61-70968-0025_to_5639-40744-0008_target.flac,True,0.2641863226890564,2.454619884490967
854,our_SB_1,61/70968/61-70968-0027.flac,8224/274381/8224-274381-0000.flac,61-70968-0027,8224-274381-0000,/Users/davidmillard/Downloads/eval/our_SB_1/61-70968-0027__to__8224-274381-0000.wav,/Users/davidmillard/Downloads/eval/freevc/target/61-70968-0027_to_8224-274381-0000_target.flac,True,0.3219562470912933,2.9453775882720947
855,our_SB_1,61/70968/61-70968-0029.flac,5105/28241/5105-28241-0010.flac,61-70968-0029,5105-28241-0010,/Users/davidmillard/Downloads/eval/our_SB_1/61-70968-0029__to__5105-28241-0010.wav,/Users/davidmillard/Downloads/eval/freevc/target/61-70968-0029_to_5105-28241-0010_target.flac,True,0.3685770034790039,3.5264968872070312
856,our_SB_1,61/70968/61-70968-0031.flac,2300/131720/2300-131720-0026.flac,61-70968-0031,2300-131720-0026,/Users/davidmillard/Downloads/eval/our_SB_1/61-70968-0031__to__2300-131720-0026.wav,/Users/davidmillard/Downloads/eval/freevc/target/61-70968-0031_to_2300-131720-0026_target.flac,True,0.2852588593959808,2.572889804840088
857,our_SB_1,61/70968/61-70968-0033.flac,1320/122617/1320-122617-0040.flac,61-70968-0033,1320-122617-0040,/Users/davidmillard/Downloads/eval/our_SB_1/61-70968-0033__to__1320-122617-0040.wav,/Users/davidmillard/Downloads/eval/freevc/target/61-70968-0033_to_1320-122617-0040_target.flac,True,0.4831829369068146,3.239729642868042
858,our_SB_1,61/70968/61-70968-0035.flac,1995/1837/1995-1837-0007.flac,61-70968-0035,1995-1837-0007,/Users/davidmillard/Downloads/eval/our_SB_1/61-70968-0035__to__1995-1837-0007.wav,/Users/davidmillard/Downloads/eval/freevc/target/61-70968-0035_to_1995-1837-0007_target.flac,True,0.3256547749042511,3.0031721591949463
859,our_SB_1,61/70968/61-70968-0037.flac,4970/29095/4970-29095-0026.flac,61-70968-0037,4970-29095-0026,/Users/davidmillard/Downloads/eval/our_SB_1/61-70968-0037__to__4970-29095-0026.wav,/Users/davidmillard/Downloads/eval/freevc/target/61-70968-0037_to_4970-29095-0026_target.flac,True,0.3020678162574768,3.8450679779052734
860,our_SB_1,61/70968/61-70968-0039.flac,4077/13751/4077-13751-0005.flac,61-70968-0039,4077-13751-0005,/Users/davidmillard/Downloads/eval/our_SB_1/61-70968-0039__to__4077-13751-0005.wav,/Users/davidmillard/Downloads/eval/freevc/target/61-70968-0039_to_4077-13751-0005_target.flac,True,0.5705169439315796,3.947181224822998
861,our_SB_1,61/70968/61-70968-0041.flac,908/31957/908-31957-0007.flac,61-70968-0041,908-31957-0007,/Users/davidmillard/Downloads/eval/our_SB_1/61-70968-0041__to__908-31957-0007.wav,/Users/davidmillard/Downloads/eval/freevc/target/61-70968-0041_to_908-31957-0007_target.flac,True,0.2505863606929779,2.853275775909424
862,our_SB_1,61/70968/61-70968-0043.flac,1188/133604/1188-133604-0042.flac,61-70968-0043,1188-133604-0042,/Users/davidmillard/Downloads/eval/our_SB_1/61-70968-0043__to__1188-133604-0042.wav,/Users/davidmillard/Downloads/eval/freevc/target/61-70968-0043_to_1188-133604-0042_target.flac,True,0.4145110845565796,2.8551430702209473
863,our_SB_1,61/70968/61-70968-0045.flac,8224/274381/8224-274381-0012.flac,61-70968-0045,8224-274381-0012,/Users/davidmillard/Downloads/eval/our_SB_1/61-70968-0045__to__8224-274381-0012.wav,/Users/davidmillard/Downloads/eval/freevc/target/61-70968-0045_to_8224-274381-0012_target.flac,True,0.0614009425044059,2.9253737926483154
864,our_SB_1,61/70968/61-70968-0047.flac,1221/135766/1221-135766-0015.flac,61-70968-0047,1221-135766-0015,/Users/davidmillard/Downloads/eval/our_SB_1/61-70968-0047__to__1221-135766-0015.wav,/Users/davidmillard/Downloads/eval/freevc/target/61-70968-0047_to_1221-135766-0015_target.flac,True,0.3009726107120514,3.077498435974121
865,our_SB_1,61/70968/61-70968-0049.flac,1995/1836/1995-1836-0003.flac,61-70968-0049,1995-1836-0003,/Users/davidmillard/Downloads/eval/our_SB_1/61-70968-0049__to__1995-1836-0003.wav,/Users/davidmillard/Downloads/eval/freevc/target/61-70968-0049_to_1995-1836-0003_target.flac,True,0.1861628592014312,2.5515007972717285
866,our_SB_1,61/70968/61-70968-0051.flac,8224/274381/8224-274381-0000.flac,61-70968-0051,8224-274381-0000,/Users/davidmillard/Downloads/eval/our_SB_1/61-70968-0051__to__8224-274381-0000.wav,/Users/davidmillard/Downloads/eval/freevc/target/61-70968-0051_to_8224-274381-0000_target.flac,True,0.1587361693382263,2.4359922409057617
867,our_SB_1,61/70968/61-70968-0053.flac,2094/142345/2094-142345-0024.flac,61-70968-0053,2094-142345-0024,/Users/davidmillard/Downloads/eval/our_SB_1/61-70968-0053__to__2094-142345-0024.wav,/Users/davidmillard/Downloads/eval/freevc/target/61-70968-0053_to_2094-142345-0024_target.flac,True,0.1230895370244979,3.3333511352539062
868,our_SB_1,61/70968/61-70968-0055.flac,5142/36377/5142-36377-0000.flac,61-70968-0055,5142-36377-0000,/Users/davidmillard/Downloads/eval/our_SB_1/61-70968-0055__to__5142-36377-0000.wav,/Users/davidmillard/Downloads/eval/freevc/target/61-70968-0055_to_5142-36377-0000_target.flac,True,0.3422750830650329,2.6003811359405518
869,our_SB_1,61/70968/61-70968-0057.flac,1284/1180/1284-1180-0001.flac,61-70968-0057,1284-1180-0001,/Users/davidmillard/Downloads/eval/our_SB_1/61-70968-0057__to__1284-1180-0001.wav,/Users/davidmillard/Downloads/eval/freevc/target/61-70968-0057_to_1284-1180-0001_target.flac,True,0.3623026907444,2.195908784866333
870,our_SB_1,61/70968/61-70968-0059.flac,1089/134686/1089-134686-0033.flac,61-70968-0059,1089-134686-0033,/Users/davidmillard/Downloads/eval/our_SB_1/61-70968-0059__to__1089-134686-0033.wav,/Users/davidmillard/Downloads/eval/freevc/target/61-70968-0059_to_1089-134686-0033_target.flac,True,0.4794715046882629,3.380079746246338
871,our_SB_1,61/70968/61-70968-0061.flac,1221/135767/1221-135767-0009.flac,61-70968-0061,1221-135767-0009,/Users/davidmillard/Downloads/eval/our_SB_1/61-70968-0061__to__1221-135767-0009.wav,/Users/davidmillard/Downloads/eval/freevc/target/61-70968-0061_to_1221-135767-0009_target.flac,True,0.3512317538261413,2.8256192207336426
872,our_SB_1,61/70970/61-70970-0000.flac,7729/102255/7729-102255-0026.flac,61-70970-0000,7729-102255-0026,/Users/davidmillard/Downloads/eval/our_SB_1/61-70970-0000__to__7729-102255-0026.wav,/Users/davidmillard/Downloads/eval/freevc/target/61-70970-0000_to_7729-102255-0026_target.flac,True,0.4594864249229431,3.068655490875244
873,our_SB_1,61/70970/61-70970-0002.flac,5683/32865/5683-32865-0010.flac,61-70970-0002,5683-32865-0010,/Users/davidmillard/Downloads/eval/our_SB_1/61-70970-0002__to__5683-32865-0010.wav,/Users/davidmillard/Downloads/eval/freevc/target/61-70970-0002_to_5683-32865-0010_target.flac,True,0.4116516709327698,3.0015275478363037
874,our_SB_1,61/70970/61-70970-0004.flac,2300/131720/2300-131720-0017.flac,61-70970-0004,2300-131720-0017,/Users/davidmillard/Downloads/eval/our_SB_1/61-70970-0004__to__2300-131720-0017.wav,/Users/davidmillard/Downloads/eval/freevc/target/61-70970-0004_to_2300-131720-0017_target.flac,True,0.3539235889911651,3.10642147064209
875,our_SB_1,61/70970/61-70970-0006.flac,1320/122617/1320-122617-0015.flac,61-70970-0006,1320-122617-0015,/Users/davidmillard/Downloads/eval/our_SB_1/61-70970-0006__to__1320-122617-0015.wav,/Users/davidmillard/Downloads/eval/freevc/target/61-70970-0006_to_1320-122617-0015_target.flac,True,0.259067952632904,2.5533578395843506
876,our_SB_1,61/70970/61-70970-0008.flac,8230/279154/8230-279154-0020.flac,61-70970-0008,8230-279154-0020,/Users/davidmillard/Downloads/eval/our_SB_1/61-70970-0008__to__8230-279154-0020.wav,/Users/davidmillard/Downloads/eval/freevc/target/61-70970-0008_to_8230-279154-0020_target.flac,True,0.3781718611717224,2.9370956420898438
877,our_SB_1,61/70970/61-70970-0010.flac,4507/16021/4507-16021-0044.flac,61-70970-0010,4507-16021-0044,/Users/davidmillard/Downloads/eval/our_SB_1/61-70970-0010__to__4507-16021-0044.wav,/Users/davidmillard/Downloads/eval/freevc/target/61-70970-0010_to_4507-16021-0044_target.flac,True,0.3638356328010559,3.263350248336792
878,our_SB_1,61/70970/61-70970-0012.flac,1221/135766/1221-135766-0015.flac,61-70970-0012,1221-135766-0015,/Users/davidmillard/Downloads/eval/our_SB_1/61-70970-0012__to__1221-135766-0015.wav,/Users/davidmillard/Downloads/eval/freevc/target/61-70970-0012_to_1221-135766-0015_target.flac,True,0.3142987489700317,2.510373592376709
879,our_SB_1,61/70970/61-70970-0014.flac,1995/1837/1995-1837-0016.flac,61-70970-0014,1995-1837-0016,/Users/davidmillard/Downloads/eval/our_SB_1/61-70970-0014__to__1995-1837-0016.wav,/Users/davidmillard/Downloads/eval/freevc/target/61-70970-0014_to_1995-1837-0016_target.flac,True,0.2767079472541809,3.3662445545196533
880,our_SB_1,61/70970/61-70970-0016.flac,4507/16021/4507-16021-0042.flac,61-70970-0016,4507-16021-0042,/Users/davidmillard/Downloads/eval/our_SB_1/61-70970-0016__to__4507-16021-0042.wav,/Users/davidmillard/Downloads/eval/freevc/target/61-70970-0016_to_4507-16021-0042_target.flac,True,0.3931359946727752,3.5198910236358643
881,our_SB_1,61/70970/61-70970-0018.flac,1089/134686/1089-134686-0017.flac,61-70970-0018,1089-134686-0017,/Users/davidmillard/Downloads/eval/our_SB_1/61-70970-0018__to__1089-134686-0017.wav,/Users/davidmillard/Downloads/eval/freevc/target/61-70970-0018_to_1089-134686-0017_target.flac,True,0.3743175268173218,3.0731749534606934
882,our_SB_1,61/70970/61-70970-0020.flac,7176/92135/7176-92135-0016.flac,61-70970-0020,7176-92135-0016,/Users/davidmillard/Downloads/eval/our_SB_1/61-70970-0020__to__7176-92135-0016.wav,/Users/davidmillard/Downloads/eval/freevc/target/61-70970-0020_to_7176-92135-0016_target.flac,True,0.4930525422096252,2.357692003250122
883,our_SB_1,61/70970/61-70970-0022.flac,237/134500/237-134500-0002.flac,61-70970-0022,237-134500-0002,/Users/davidmillard/Downloads/eval/our_SB_1/61-70970-0022__to__237-134500-0002.wav,/Users/davidmillard/Downloads/eval/freevc/target/61-70970-0022_to_237-134500-0002_target.flac,True,0.3499068021774292,3.389681339263916
884,our_SB_1,61/70970/61-70970-0024.flac,4077/13751/4077-13751-0007.flac,61-70970-0024,4077-13751-0007,/Users/davidmillard/Downloads/eval/our_SB_1/61-70970-0024__to__4077-13751-0007.wav,/Users/davidmillard/Downloads/eval/freevc/target/61-70970-0024_to_4077-13751-0007_target.flac,True,0.3763405680656433,3.3948822021484375
885,our_SB_1,61/70970/61-70970-0026.flac,6829/68769/6829-68769-0034.flac,61-70970-0026,6829-68769-0034,/Users/davidmillard/Downloads/eval/our_SB_1/61-70970-0026__to__6829-68769-0034.wav,/Users/davidmillard/Downloads/eval/freevc/target/61-70970-0026_to_6829-68769-0034_target.flac,True,0.3674843311309814,3.1477854251861572
886,our_SB_1,61/70970/61-70970-0028.flac,3729/6852/3729-6852-0045.flac,61-70970-0028,3729-6852-0045,/Users/davidmillard/Downloads/eval/our_SB_1/61-70970-0028__to__3729-6852-0045.wav,/Users/davidmillard/Downloads/eval/freevc/target/61-70970-0028_to_3729-6852-0045_target.flac,True,0.4079721868038177,3.422739267349243
887,our_SB_1,61/70970/61-70970-0030.flac,7176/92135/7176-92135-0030.flac,61-70970-0030,7176-92135-0030,/Users/davidmillard/Downloads/eval/our_SB_1/61-70970-0030__to__7176-92135-0030.wav,/Users/davidmillard/Downloads/eval/freevc/target/61-70970-0030_to_7176-92135-0030_target.flac,True,0.2774965763092041,3.0088253021240234
888,our_SB_1,61/70970/61-70970-0032.flac,1221/135767/1221-135767-0015.flac,61-70970-0032,1221-135767-0015,/Users/davidmillard/Downloads/eval/our_SB_1/61-70970-0032__to__1221-135767-0015.wav,/Users/davidmillard/Downloads/eval/freevc/target/61-70970-0032_to_1221-135767-0015_target.flac,True,0.2133403569459915,3.4870269298553467
889,our_SB_1,61/70970/61-70970-0034.flac,5142/33396/5142-33396-0020.flac,61-70970-0034,5142-33396-0020,/Users/davidmillard/Downloads/eval/our_SB_1/61-70970-0034__to__5142-33396-0020.wav,/Users/davidmillard/Downloads/eval/freevc/target/61-70970-0034_to_5142-33396-0020_target.flac,True,0.3502323031425476,2.630408763885498
890,our_SB_1,61/70970/61-70970-0036.flac,8463/287645/8463-287645-0014.flac,61-70970-0036,8463-287645-0014,/Users/davidmillard/Downloads/eval/our_SB_1/61-70970-0036__to__8463-287645-0014.wav,/Users/davidmillard/Downloads/eval/freevc/target/61-70970-0036_to_8463-287645-0014_target.flac,True,0.2768979072570801,3.044811248779297
891,our_SB_1,61/70970/61-70970-0038.flac,7729/102255/7729-102255-0000.flac,61-70970-0038,7729-102255-0000,/Users/davidmillard/Downloads/eval/our_SB_1/61-70970-0038__to__7729-102255-0000.wav,/Users/davidmillard/Downloads/eval/freevc/target/61-70970-0038_to_7729-102255-0000_target.flac,True,0.3589264750480652,2.570382595062256
892,our_SB_1,61/70970/61-70970-0040.flac,1089/134686/1089-134686-0031.flac,61-70970-0040,1089-134686-0031,/Users/davidmillard/Downloads/eval/our_SB_1/61-70970-0040__to__1089-134686-0031.wav,/Users/davidmillard/Downloads/eval/freevc/target/61-70970-0040_to_1089-134686-0031_target.flac,True,0.3971142172813415,3.532162666320801
893,our_SB_1,672/122797/672-122797-0001.flac,5142/33396/5142-33396-0049.flac,672-122797-0001,5142-33396-0049,/Users/davidmillard/Downloads/eval/our_SB_1/672-122797-0001__to__5142-33396-0049.wav,/Users/davidmillard/Downloads/eval/freevc/target/672-122797-0001_to_5142-33396-0049_target.flac,True,0.3010848760604858,3.1822125911712646
894,our_SB_1,672/122797/672-122797-0003.flac,121/127105/121-127105-0010.flac,672-122797-0003,121-127105-0010,/Users/davidmillard/Downloads/eval/our_SB_1/672-122797-0003__to__121-127105-0010.wav,/Users/davidmillard/Downloads/eval/freevc/target/672-122797-0003_to_121-127105-0010_target.flac,True,0.2635283470153808,2.625134229660034
895,our_SB_1,672/122797/672-122797-0005.flac,4970/29093/4970-29093-0015.flac,672-122797-0005,4970-29093-0015,/Users/davidmillard/Downloads/eval/our_SB_1/672-122797-0005__to__4970-29093-0015.wav,/Users/davidmillard/Downloads/eval/freevc/target/672-122797-0005_to_4970-29093-0015_target.flac,True,0.2275343835353851,2.4115614891052246
896,our_SB_1,672/122797/672-122797-0007.flac,4970/29093/4970-29093-0017.flac,672-122797-0007,4970-29093-0017,/Users/davidmillard/Downloads/eval/our_SB_1/672-122797-0007__to__4970-29093-0017.wav,/Users/davidmillard/Downloads/eval/freevc/target/672-122797-0007_to_4970-29093-0017_target.flac,True,0.2751861214637756,2.979902505874634
897,our_SB_1,672/122797/672-122797-0009.flac,5142/33396/5142-33396-0015.flac,672-122797-0009,5142-33396-0015,/Users/davidmillard/Downloads/eval/our_SB_1/672-122797-0009__to__5142-33396-0015.wav,/Users/davidmillard/Downloads/eval/freevc/target/672-122797-0009_to_5142-33396-0015_target.flac,True,0.1063371002674102,3.3079168796539307
898,our_SB_1,672/122797/672-122797-0011.flac,1221/135766/1221-135766-0011.flac,672-122797-0011,1221-135766-0011,/Users/davidmillard/Downloads/eval/our_SB_1/672-122797-0011__to__1221-135766-0011.wav,/Users/davidmillard/Downloads/eval/freevc/target/672-122797-0011_to_1221-135766-0011_target.flac,True,0.223053753376007,2.3955187797546387
899,our_SB_1,672/122797/672-122797-0013.flac,121/127105/121-127105-0036.flac,672-122797-0013,121-127105-0036,/Users/davidmillard/Downloads/eval/our_SB_1/672-122797-0013__to__121-127105-0036.wav,/Users/davidmillard/Downloads/eval/freevc/target/672-122797-0013_to_121-127105-0036_target.flac,True,0.0861225426197052,2.3770995140075684
900,our_SB_1,672/122797/672-122797-0015.flac,7021/85628/7021-85628-0024.flac,672-122797-0015,7021-85628-0024,/Users/davidmillard/Downloads/eval/our_SB_1/672-122797-0015__to__7021-85628-0024.wav,/Users/davidmillard/Downloads/eval/freevc/target/672-122797-0015_to_7021-85628-0024_target.flac,True,0.1654592752456665,2.8459949493408203
901,our_SB_1,672/122797/672-122797-0017.flac,4507/16021/4507-16021-0020.flac,672-122797-0017,4507-16021-0020,/Users/davidmillard/Downloads/eval/our_SB_1/672-122797-0017__to__4507-16021-0020.wav,/Users/davidmillard/Downloads/eval/freevc/target/672-122797-0017_to_4507-16021-0020_target.flac,True,0.3529552221298218,1.9073617458343506
902,our_SB_1,672/122797/672-122797-0019.flac,7021/79730/7021-79730-0000.flac,672-122797-0019,7021-79730-0000,/Users/davidmillard/Downloads/eval/our_SB_1/672-122797-0019__to__7021-79730-0000.wav,/Users/davidmillard/Downloads/eval/freevc/target/672-122797-0019_to_7021-79730-0000_target.flac,True,0.2090804576873779,2.63281512260437
903,our_SB_1,672/122797/672-122797-0021.flac,4446/2275/4446-2275-0010.flac,672-122797-0021,4446-2275-0010,/Users/davidmillard/Downloads/eval/our_SB_1/672-122797-0021__to__4446-2275-0010.wav,/Users/davidmillard/Downloads/eval/freevc/target/672-122797-0021_to_4446-2275-0010_target.flac,True,0.1544180363416671,3.7160229682922363
904,our_SB_1,672/122797/672-122797-0023.flac,3575/170457/3575-170457-0029.flac,672-122797-0023,3575-170457-0029,/Users/davidmillard/Downloads/eval/our_SB_1/672-122797-0023__to__3575-170457-0029.wav,/Users/davidmillard/Downloads/eval/freevc/target/672-122797-0023_to_3575-170457-0029_target.flac,True,0.4070664346218109,3.1192638874053955
905,our_SB_1,672/122797/672-122797-0025.flac,7176/88083/7176-88083-0025.flac,672-122797-0025,7176-88083-0025,/Users/davidmillard/Downloads/eval/our_SB_1/672-122797-0025__to__7176-88083-0025.wav,/Users/davidmillard/Downloads/eval/freevc/target/672-122797-0025_to_7176-88083-0025_target.flac,True,0.251824676990509,3.145742654800415
906,our_SB_1,672/122797/672-122797-0027.flac,2300/131720/2300-131720-0000.flac,672-122797-0027,2300-131720-0000,/Users/davidmillard/Downloads/eval/our_SB_1/672-122797-0027__to__2300-131720-0000.wav,/Users/davidmillard/Downloads/eval/freevc/target/672-122797-0027_to_2300-131720-0000_target.flac,True,0.5137901306152344,3.0119481086730957
907,our_SB_1,672/122797/672-122797-0029.flac,3570/5695/3570-5695-0011.flac,672-122797-0029,3570-5695-0011,/Users/davidmillard/Downloads/eval/our_SB_1/672-122797-0029__to__3570-5695-0011.wav,/Users/davidmillard/Downloads/eval/freevc/target/672-122797-0029_to_3570-5695-0011_target.flac,True,0.1720776557922363,2.5805585384368896
908,our_SB_1,672/122797/672-122797-0031.flac,1089/134691/1089-134691-0004.flac,672-122797-0031,1089-134691-0004,/Users/davidmillard/Downloads/eval/our_SB_1/672-122797-0031__to__1089-134691-0004.wav,/Users/davidmillard/Downloads/eval/freevc/target/672-122797-0031_to_1089-134691-0004_target.flac,True,0.3437972962856293,2.829662561416626
909,our_SB_1,672/122797/672-122797-0033.flac,4507/16021/4507-16021-0006.flac,672-122797-0033,4507-16021-0006,/Users/davidmillard/Downloads/eval/our_SB_1/672-122797-0033__to__4507-16021-0006.wav,/Users/davidmillard/Downloads/eval/freevc/target/672-122797-0033_to_4507-16021-0006_target.flac,True,0.2726739645004272,2.105029344558716
910,our_SB_1,672/122797/672-122797-0035.flac,3575/170457/3575-170457-0026.flac,672-122797-0035,3575-170457-0026,/Users/davidmillard/Downloads/eval/our_SB_1/672-122797-0035__to__3575-170457-0026.wav,/Users/davidmillard/Downloads/eval/freevc/target/672-122797-0035_to_3575-170457-0026_target.flac,True,0.1962660551071167,2.6640543937683105
911,our_SB_1,672/122797/672-122797-0037.flac,2300/131720/2300-131720-0017.flac,672-122797-0037,2300-131720-0017,/Users/davidmillard/Downloads/eval/our_SB_1/672-122797-0037__to__2300-131720-0017.wav,/Users/davidmillard/Downloads/eval/freevc/target/672-122797-0037_to_2300-131720-0017_target.flac,True,0.1610812246799469,2.564440965652466
912,our_SB_1,672/122797/672-122797-0039.flac,3570/5695/3570-5695-0010.flac,672-122797-0039,3570-5695-0010,/Users/davidmillard/Downloads/eval/our_SB_1/672-122797-0039__to__3570-5695-0010.wav,/Users/davidmillard/Downloads/eval/freevc/target/672-122797-0039_to_3570-5695-0010_target.flac,True,0.2851585745811462,2.298551321029663
913,our_SB_1,672/122797/672-122797-0041.flac,5142/33396/5142-33396-0058.flac,672-122797-0041,5142-33396-0058,/Users/davidmillard/Downloads/eval/our_SB_1/672-122797-0041__to__5142-33396-0058.wav,/Users/davidmillard/Downloads/eval/freevc/target/672-122797-0041_to_5142-33396-0058_target.flac,True,0.1633950173854828,3.5975239276885986
914,our_SB_1,672/122797/672-122797-0043.flac,1580/141084/1580-141084-0010.flac,672-122797-0043,1580-141084-0010,/Users/davidmillard/Downloads/eval/our_SB_1/672-122797-0043__to__1580-141084-0010.wav,/Users/davidmillard/Downloads/eval/freevc/target/672-122797-0043_to_1580-141084-0010_target.flac,True,0.3687943518161773,2.8386118412017822
915,our_SB_1,672/122797/672-122797-0045.flac,5683/32865/5683-32865-0009.flac,672-122797-0045,5683-32865-0009,/Users/davidmillard/Downloads/eval/our_SB_1/672-122797-0045__to__5683-32865-0009.wav,/Users/davidmillard/Downloads/eval/freevc/target/672-122797-0045_to_5683-32865-0009_target.flac,True,0.4607220292091369,3.1688168048858643
916,our_SB_1,672/122797/672-122797-0047.flac,1221/135767/1221-135767-0011.flac,672-122797-0047,1221-135767-0011,/Users/davidmillard/Downloads/eval/our_SB_1/672-122797-0047__to__1221-135767-0011.wav,/Users/davidmillard/Downloads/eval/freevc/target/672-122797-0047_to_1221-135767-0011_target.flac,True,0.1643208712339401,3.2300493717193604
917,our_SB_1,672/122797/672-122797-0049.flac,4446/2273/4446-2273-0008.flac,672-122797-0049,4446-2273-0008,/Users/davidmillard/Downloads/eval/our_SB_1/672-122797-0049__to__4446-2273-0008.wav,/Users/davidmillard/Downloads/eval/freevc/target/672-122797-0049_to_4446-2273-0008_target.flac,True,0.1178119182586669,2.0376529693603516
918,our_SB_1,672/122797/672-122797-0051.flac,5683/32866/5683-32866-0023.flac,672-122797-0051,5683-32866-0023,/Users/davidmillard/Downloads/eval/our_SB_1/672-122797-0051__to__5683-32866-0023.wav,/Users/davidmillard/Downloads/eval/freevc/target/672-122797-0051_to_5683-32866-0023_target.flac,True,0.1716865599155426,1.68567955493927
919,our_SB_1,672/122797/672-122797-0053.flac,4077/13751/4077-13751-0014.flac,672-122797-0053,4077-13751-0014,/Users/davidmillard/Downloads/eval/our_SB_1/672-122797-0053__to__4077-13751-0014.wav,/Users/davidmillard/Downloads/eval/freevc/target/672-122797-0053_to_4077-13751-0014_target.flac,True,0.2707554996013641,3.4055163860321045
920,our_SB_1,672/122797/672-122797-0055.flac,2830/3980/2830-3980-0004.flac,672-122797-0055,2830-3980-0004,/Users/davidmillard/Downloads/eval/our_SB_1/672-122797-0055__to__2830-3980-0004.wav,/Users/davidmillard/Downloads/eval/freevc/target/672-122797-0055_to_2830-3980-0004_target.flac,True,0.2829757034778595,2.8703105449676514
921,our_SB_1,672/122797/672-122797-0057.flac,2300/131720/2300-131720-0006.flac,672-122797-0057,2300-131720-0006,/Users/davidmillard/Downloads/eval/our_SB_1/672-122797-0057__to__2300-131720-0006.wav,/Users/davidmillard/Downloads/eval/freevc/target/672-122797-0057_to_2300-131720-0006_target.flac,True,0.331956684589386,2.351473569869995
922,our_SB_1,672/122797/672-122797-0059.flac,7021/79740/7021-79740-0010.flac,672-122797-0059,7021-79740-0010,/Users/davidmillard/Downloads/eval/our_SB_1/672-122797-0059__to__7021-79740-0010.wav,/Users/davidmillard/Downloads/eval/freevc/target/672-122797-0059_to_7021-79740-0010_target.flac,True,0.3652341067790985,2.65834641456604
923,our_SB_1,672/122797/672-122797-0061.flac,8230/279154/8230-279154-0022.flac,672-122797-0061,8230-279154-0022,/Users/davidmillard/Downloads/eval/our_SB_1/672-122797-0061__to__8230-279154-0022.wav,/Users/davidmillard/Downloads/eval/freevc/target/672-122797-0061_to_8230-279154-0022_target.flac,True,0.2862216532230377,2.739070415496826
924,our_SB_1,672/122797/672-122797-0063.flac,4507/16021/4507-16021-0029.flac,672-122797-0063,4507-16021-0029,/Users/davidmillard/Downloads/eval/our_SB_1/672-122797-0063__to__4507-16021-0029.wav,/Users/davidmillard/Downloads/eval/freevc/target/672-122797-0063_to_4507-16021-0029_target.flac,True,0.320638358592987,2.944953203201294
925,our_SB_1,672/122797/672-122797-0065.flac,1320/122612/1320-122612-0010.flac,672-122797-0065,1320-122612-0010,/Users/davidmillard/Downloads/eval/our_SB_1/672-122797-0065__to__1320-122612-0010.wav,/Users/davidmillard/Downloads/eval/freevc/target/672-122797-0065_to_1320-122612-0010_target.flac,True,0.3913003206253052,2.531395435333252
926,our_SB_1,672/122797/672-122797-0067.flac,908/157963/908-157963-0002.flac,672-122797-0067,908-157963-0002,/Users/davidmillard/Downloads/eval/our_SB_1/672-122797-0067__to__908-157963-0002.wav,/Users/davidmillard/Downloads/eval/freevc/target/672-122797-0067_to_908-157963-0002_target.flac,True,0.2954094707965851,2.873711585998535
927,our_SB_1,672/122797/672-122797-0069.flac,2300/131720/2300-131720-0005.flac,672-122797-0069,2300-131720-0005,/Users/davidmillard/Downloads/eval/our_SB_1/672-122797-0069__to__2300-131720-0005.wav,/Users/davidmillard/Downloads/eval/freevc/target/672-122797-0069_to_2300-131720-0005_target.flac,True,0.5556477904319763,3.4440531730651855
928,our_SB_1,672/122797/672-122797-0071.flac,5683/32879/5683-32879-0016.flac,672-122797-0071,5683-32879-0016,/Users/davidmillard/Downloads/eval/our_SB_1/672-122797-0071__to__5683-32879-0016.wav,/Users/davidmillard/Downloads/eval/freevc/target/672-122797-0071_to_5683-32879-0016_target.flac,True,0.381158709526062,2.942758798599243
929,our_SB_1,672/122797/672-122797-0073.flac,3729/6852/3729-6852-0011.flac,672-122797-0073,3729-6852-0011,/Users/davidmillard/Downloads/eval/our_SB_1/672-122797-0073__to__3729-6852-0011.wav,/Users/davidmillard/Downloads/eval/freevc/target/672-122797-0073_to_3729-6852-0011_target.flac,True,0.4680408537387848,2.9498960971832275
930,our_SB_1,6829/68769/6829-68769-0000.flac,6930/81414/6930-81414-0021.flac,6829-68769-0000,6930-81414-0021,/Users/davidmillard/Downloads/eval/our_SB_1/6829-68769-0000__to__6930-81414-0021.wav,/Users/davidmillard/Downloads/eval/freevc/target/6829-68769-0000_to_6930-81414-0021_target.flac,True,0.3016660511493683,2.8197503089904785
931,our_SB_1,6829/68769/6829-68769-0002.flac,1580/141084/1580-141084-0005.flac,6829-68769-0002,1580-141084-0005,/Users/davidmillard/Downloads/eval/our_SB_1/6829-68769-0002__to__1580-141084-0005.wav,/Users/davidmillard/Downloads/eval/freevc/target/6829-68769-0002_to_1580-141084-0005_target.flac,True,0.3878331482410431,2.9129016399383545
932,our_SB_1,6829/68769/6829-68769-0004.flac,2094/142345/2094-142345-0007.flac,6829-68769-0004,2094-142345-0007,/Users/davidmillard/Downloads/eval/our_SB_1/6829-68769-0004__to__2094-142345-0007.wav,/Users/davidmillard/Downloads/eval/freevc/target/6829-68769-0004_to_2094-142345-0007_target.flac,True,0.2528833150863647,3.181354284286499
933,our_SB_1,6829/68769/6829-68769-0006.flac,3570/5694/3570-5694-0008.flac,6829-68769-0006,3570-5694-0008,/Users/davidmillard/Downloads/eval/our_SB_1/6829-68769-0006__to__3570-5694-0008.wav,/Users/davidmillard/Downloads/eval/freevc/target/6829-68769-0006_to_3570-5694-0008_target.flac,True,0.4361391067504883,2.846906900405884
934,our_SB_1,6829/68769/6829-68769-0008.flac,5142/36377/5142-36377-0018.flac,6829-68769-0008,5142-36377-0018,/Users/davidmillard/Downloads/eval/our_SB_1/6829-68769-0008__to__5142-36377-0018.wav,/Users/davidmillard/Downloads/eval/freevc/target/6829-68769-0008_to_5142-36377-0018_target.flac,True,0.109733797609806,3.262894630432129
935,our_SB_1,6829/68769/6829-68769-0010.flac,8555/284447/8555-284447-0016.flac,6829-68769-0010,8555-284447-0016,/Users/davidmillard/Downloads/eval/our_SB_1/6829-68769-0010__to__8555-284447-0016.wav,/Users/davidmillard/Downloads/eval/freevc/target/6829-68769-0010_to_8555-284447-0016_target.flac,True,0.063793160021305,3.102773666381836
936,our_SB_1,6829/68769/6829-68769-0012.flac,1284/1180/1284-1180-0012.flac,6829-68769-0012,1284-1180-0012,/Users/davidmillard/Downloads/eval/our_SB_1/6829-68769-0012__to__1284-1180-0012.wav,/Users/davidmillard/Downloads/eval/freevc/target/6829-68769-0012_to_1284-1180-0012_target.flac,True,0.3702636957168579,3.0091328620910645
937,our_SB_1,6829/68769/6829-68769-0014.flac,1320/122617/1320-122617-0040.flac,6829-68769-0014,1320-122617-0040,/Users/davidmillard/Downloads/eval/our_SB_1/6829-68769-0014__to__1320-122617-0040.wav,/Users/davidmillard/Downloads/eval/freevc/target/6829-68769-0014_to_1320-122617-0040_target.flac,True,0.4148747324943542,3.083850860595703
938,our_SB_1,6829/68769/6829-68769-0016.flac,121/127105/121-127105-0035.flac,6829-68769-0016,121-127105-0035,/Users/davidmillard/Downloads/eval/our_SB_1/6829-68769-0016__to__121-127105-0035.wav,/Users/davidmillard/Downloads/eval/freevc/target/6829-68769-0016_to_121-127105-0035_target.flac,True,0.0058122463524341,3.6279640197753906
939,our_SB_1,6829/68769/6829-68769-0018.flac,237/134500/237-134500-0028.flac,6829-68769-0018,237-134500-0028,/Users/davidmillard/Downloads/eval/our_SB_1/6829-68769-0018__to__237-134500-0028.wav,/Users/davidmillard/Downloads/eval/freevc/target/6829-68769-0018_to_237-134500-0028_target.flac,True,0.3652421236038208,2.9019384384155273
940,our_SB_1,6829/68769/6829-68769-0020.flac,7176/88083/7176-88083-0003.flac,6829-68769-0020,7176-88083-0003,/Users/davidmillard/Downloads/eval/our_SB_1/6829-68769-0020__to__7176-88083-0003.wav,/Users/davidmillard/Downloads/eval/freevc/target/6829-68769-0020_to_7176-88083-0003_target.flac,True,0.4157075583934784,2.9414114952087402
941,our_SB_1,6829/68769/6829-68769-0022.flac,260/123288/260-123288-0013.flac,6829-68769-0022,260-123288-0013,/Users/davidmillard/Downloads/eval/our_SB_1/6829-68769-0022__to__260-123288-0013.wav,/Users/davidmillard/Downloads/eval/freevc/target/6829-68769-0022_to_260-123288-0013_target.flac,True,0.3235862851142883,2.538769006729126
942,our_SB_1,6829/68769/6829-68769-0024.flac,4077/13751/4077-13751-0017.flac,6829-68769-0024,4077-13751-0017,/Users/davidmillard/Downloads/eval/our_SB_1/6829-68769-0024__to__4077-13751-0017.wav,/Users/davidmillard/Downloads/eval/freevc/target/6829-68769-0024_to_4077-13751-0017_target.flac,True,0.4065977931022644,2.607179641723633
943,our_SB_1,6829/68769/6829-68769-0026.flac,121/127105/121-127105-0014.flac,6829-68769-0026,121-127105-0014,/Users/davidmillard/Downloads/eval/our_SB_1/6829-68769-0026__to__121-127105-0014.wav,/Users/davidmillard/Downloads/eval/freevc/target/6829-68769-0026_to_121-127105-0014_target.flac,True,-0.0027447566390037,2.7738468647003174
944,our_SB_1,6829/68769/6829-68769-0028.flac,4446/2275/4446-2275-0001.flac,6829-68769-0028,4446-2275-0001,/Users/davidmillard/Downloads/eval/our_SB_1/6829-68769-0028__to__4446-2275-0001.wav,/Users/davidmillard/Downloads/eval/freevc/target/6829-68769-0028_to_4446-2275-0001_target.flac,True,0.4053252041339874,3.778196334838867
945,our_SB_1,6829/68769/6829-68769-0030.flac,7127/75946/7127-75946-0007.flac,6829-68769-0030,7127-75946-0007,/Users/davidmillard/Downloads/eval/our_SB_1/6829-68769-0030__to__7127-75946-0007.wav,/Users/davidmillard/Downloads/eval/freevc/target/6829-68769-0030_to_7127-75946-0007_target.flac,True,0.3108069598674774,3.407078266143799
946,our_SB_1,6829/68769/6829-68769-0032.flac,5639/40744/5639-40744-0008.flac,6829-68769-0032,5639-40744-0008,/Users/davidmillard/Downloads/eval/our_SB_1/6829-68769-0032__to__5639-40744-0008.wav,/Users/davidmillard/Downloads/eval/freevc/target/6829-68769-0032_to_5639-40744-0008_target.flac,True,0.2658442258834839,3.1547584533691406
947,our_SB_1,6829/68769/6829-68769-0034.flac,8224/274381/8224-274381-0015.flac,6829-68769-0034,8224-274381-0015,/Users/davidmillard/Downloads/eval/our_SB_1/6829-68769-0034__to__8224-274381-0015.wav,/Users/davidmillard/Downloads/eval/freevc/target/6829-68769-0034_to_8224-274381-0015_target.flac,True,0.3251458406448364,3.186924934387207
948,our_SB_1,6829/68769/6829-68769-0036.flac,5639/40744/5639-40744-0022.flac,6829-68769-0036,5639-40744-0022,/Users/davidmillard/Downloads/eval/our_SB_1/6829-68769-0036__to__5639-40744-0022.wav,/Users/davidmillard/Downloads/eval/freevc/target/6829-68769-0036_to_5639-40744-0022_target.flac,True,0.4602099061012268,3.1263487339019775
949,our_SB_1,6829/68769/6829-68769-0038.flac,7176/92135/7176-92135-0016.flac,6829-68769-0038,7176-92135-0016,/Users/davidmillard/Downloads/eval/our_SB_1/6829-68769-0038__to__7176-92135-0016.wav,/Users/davidmillard/Downloads/eval/freevc/target/6829-68769-0038_to_7176-92135-0016_target.flac,True,0.3438698053359985,3.1191701889038086
950,our_SB_1,6829/68769/6829-68769-0040.flac,4970/29095/4970-29095-0000.flac,6829-68769-0040,4970-29095-0000,/Users/davidmillard/Downloads/eval/our_SB_1/6829-68769-0040__to__4970-29095-0000.wav,/Users/davidmillard/Downloads/eval/freevc/target/6829-68769-0040_to_4970-29095-0000_target.flac,True,0.3996098637580871,3.243046998977661
951,our_SB_1,6829/68769/6829-68769-0042.flac,1188/133604/1188-133604-0020.flac,6829-68769-0042,1188-133604-0020,/Users/davidmillard/Downloads/eval/our_SB_1/6829-68769-0042__to__1188-133604-0020.wav,/Users/davidmillard/Downloads/eval/freevc/target/6829-68769-0042_to_1188-133604-0020_target.flac,True,0.3634018003940582,3.0421013832092285
952,our_SB_1,6829/68769/6829-68769-0044.flac,1188/133604/1188-133604-0017.flac,6829-68769-0044,1188-133604-0017,/Users/davidmillard/Downloads/eval/our_SB_1/6829-68769-0044__to__1188-133604-0017.wav,/Users/davidmillard/Downloads/eval/freevc/target/6829-68769-0044_to_1188-133604-0017_target.flac,True,0.3014301359653473,3.3405585289001465
953,our_SB_1,6829/68769/6829-68769-0046.flac,8224/274384/8224-274384-0004.flac,6829-68769-0046,8224-274384-0004,/Users/davidmillard/Downloads/eval/our_SB_1/6829-68769-0046__to__8224-274384-0004.wav,/Users/davidmillard/Downloads/eval/freevc/target/6829-68769-0046_to_8224-274384-0004_target.flac,True,0.2304298281669616,2.923574686050415
954,our_SB_1,6829/68769/6829-68769-0048.flac,237/126133/237-126133-0012.flac,6829-68769-0048,237-126133-0012,/Users/davidmillard/Downloads/eval/our_SB_1/6829-68769-0048__to__237-126133-0012.wav,/Users/davidmillard/Downloads/eval/freevc/target/6829-68769-0048_to_237-126133-0012_target.flac,True,0.3828789591789245,2.9978628158569336
955,our_SB_1,6829/68769/6829-68769-0050.flac,3575/170457/3575-170457-0017.flac,6829-68769-0050,3575-170457-0017,/Users/davidmillard/Downloads/eval/our_SB_1/6829-68769-0050__to__3575-170457-0017.wav,/Users/davidmillard/Downloads/eval/freevc/target/6829-68769-0050_to_3575-170457-0017_target.flac,True,0.2806425094604492,3.382429838180542
956,our_SB_1,6829/68769/6829-68769-0052.flac,3570/5695/3570-5695-0013.flac,6829-68769-0052,3570-5695-0013,/Users/davidmillard/Downloads/eval/our_SB_1/6829-68769-0052__to__3570-5695-0013.wav,/Users/davidmillard/Downloads/eval/freevc/target/6829-68769-0052_to_3570-5695-0013_target.flac,True,0.1895208060741424,3.1731228828430176
957,our_SB_1,6829/68771/6829-68771-0000.flac,260/123286/260-123286-0022.flac,6829-68771-0000,260-123286-0022,/Users/davidmillard/Downloads/eval/our_SB_1/6829-68771-0000__to__260-123286-0022.wav,/Users/davidmillard/Downloads/eval/freevc/target/6829-68771-0000_to_260-123286-0022_target.flac,True,0.434846967458725,2.8531103134155273
958,our_SB_1,6829/68771/6829-68771-0002.flac,4970/29095/4970-29095-0027.flac,6829-68771-0002,4970-29095-0027,/Users/davidmillard/Downloads/eval/our_SB_1/6829-68771-0002__to__4970-29095-0027.wav,/Users/davidmillard/Downloads/eval/freevc/target/6829-68771-0002_to_4970-29095-0027_target.flac,True,0.4093745350837707,3.563707113265991
959,our_SB_1,6829/68771/6829-68771-0004.flac,1188/133604/1188-133604-0044.flac,6829-68771-0004,1188-133604-0044,/Users/davidmillard/Downloads/eval/our_SB_1/6829-68771-0004__to__1188-133604-0044.wav,/Users/davidmillard/Downloads/eval/freevc/target/6829-68771-0004_to_1188-133604-0044_target.flac,True,0.4459603130817413,3.097576379776001
960,our_SB_1,6829/68771/6829-68771-0006.flac,8463/294825/8463-294825-0003.flac,6829-68771-0006,8463-294825-0003,/Users/davidmillard/Downloads/eval/our_SB_1/6829-68771-0006__to__8463-294825-0003.wav,/Users/davidmillard/Downloads/eval/freevc/target/6829-68771-0006_to_8463-294825-0003_target.flac,True,0.3012494444847107,3.515408992767334
961,our_SB_1,6829/68771/6829-68771-0008.flac,7176/92135/7176-92135-0041.flac,6829-68771-0008,7176-92135-0041,/Users/davidmillard/Downloads/eval/our_SB_1/6829-68771-0008__to__7176-92135-0041.wav,/Users/davidmillard/Downloads/eval/freevc/target/6829-68771-0008_to_7176-92135-0041_target.flac,True,0.4889912605285644,2.667611598968506
962,our_SB_1,6829/68771/6829-68771-0010.flac,7176/88083/7176-88083-0004.flac,6829-68771-0010,7176-88083-0004,/Users/davidmillard/Downloads/eval/our_SB_1/6829-68771-0010__to__7176-88083-0004.wav,/Users/davidmillard/Downloads/eval/freevc/target/6829-68771-0010_to_7176-88083-0004_target.flac,True,0.4685040712356567,3.3796403408050537
963,our_SB_1,6829/68771/6829-68771-0012.flac,3570/5695/3570-5695-0015.flac,6829-68771-0012,3570-5695-0015,/Users/davidmillard/Downloads/eval/our_SB_1/6829-68771-0012__to__3570-5695-0015.wav,/Users/davidmillard/Downloads/eval/freevc/target/6829-68771-0012_to_3570-5695-0015_target.flac,True,0.3353495597839355,3.684645414352417
964,our_SB_1,6829/68771/6829-68771-0014.flac,8224/274384/8224-274384-0012.flac,6829-68771-0014,8224-274384-0012,/Users/davidmillard/Downloads/eval/our_SB_1/6829-68771-0014__to__8224-274384-0012.wav,/Users/davidmillard/Downloads/eval/freevc/target/6829-68771-0014_to_8224-274384-0012_target.flac,True,0.2838884890079498,3.097285509109497
965,our_SB_1,6829/68771/6829-68771-0016.flac,2830/3980/2830-3980-0003.flac,6829-68771-0016,2830-3980-0003,/Users/davidmillard/Downloads/eval/our_SB_1/6829-68771-0016__to__2830-3980-0003.wav,/Users/davidmillard/Downloads/eval/freevc/target/6829-68771-0016_to_2830-3980-0003_target.flac,True,0.2584952712059021,3.058403730392456
966,our_SB_1,6829/68771/6829-68771-0018.flac,260/123288/260-123288-0009.flac,6829-68771-0018,260-123288-0009,/Users/davidmillard/Downloads/eval/our_SB_1/6829-68771-0018__to__260-123288-0009.wav,/Users/davidmillard/Downloads/eval/freevc/target/6829-68771-0018_to_260-123288-0009_target.flac,True,0.3214559853076935,3.204237461090088
967,our_SB_1,6829/68771/6829-68771-0020.flac,2300/131720/2300-131720-0037.flac,6829-68771-0020,2300-131720-0037,/Users/davidmillard/Downloads/eval/our_SB_1/6829-68771-0020__to__2300-131720-0037.wav,/Users/davidmillard/Downloads/eval/freevc/target/6829-68771-0020_to_2300-131720-0037_target.flac,True,0.2879818081855774,3.3304479122161865
968,our_SB_1,6829/68771/6829-68771-0022.flac,8224/274384/8224-274384-0005.flac,6829-68771-0022,8224-274384-0005,/Users/davidmillard/Downloads/eval/our_SB_1/6829-68771-0022__to__8224-274384-0005.wav,/Users/davidmillard/Downloads/eval/freevc/target/6829-68771-0022_to_8224-274384-0005_target.flac,True,0.4054966270923614,3.137213706970215
969,our_SB_1,6829/68771/6829-68771-0024.flac,5683/32865/5683-32865-0012.flac,6829-68771-0024,5683-32865-0012,/Users/davidmillard/Downloads/eval/our_SB_1/6829-68771-0024__to__5683-32865-0012.wav,/Users/davidmillard/Downloads/eval/freevc/target/6829-68771-0024_to_5683-32865-0012_target.flac,True,0.2883491814136505,3.281890869140625
970,our_SB_1,6829/68771/6829-68771-0026.flac,4970/29093/4970-29093-0008.flac,6829-68771-0026,4970-29093-0008,/Users/davidmillard/Downloads/eval/our_SB_1/6829-68771-0026__to__4970-29093-0008.wav,/Users/davidmillard/Downloads/eval/freevc/target/6829-68771-0026_to_4970-29093-0008_target.flac,True,0.2900524735450744,3.0636534690856934
971,our_SB_1,6829/68771/6829-68771-0028.flac,7176/92135/7176-92135-0012.flac,6829-68771-0028,7176-92135-0012,/Users/davidmillard/Downloads/eval/our_SB_1/6829-68771-0028__to__7176-92135-0012.wav,/Users/davidmillard/Downloads/eval/freevc/target/6829-68771-0028_to_7176-92135-0012_target.flac,True,0.4943449199199676,3.021569013595581
972,our_SB_1,6829/68771/6829-68771-0030.flac,5105/28240/5105-28240-0003.flac,6829-68771-0030,5105-28240-0003,/Users/davidmillard/Downloads/eval/our_SB_1/6829-68771-0030__to__5105-28240-0003.wav,/Users/davidmillard/Downloads/eval/freevc/target/6829-68771-0030_to_5105-28240-0003_target.flac,True,0.387294590473175,3.1669487953186035
973,our_SB_1,6829/68771/6829-68771-0032.flac,260/123288/260-123288-0016.flac,6829-68771-0032,260-123288-0016,/Users/davidmillard/Downloads/eval/our_SB_1/6829-68771-0032__to__260-123288-0016.wav,/Users/davidmillard/Downloads/eval/freevc/target/6829-68771-0032_to_260-123288-0016_target.flac,True,0.4122986793518066,3.032471179962158
974,our_SB_1,6829/68771/6829-68771-0034.flac,4446/2271/4446-2271-0016.flac,6829-68771-0034,4446-2271-0016,/Users/davidmillard/Downloads/eval/our_SB_1/6829-68771-0034__to__4446-2271-0016.wav,/Users/davidmillard/Downloads/eval/freevc/target/6829-68771-0034_to_4446-2271-0016_target.flac,True,0.3918448686599731,3.727039337158203
975,our_SB_1,6829/68771/6829-68771-0036.flac,8463/294828/8463-294828-0015.flac,6829-68771-0036,8463-294828-0015,/Users/davidmillard/Downloads/eval/our_SB_1/6829-68771-0036__to__8463-294828-0015.wav,/Users/davidmillard/Downloads/eval/freevc/target/6829-68771-0036_to_8463-294828-0015_target.flac,True,0.228333368897438,3.5823776721954346
976,our_SB_1,6930/75918/6930-75918-0001.flac,260/123440/260-123440-0016.flac,6930-75918-0001,260-123440-0016,/Users/davidmillard/Downloads/eval/our_SB_1/6930-75918-0001__to__260-123440-0016.wav,/Users/davidmillard/Downloads/eval/freevc/target/6930-75918-0001_to_260-123440-0016_target.flac,True,0.4290948212146759,3.1896047592163086
977,our_SB_1,6930/75918/6930-75918-0003.flac,3570/5696/3570-5696-0001.flac,6930-75918-0003,3570-5696-0001,/Users/davidmillard/Downloads/eval/our_SB_1/6930-75918-0003__to__3570-5696-0001.wav,/Users/davidmillard/Downloads/eval/freevc/target/6930-75918-0003_to_3570-5696-0001_target.flac,True,0.269280731678009,3.201301097869873
978,our_SB_1,6930/75918/6930-75918-0005.flac,7176/88083/7176-88083-0018.flac,6930-75918-0005,7176-88083-0018,/Users/davidmillard/Downloads/eval/our_SB_1/6930-75918-0005__to__7176-88083-0018.wav,/Users/davidmillard/Downloads/eval/freevc/target/6930-75918-0005_to_7176-88083-0018_target.flac,True,0.2969568967819214,2.614474058151245
979,our_SB_1,6930/75918/6930-75918-0007.flac,1284/1180/1284-1180-0015.flac,6930-75918-0007,1284-1180-0015,/Users/davidmillard/Downloads/eval/our_SB_1/6930-75918-0007__to__1284-1180-0015.wav,/Users/davidmillard/Downloads/eval/freevc/target/6930-75918-0007_to_1284-1180-0015_target.flac,True,0.2523193061351776,2.945141553878784
980,our_SB_1,6930/75918/6930-75918-0009.flac,237/134500/237-134500-0036.flac,6930-75918-0009,237-134500-0036,/Users/davidmillard/Downloads/eval/our_SB_1/6930-75918-0009__to__237-134500-0036.wav,/Users/davidmillard/Downloads/eval/freevc/target/6930-75918-0009_to_237-134500-0036_target.flac,True,0.2603467106819153,2.990302085876465
981,our_SB_1,6930/75918/6930-75918-0011.flac,4992/41797/4992-41797-0007.flac,6930-75918-0011,4992-41797-0007,/Users/davidmillard/Downloads/eval/our_SB_1/6930-75918-0011__to__4992-41797-0007.wav,/Users/davidmillard/Downloads/eval/freevc/target/6930-75918-0011_to_4992-41797-0007_target.flac,True,0.3505566716194153,3.2379510402679443
982,our_SB_1,6930/75918/6930-75918-0013.flac,2961/960/2961-960-0015.flac,6930-75918-0013,2961-960-0015,/Users/davidmillard/Downloads/eval/our_SB_1/6930-75918-0013__to__2961-960-0015.wav,/Users/davidmillard/Downloads/eval/freevc/target/6930-75918-0013_to_2961-960-0015_target.flac,True,0.1630610823631286,3.3008744716644287
983,our_SB_1,6930/75918/6930-75918-0015.flac,3729/6852/3729-6852-0006.flac,6930-75918-0015,3729-6852-0006,/Users/davidmillard/Downloads/eval/our_SB_1/6930-75918-0015__to__3729-6852-0006.wav,/Users/davidmillard/Downloads/eval/freevc/target/6930-75918-0015_to_3729-6852-0006_target.flac,True,0.441865861415863,2.867978572845459
984,our_SB_1,6930/75918/6930-75918-0017.flac,5639/40744/5639-40744-0028.flac,6930-75918-0017,5639-40744-0028,/Users/davidmillard/Downloads/eval/our_SB_1/6930-75918-0017__to__5639-40744-0028.wav,/Users/davidmillard/Downloads/eval/freevc/target/6930-75918-0017_to_5639-40744-0028_target.flac,True,0.1250102818012237,3.209320545196533
985,our_SB_1,6930/75918/6930-75918-0019.flac,61/70970/61-70970-0000.flac,6930-75918-0019,61-70970-0000,/Users/davidmillard/Downloads/eval/our_SB_1/6930-75918-0019__to__61-70970-0000.wav,/Users/davidmillard/Downloads/eval/freevc/target/6930-75918-0019_to_61-70970-0000_target.flac,True,0.1812533736228943,2.605698347091675
986,our_SB_1,6930/76324/6930-76324-0000.flac,8230/279154/8230-279154-0024.flac,6930-76324-0000,8230-279154-0024,/Users/davidmillard/Downloads/eval/our_SB_1/6930-76324-0000__to__8230-279154-0024.wav,/Users/davidmillard/Downloads/eval/freevc/target/6930-76324-0000_to_8230-279154-0024_target.flac,True,0.3245843946933746,2.5825068950653076
987,our_SB_1,6930/76324/6930-76324-0002.flac,8463/294825/8463-294825-0013.flac,6930-76324-0002,8463-294825-0013,/Users/davidmillard/Downloads/eval/our_SB_1/6930-76324-0002__to__8463-294825-0013.wav,/Users/davidmillard/Downloads/eval/freevc/target/6930-76324-0002_to_8463-294825-0013_target.flac,True,0.275636225938797,3.515308141708374
988,our_SB_1,6930/76324/6930-76324-0004.flac,1284/1181/1284-1181-0018.flac,6930-76324-0004,1284-1181-0018,/Users/davidmillard/Downloads/eval/our_SB_1/6930-76324-0004__to__1284-1181-0018.wav,/Users/davidmillard/Downloads/eval/freevc/target/6930-76324-0004_to_1284-1181-0018_target.flac,True,0.4384944438934326,2.51157546043396
989,our_SB_1,6930/76324/6930-76324-0006.flac,1188/133604/1188-133604-0020.flac,6930-76324-0006,1188-133604-0020,/Users/davidmillard/Downloads/eval/our_SB_1/6930-76324-0006__to__1188-133604-0020.wav,/Users/davidmillard/Downloads/eval/freevc/target/6930-76324-0006_to_1188-133604-0020_target.flac,True,0.2856967151165008,2.686934471130371
990,our_SB_1,6930/76324/6930-76324-0008.flac,1284/1180/1284-1180-0021.flac,6930-76324-0008,1284-1180-0021,/Users/davidmillard/Downloads/eval/our_SB_1/6930-76324-0008__to__1284-1180-0021.wav,/Users/davidmillard/Downloads/eval/freevc/target/6930-76324-0008_to_1284-1180-0021_target.flac,True,0.4245016872882843,3.135953664779663
991,our_SB_1,6930/76324/6930-76324-0010.flac,237/126133/237-126133-0009.flac,6930-76324-0010,237-126133-0009,/Users/davidmillard/Downloads/eval/our_SB_1/6930-76324-0010__to__237-126133-0009.wav,/Users/davidmillard/Downloads/eval/freevc/target/6930-76324-0010_to_237-126133-0009_target.flac,True,0.1668493449687957,3.0908055305480957
992,our_SB_1,6930/76324/6930-76324-0012.flac,4992/41797/4992-41797-0017.flac,6930-76324-0012,4992-41797-0017,/Users/davidmillard/Downloads/eval/our_SB_1/6930-76324-0012__to__4992-41797-0017.wav,/Users/davidmillard/Downloads/eval/freevc/target/6930-76324-0012_to_4992-41797-0017_target.flac,True,0.4141287505626678,3.098475456237793
993,our_SB_1,6930/76324/6930-76324-0014.flac,672/122797/672-122797-0021.flac,6930-76324-0014,672-122797-0021,/Users/davidmillard/Downloads/eval/our_SB_1/6930-76324-0014__to__672-122797-0021.wav,/Users/davidmillard/Downloads/eval/freevc/target/6930-76324-0014_to_672-122797-0021_target.flac,True,0.3892750740051269,2.9293274879455566
994,our_SB_1,6930/76324/6930-76324-0016.flac,672/122797/672-122797-0020.flac,6930-76324-0016,672-122797-0020,/Users/davidmillard/Downloads/eval/our_SB_1/6930-76324-0016__to__672-122797-0020.wav,/Users/davidmillard/Downloads/eval/freevc/target/6930-76324-0016_to_672-122797-0020_target.flac,True,0.2849085628986358,2.73323392868042
995,our_SB_1,6930/76324/6930-76324-0018.flac,4992/23283/4992-23283-0013.flac,6930-76324-0018,4992-23283-0013,/Users/davidmillard/Downloads/eval/our_SB_1/6930-76324-0018__to__4992-23283-0013.wav,/Users/davidmillard/Downloads/eval/freevc/target/6930-76324-0018_to_4992-23283-0013_target.flac,True,0.1893722414970398,2.8222827911376953
996,our_SB_1,6930/76324/6930-76324-0020.flac,8455/210777/8455-210777-0069.flac,6930-76324-0020,8455-210777-0069,/Users/davidmillard/Downloads/eval/our_SB_1/6930-76324-0020__to__8455-210777-0069.wav,/Users/davidmillard/Downloads/eval/freevc/target/6930-76324-0020_to_8455-210777-0069_target.flac,True,0.4265889525413513,2.7381653785705566
997,our_SB_1,6930/76324/6930-76324-0022.flac,4446/2273/4446-2273-0013.flac,6930-76324-0022,4446-2273-0013,/Users/davidmillard/Downloads/eval/our_SB_1/6930-76324-0022__to__4446-2273-0013.wav,/Users/davidmillard/Downloads/eval/freevc/target/6930-76324-0022_to_4446-2273-0013_target.flac,True,0.1747183799743652,2.8694710731506348
998,our_SB_1,6930/76324/6930-76324-0024.flac,1221/135767/1221-135767-0009.flac,6930-76324-0024,1221-135767-0009,/Users/davidmillard/Downloads/eval/our_SB_1/6930-76324-0024__to__1221-135767-0009.wav,/Users/davidmillard/Downloads/eval/freevc/target/6930-76324-0024_to_1221-135767-0009_target.flac,True,0.3901583552360534,2.6089134216308594
999,our_SB_1,6930/76324/6930-76324-0026.flac,7176/88083/7176-88083-0019.flac,6930-76324-0026,7176-88083-0019,/Users/davidmillard/Downloads/eval/our_SB_1/6930-76324-0026__to__7176-88083-0019.wav,/Users/davidmillard/Downloads/eval/freevc/target/6930-76324-0026_to_7176-88083-0019_target.flac,True,0.1999930143356323,3.035848617553711
1000,our_SB_1,6930/76324/6930-76324-0028.flac,1089/134691/1089-134691-0016.flac,6930-76324-0028,1089-134691-0016,/Users/davidmillard/Downloads/eval/our_SB_1/6930-76324-0028__to__1089-134691-0016.wav,/Users/davidmillard/Downloads/eval/freevc/target/6930-76324-0028_to_1089-134691-0016_target.flac,True,0.4216592609882355,2.578322410583496
1001,our_SB_1,6930/81414/6930-81414-0001.flac,908/157963/908-157963-0030.flac,6930-81414-0001,908-157963-0030,/Users/davidmillard/Downloads/eval/our_SB_1/6930-81414-0001__to__908-157963-0030.wav,/Users/davidmillard/Downloads/eval/freevc/target/6930-81414-0001_to_908-157963-0030_target.flac,True,0.3479077816009521,2.6672956943511963
1002,our_SB_1,6930/81414/6930-81414-0003.flac,1188/133604/1188-133604-0013.flac,6930-81414-0003,1188-133604-0013,/Users/davidmillard/Downloads/eval/our_SB_1/6930-81414-0003__to__1188-133604-0013.wav,/Users/davidmillard/Downloads/eval/freevc/target/6930-81414-0003_to_1188-133604-0013_target.flac,True,0.1032620891928672,3.1528220176696777
1003,our_SB_1,6930/81414/6930-81414-0005.flac,4446/2271/4446-2271-0010.flac,6930-81414-0005,4446-2271-0010,/Users/davidmillard/Downloads/eval/our_SB_1/6930-81414-0005__to__4446-2271-0010.wav,/Users/davidmillard/Downloads/eval/freevc/target/6930-81414-0005_to_4446-2271-0010_target.flac,True,0.0123902149498462,2.792306900024414
1004,our_SB_1,6930/81414/6930-81414-0007.flac,4507/16021/4507-16021-0050.flac,6930-81414-0007,4507-16021-0050,/Users/davidmillard/Downloads/eval/our_SB_1/6930-81414-0007__to__4507-16021-0050.wav,/Users/davidmillard/Downloads/eval/freevc/target/6930-81414-0007_to_4507-16021-0050_target.flac,True,0.3381310105323791,3.31427264213562
1005,our_SB_1,6930/81414/6930-81414-0009.flac,7176/92135/7176-92135-0005.flac,6930-81414-0009,7176-92135-0005,/Users/davidmillard/Downloads/eval/our_SB_1/6930-81414-0009__to__7176-92135-0005.wav,/Users/davidmillard/Downloads/eval/freevc/target/6930-81414-0009_to_7176-92135-0005_target.flac,True,0.4210081100463867,3.46097993850708
1006,our_SB_1,6930/81414/6930-81414-0011.flac,8230/279154/8230-279154-0024.flac,6930-81414-0011,8230-279154-0024,/Users/davidmillard/Downloads/eval/our_SB_1/6930-81414-0011__to__8230-279154-0024.wav,/Users/davidmillard/Downloads/eval/freevc/target/6930-81414-0011_to_8230-279154-0024_target.flac,True,0.3356664776802063,3.4850893020629883
1007,our_SB_1,6930/81414/6930-81414-0013.flac,5639/40744/5639-40744-0023.flac,6930-81414-0013,5639-40744-0023,/Users/davidmillard/Downloads/eval/our_SB_1/6930-81414-0013__to__5639-40744-0023.wav,/Users/davidmillard/Downloads/eval/freevc/target/6930-81414-0013_to_5639-40744-0023_target.flac,True,0.2433483302593231,3.36016845703125
1008,our_SB_1,6930/81414/6930-81414-0015.flac,121/123852/121-123852-0001.flac,6930-81414-0015,121-123852-0001,/Users/davidmillard/Downloads/eval/our_SB_1/6930-81414-0015__to__121-123852-0001.wav,/Users/davidmillard/Downloads/eval/freevc/target/6930-81414-0015_to_121-123852-0001_target.flac,True,0.0119373574852943,2.2375917434692383
1009,our_SB_1,6930/81414/6930-81414-0017.flac,3729/6852/3729-6852-0014.flac,6930-81414-0017,3729-6852-0014,/Users/davidmillard/Downloads/eval/our_SB_1/6930-81414-0017__to__3729-6852-0014.wav,/Users/davidmillard/Downloads/eval/freevc/target/6930-81414-0017_to_3729-6852-0014_target.flac,True,0.2253092378377914,3.0947914123535156
1010,our_SB_1,6930/81414/6930-81414-0019.flac,1221/135766/1221-135766-0009.flac,6930-81414-0019,1221-135766-0009,/Users/davidmillard/Downloads/eval/our_SB_1/6930-81414-0019__to__1221-135766-0009.wav,/Users/davidmillard/Downloads/eval/freevc/target/6930-81414-0019_to_1221-135766-0009_target.flac,True,0.4611572325229645,3.389662981033325
1011,our_SB_1,6930/81414/6930-81414-0021.flac,5105/28241/5105-28241-0015.flac,6930-81414-0021,5105-28241-0015,/Users/davidmillard/Downloads/eval/our_SB_1/6930-81414-0021__to__5105-28241-0015.wav,/Users/davidmillard/Downloads/eval/freevc/target/6930-81414-0021_to_5105-28241-0015_target.flac,True,0.4138724505901336,3.71247935295105
1012,our_SB_1,6930/81414/6930-81414-0023.flac,8555/284447/8555-284447-0014.flac,6930-81414-0023,8555-284447-0014,/Users/davidmillard/Downloads/eval/our_SB_1/6930-81414-0023__to__8555-284447-0014.wav,/Users/davidmillard/Downloads/eval/freevc/target/6930-81414-0023_to_8555-284447-0014_target.flac,True,0.2365949153900146,2.6761233806610107
1013,our_SB_1,6930/81414/6930-81414-0025.flac,5639/40744/5639-40744-0033.flac,6930-81414-0025,5639-40744-0033,/Users/davidmillard/Downloads/eval/our_SB_1/6930-81414-0025__to__5639-40744-0033.wav,/Users/davidmillard/Downloads/eval/freevc/target/6930-81414-0025_to_5639-40744-0033_target.flac,True,0.1759059280157089,3.584645986557007
1014,our_SB_1,6930/81414/6930-81414-0027.flac,7127/75947/7127-75947-0000.flac,6930-81414-0027,7127-75947-0000,/Users/davidmillard/Downloads/eval/our_SB_1/6930-81414-0027__to__7127-75947-0000.wav,/Users/davidmillard/Downloads/eval/freevc/target/6930-81414-0027_to_7127-75947-0000_target.flac,True,0.2561079859733581,3.1048784255981445
1015,our_SB_1,7021/79730/7021-79730-0001.flac,1320/122617/1320-122617-0008.flac,7021-79730-0001,1320-122617-0008,/Users/davidmillard/Downloads/eval/our_SB_1/7021-79730-0001__to__1320-122617-0008.wav,/Users/davidmillard/Downloads/eval/freevc/target/7021-79730-0001_to_1320-122617-0008_target.flac,True,0.4527502357959747,2.958284854888916
1016,our_SB_1,7021/79730/7021-79730-0003.flac,8463/294828/8463-294828-0031.flac,7021-79730-0003,8463-294828-0031,/Users/davidmillard/Downloads/eval/our_SB_1/7021-79730-0003__to__8463-294828-0031.wav,/Users/davidmillard/Downloads/eval/freevc/target/7021-79730-0003_to_8463-294828-0031_target.flac,True,0.3940199911594391,3.625600814819336
1017,our_SB_1,7021/79730/7021-79730-0005.flac,1995/1837/1995-1837-0015.flac,7021-79730-0005,1995-1837-0015,/Users/davidmillard/Downloads/eval/our_SB_1/7021-79730-0005__to__1995-1837-0015.wav,/Users/davidmillard/Downloads/eval/freevc/target/7021-79730-0005_to_1995-1837-0015_target.flac,True,0.2214464992284774,3.4319686889648438
1018,our_SB_1,7021/79730/7021-79730-0007.flac,2961/960/2961-960-0012.flac,7021-79730-0007,2961-960-0012,/Users/davidmillard/Downloads/eval/our_SB_1/7021-79730-0007__to__2961-960-0012.wav,/Users/davidmillard/Downloads/eval/freevc/target/7021-79730-0007_to_2961-960-0012_target.flac,True,0.2221228182315826,3.6656405925750732
1019,our_SB_1,7021/79730/7021-79730-0009.flac,672/122797/672-122797-0010.flac,7021-79730-0009,672-122797-0010,/Users/davidmillard/Downloads/eval/our_SB_1/7021-79730-0009__to__672-122797-0010.wav,/Users/davidmillard/Downloads/eval/freevc/target/7021-79730-0009_to_672-122797-0010_target.flac,True,0.1109899580478668,3.081055164337158
1020,our_SB_1,7021/79740/7021-79740-0001.flac,2300/131720/2300-131720-0038.flac,7021-79740-0001,2300-131720-0038,/Users/davidmillard/Downloads/eval/our_SB_1/7021-79740-0001__to__2300-131720-0038.wav,/Users/davidmillard/Downloads/eval/freevc/target/7021-79740-0001_to_2300-131720-0038_target.flac,True,0.4601263999938965,3.2542970180511475
1021,our_SB_1,7021/79740/7021-79740-0003.flac,1284/1180/1284-1180-0005.flac,7021-79740-0003,1284-1180-0005,/Users/davidmillard/Downloads/eval/our_SB_1/7021-79740-0003__to__1284-1180-0005.wav,/Users/davidmillard/Downloads/eval/freevc/target/7021-79740-0003_to_1284-1180-0005_target.flac,True,0.2223603725433349,2.9579193592071533
1022,our_SB_1,7021/79740/7021-79740-0005.flac,5683/32879/5683-32879-0021.flac,7021-79740-0005,5683-32879-0021,/Users/davidmillard/Downloads/eval/our_SB_1/7021-79740-0005__to__5683-32879-0021.wav,/Users/davidmillard/Downloads/eval/freevc/target/7021-79740-0005_to_5683-32879-0021_target.flac,True,0.2935298681259155,2.495450258255005
1023,our_SB_1,7021/79740/7021-79740-0007.flac,4077/13754/4077-13754-0011.flac,7021-79740-0007,4077-13754-0011,/Users/davidmillard/Downloads/eval/our_SB_1/7021-79740-0007__to__4077-13754-0011.wav,/Users/davidmillard/Downloads/eval/freevc/target/7021-79740-0007_to_4077-13754-0011_target.flac,True,0.5180327892303467,2.829943895339966
1024,our_SB_1,7021/79740/7021-79740-0009.flac,8555/284449/8555-284449-0008.flac,7021-79740-0009,8555-284449-0008,/Users/davidmillard/Downloads/eval/our_SB_1/7021-79740-0009__to__8555-284449-0008.wav,/Users/davidmillard/Downloads/eval/freevc/target/7021-79740-0009_to_8555-284449-0008_target.flac,True,0.3050425052642822,2.6689553260803223
1025,our_SB_1,7021/79740/7021-79740-0011.flac,61/70968/61-70968-0019.flac,7021-79740-0011,61-70968-0019,/Users/davidmillard/Downloads/eval/our_SB_1/7021-79740-0011__to__61-70968-0019.wav,/Users/davidmillard/Downloads/eval/freevc/target/7021-79740-0011_to_61-70968-0019_target.flac,True,0.2604735195636749,3.341163158416748
1026,our_SB_1,7021/79740/7021-79740-0013.flac,8555/284449/8555-284449-0012.flac,7021-79740-0013,8555-284449-0012,/Users/davidmillard/Downloads/eval/our_SB_1/7021-79740-0013__to__8555-284449-0012.wav,/Users/davidmillard/Downloads/eval/freevc/target/7021-79740-0013_to_8555-284449-0012_target.flac,True,0.2679380178451538,2.9036331176757812
1027,our_SB_1,7021/79759/7021-79759-0000.flac,8463/287645/8463-287645-0012.flac,7021-79759-0000,8463-287645-0012,/Users/davidmillard/Downloads/eval/our_SB_1/7021-79759-0000__to__8463-287645-0012.wav,/Users/davidmillard/Downloads/eval/freevc/target/7021-79759-0000_to_8463-287645-0012_target.flac,True,0.3332677185535431,3.3310086727142334
1028,our_SB_1,7021/79759/7021-79759-0002.flac,5105/28240/5105-28240-0015.flac,7021-79759-0002,5105-28240-0015,/Users/davidmillard/Downloads/eval/our_SB_1/7021-79759-0002__to__5105-28240-0015.wav,/Users/davidmillard/Downloads/eval/freevc/target/7021-79759-0002_to_5105-28240-0015_target.flac,True,0.3948306143283844,3.559396505355835
1029,our_SB_1,7021/79759/7021-79759-0004.flac,7176/92135/7176-92135-0045.flac,7021-79759-0004,7176-92135-0045,/Users/davidmillard/Downloads/eval/our_SB_1/7021-79759-0004__to__7176-92135-0045.wav,/Users/davidmillard/Downloads/eval/freevc/target/7021-79759-0004_to_7176-92135-0045_target.flac,True,0.5129594802856445,2.8880250453948975
1030,our_SB_1,7021/85628/7021-85628-0000.flac,121/121726/121-121726-0011.flac,7021-85628-0000,121-121726-0011,/Users/davidmillard/Downloads/eval/our_SB_1/7021-85628-0000__to__121-121726-0011.wav,/Users/davidmillard/Downloads/eval/freevc/target/7021-85628-0000_to_121-121726-0011_target.flac,True,0.1924202591180801,3.0941519737243652
1031,our_SB_1,7021/85628/7021-85628-0002.flac,2300/131720/2300-131720-0039.flac,7021-85628-0002,2300-131720-0039,/Users/davidmillard/Downloads/eval/our_SB_1/7021-85628-0002__to__2300-131720-0039.wav,/Users/davidmillard/Downloads/eval/freevc/target/7021-85628-0002_to_2300-131720-0039_target.flac,True,0.3341876268386841,2.5925114154815674
1032,our_SB_1,7021/85628/7021-85628-0004.flac,5683/32865/5683-32865-0004.flac,7021-85628-0004,5683-32865-0004,/Users/davidmillard/Downloads/eval/our_SB_1/7021-85628-0004__to__5683-32865-0004.wav,/Users/davidmillard/Downloads/eval/freevc/target/7021-85628-0004_to_5683-32865-0004_target.flac,True,0.2529889941215515,3.0576770305633545
1033,our_SB_1,7021/85628/7021-85628-0006.flac,3575/170457/3575-170457-0003.flac,7021-85628-0006,3575-170457-0003,/Users/davidmillard/Downloads/eval/our_SB_1/7021-85628-0006__to__3575-170457-0003.wav,/Users/davidmillard/Downloads/eval/freevc/target/7021-85628-0006_to_3575-170457-0003_target.flac,True,0.3631706237792969,3.3297030925750732
1034,our_SB_1,7021/85628/7021-85628-0008.flac,5142/33396/5142-33396-0002.flac,7021-85628-0008,5142-33396-0002,/Users/davidmillard/Downloads/eval/our_SB_1/7021-85628-0008__to__5142-33396-0002.wav,/Users/davidmillard/Downloads/eval/freevc/target/7021-85628-0008_to_5142-33396-0002_target.flac,True,0.3423439860343933,3.405379056930542
1035,our_SB_1,7021/85628/7021-85628-0010.flac,4507/16021/4507-16021-0019.flac,7021-85628-0010,4507-16021-0019,/Users/davidmillard/Downloads/eval/our_SB_1/7021-85628-0010__to__4507-16021-0019.wav,/Users/davidmillard/Downloads/eval/freevc/target/7021-85628-0010_to_4507-16021-0019_target.flac,True,0.3137136101722717,3.1014139652252197
1036,our_SB_1,7021/85628/7021-85628-0012.flac,1580/141083/1580-141083-0029.flac,7021-85628-0012,1580-141083-0029,/Users/davidmillard/Downloads/eval/our_SB_1/7021-85628-0012__to__1580-141083-0029.wav,/Users/davidmillard/Downloads/eval/freevc/target/7021-85628-0012_to_1580-141083-0029_target.flac,True,0.4467535614967346,2.885828733444214
1037,our_SB_1,7021/85628/7021-85628-0014.flac,6829/68769/6829-68769-0041.flac,7021-85628-0014,6829-68769-0041,/Users/davidmillard/Downloads/eval/our_SB_1/7021-85628-0014__to__6829-68769-0041.wav,/Users/davidmillard/Downloads/eval/freevc/target/7021-85628-0014_to_6829-68769-0041_target.flac,True,0.4404078722000122,3.6631970405578613
1038,our_SB_1,7021/85628/7021-85628-0016.flac,908/31957/908-31957-0010.flac,7021-85628-0016,908-31957-0010,/Users/davidmillard/Downloads/eval/our_SB_1/7021-85628-0016__to__908-31957-0010.wav,/Users/davidmillard/Downloads/eval/freevc/target/7021-85628-0016_to_908-31957-0010_target.flac,True,0.2169540673494339,2.548643112182617
1039,our_SB_1,7021/85628/7021-85628-0018.flac,6829/68769/6829-68769-0027.flac,7021-85628-0018,6829-68769-0027,/Users/davidmillard/Downloads/eval/our_SB_1/7021-85628-0018__to__6829-68769-0027.wav,/Users/davidmillard/Downloads/eval/freevc/target/7021-85628-0018_to_6829-68769-0027_target.flac,True,0.2210654020309448,3.280834674835205
1040,our_SB_1,7021/85628/7021-85628-0020.flac,7176/92135/7176-92135-0038.flac,7021-85628-0020,7176-92135-0038,/Users/davidmillard/Downloads/eval/our_SB_1/7021-85628-0020__to__7176-92135-0038.wav,/Users/davidmillard/Downloads/eval/freevc/target/7021-85628-0020_to_7176-92135-0038_target.flac,True,0.4211205840110779,3.1263234615325928
1041,our_SB_1,7021/85628/7021-85628-0022.flac,7729/102255/7729-102255-0010.flac,7021-85628-0022,7729-102255-0010,/Users/davidmillard/Downloads/eval/our_SB_1/7021-85628-0022__to__7729-102255-0010.wav,/Users/davidmillard/Downloads/eval/freevc/target/7021-85628-0022_to_7729-102255-0010_target.flac,True,0.3002326190471649,2.606100082397461
1042,our_SB_1,7021/85628/7021-85628-0024.flac,7729/102255/7729-102255-0025.flac,7021-85628-0024,7729-102255-0025,/Users/davidmillard/Downloads/eval/our_SB_1/7021-85628-0024__to__7729-102255-0025.wav,/Users/davidmillard/Downloads/eval/freevc/target/7021-85628-0024_to_7729-102255-0025_target.flac,True,0.3822622895240783,2.8951902389526367
1043,our_SB_1,7021/85628/7021-85628-0026.flac,8224/274381/8224-274381-0001.flac,7021-85628-0026,8224-274381-0001,/Users/davidmillard/Downloads/eval/our_SB_1/7021-85628-0026__to__8224-274381-0001.wav,/Users/davidmillard/Downloads/eval/freevc/target/7021-85628-0026_to_8224-274381-0001_target.flac,True,0.2058952450752258,2.5884692668914795
1044,our_SB_1,7127/75946/7127-75946-0000.flac,2830/3979/2830-3979-0007.flac,7127-75946-0000,2830-3979-0007,/Users/davidmillard/Downloads/eval/our_SB_1/7127-75946-0000__to__2830-3979-0007.wav,/Users/davidmillard/Downloads/eval/freevc/target/7127-75946-0000_to_2830-3979-0007_target.flac,True,0.3912198841571808,2.8659892082214355
1045,our_SB_1,7127/75946/7127-75946-0002.flac,6930/75918/6930-75918-0006.flac,7127-75946-0002,6930-75918-0006,/Users/davidmillard/Downloads/eval/our_SB_1/7127-75946-0002__to__6930-75918-0006.wav,/Users/davidmillard/Downloads/eval/freevc/target/7127-75946-0002_to_6930-75918-0006_target.flac,True,0.2581635117530823,2.9385745525360107
1046,our_SB_1,7127/75946/7127-75946-0004.flac,2830/3980/2830-3980-0022.flac,7127-75946-0004,2830-3980-0022,/Users/davidmillard/Downloads/eval/our_SB_1/7127-75946-0004__to__2830-3980-0022.wav,/Users/davidmillard/Downloads/eval/freevc/target/7127-75946-0004_to_2830-3980-0022_target.flac,True,0.2896424233913421,3.0571868419647217
1047,our_SB_1,7127/75946/7127-75946-0006.flac,7729/102255/7729-102255-0025.flac,7127-75946-0006,7729-102255-0025,/Users/davidmillard/Downloads/eval/our_SB_1/7127-75946-0006__to__7729-102255-0025.wav,/Users/davidmillard/Downloads/eval/freevc/target/7127-75946-0006_to_7729-102255-0025_target.flac,True,0.3062806725502014,3.0037693977355957
1048,our_SB_1,7127/75946/7127-75946-0008.flac,3575/170457/3575-170457-0023.flac,7127-75946-0008,3575-170457-0023,/Users/davidmillard/Downloads/eval/our_SB_1/7127-75946-0008__to__3575-170457-0023.wav,/Users/davidmillard/Downloads/eval/freevc/target/7127-75946-0008_to_3575-170457-0023_target.flac,True,0.3983825445175171,2.870183229446411
1049,our_SB_1,7127/75946/7127-75946-0010.flac,260/123288/260-123288-0028.flac,7127-75946-0010,260-123288-0028,/Users/davidmillard/Downloads/eval/our_SB_1/7127-75946-0010__to__260-123288-0028.wav,/Users/davidmillard/Downloads/eval/freevc/target/7127-75946-0010_to_260-123288-0028_target.flac,True,0.1381763070821762,3.008324146270752
1050,our_SB_1,7127/75946/7127-75946-0012.flac,5105/28240/5105-28240-0011.flac,7127-75946-0012,5105-28240-0011,/Users/davidmillard/Downloads/eval/our_SB_1/7127-75946-0012__to__5105-28240-0011.wav,/Users/davidmillard/Downloads/eval/freevc/target/7127-75946-0012_to_5105-28240-0011_target.flac,True,0.3837118744850158,3.0046491622924805
1051,our_SB_1,7127/75946/7127-75946-0014.flac,1320/122617/1320-122617-0001.flac,7127-75946-0014,1320-122617-0001,/Users/davidmillard/Downloads/eval/our_SB_1/7127-75946-0014__to__1320-122617-0001.wav,/Users/davidmillard/Downloads/eval/freevc/target/7127-75946-0014_to_1320-122617-0001_target.flac,True,0.4790104031562805,3.0651049613952637
1052,our_SB_1,7127/75946/7127-75946-0016.flac,1221/135766/1221-135766-0010.flac,7127-75946-0016,1221-135766-0010,/Users/davidmillard/Downloads/eval/our_SB_1/7127-75946-0016__to__1221-135766-0010.wav,/Users/davidmillard/Downloads/eval/freevc/target/7127-75946-0016_to_1221-135766-0010_target.flac,True,0.4378308355808258,2.7827093601226807
1053,our_SB_1,7127/75946/7127-75946-0018.flac,3570/5696/3570-5696-0002.flac,7127-75946-0018,3570-5696-0002,/Users/davidmillard/Downloads/eval/our_SB_1/7127-75946-0018__to__3570-5696-0002.wav,/Users/davidmillard/Downloads/eval/freevc/target/7127-75946-0018_to_3570-5696-0002_target.flac,True,0.2975205779075622,2.9337098598480225
1054,our_SB_1,7127/75946/7127-75946-0020.flac,2961/960/2961-960-0017.flac,7127-75946-0020,2961-960-0017,/Users/davidmillard/Downloads/eval/our_SB_1/7127-75946-0020__to__2961-960-0017.wav,/Users/davidmillard/Downloads/eval/freevc/target/7127-75946-0020_to_2961-960-0017_target.flac,True,0.0803114101290702,3.1432242393493652
1055,our_SB_1,7127/75946/7127-75946-0022.flac,1188/133604/1188-133604-0043.flac,7127-75946-0022,1188-133604-0043,/Users/davidmillard/Downloads/eval/our_SB_1/7127-75946-0022__to__1188-133604-0043.wav,/Users/davidmillard/Downloads/eval/freevc/target/7127-75946-0022_to_1188-133604-0043_target.flac,True,0.4056893289089203,2.8260250091552734
1056,our_SB_1,7127/75946/7127-75946-0024.flac,2094/142345/2094-142345-0041.flac,7127-75946-0024,2094-142345-0041,/Users/davidmillard/Downloads/eval/our_SB_1/7127-75946-0024__to__2094-142345-0041.wav,/Users/davidmillard/Downloads/eval/freevc/target/7127-75946-0024_to_2094-142345-0041_target.flac,True,0.1066636145114898,3.157026767730713
1057,our_SB_1,7127/75946/7127-75946-0026.flac,1089/134686/1089-134686-0028.flac,7127-75946-0026,1089-134686-0028,/Users/davidmillard/Downloads/eval/our_SB_1/7127-75946-0026__to__1089-134686-0028.wav,/Users/davidmillard/Downloads/eval/freevc/target/7127-75946-0026_to_1089-134686-0028_target.flac,True,0.4333621561527252,3.075718879699707
1058,our_SB_1,7127/75946/7127-75946-0028.flac,4507/16021/4507-16021-0045.flac,7127-75946-0028,4507-16021-0045,/Users/davidmillard/Downloads/eval/our_SB_1/7127-75946-0028__to__4507-16021-0045.wav,/Users/davidmillard/Downloads/eval/freevc/target/7127-75946-0028_to_4507-16021-0045_target.flac,True,0.3801142871379852,3.186389923095703
1059,our_SB_1,7127/75947/7127-75947-0000.flac,5639/40744/5639-40744-0022.flac,7127-75947-0000,5639-40744-0022,/Users/davidmillard/Downloads/eval/our_SB_1/7127-75947-0000__to__5639-40744-0022.wav,/Users/davidmillard/Downloads/eval/freevc/target/7127-75947-0000_to_5639-40744-0022_target.flac,True,0.3536953926086426,3.25838041305542
1060,our_SB_1,7127/75947/7127-75947-0002.flac,2961/961/2961-961-0006.flac,7127-75947-0002,2961-961-0006,/Users/davidmillard/Downloads/eval/our_SB_1/7127-75947-0002__to__2961-961-0006.wav,/Users/davidmillard/Downloads/eval/freevc/target/7127-75947-0002_to_2961-961-0006_target.flac,True,0.0605586767196655,3.6881260871887207
1061,our_SB_1,7127/75947/7127-75947-0004.flac,8224/274384/8224-274384-0007.flac,7127-75947-0004,8224-274384-0007,/Users/davidmillard/Downloads/eval/our_SB_1/7127-75947-0004__to__8224-274384-0007.wav,/Users/davidmillard/Downloads/eval/freevc/target/7127-75947-0004_to_8224-274384-0007_target.flac,True,0.2273286283016204,2.8945698738098145
1062,our_SB_1,7127/75947/7127-75947-0006.flac,1089/134691/1089-134691-0009.flac,7127-75947-0006,1089-134691-0009,/Users/davidmillard/Downloads/eval/our_SB_1/7127-75947-0006__to__1089-134691-0009.wav,/Users/davidmillard/Downloads/eval/freevc/target/7127-75947-0006_to_1089-134691-0009_target.flac,True,0.4000856280326843,3.797764301300049
1063,our_SB_1,7127/75947/7127-75947-0008.flac,4507/16021/4507-16021-0043.flac,7127-75947-0008,4507-16021-0043,/Users/davidmillard/Downloads/eval/our_SB_1/7127-75947-0008__to__4507-16021-0043.wav,/Users/davidmillard/Downloads/eval/freevc/target/7127-75947-0008_to_4507-16021-0043_target.flac,True,0.3315804302692413,3.189824104309082
1064,our_SB_1,7127/75947/7127-75947-0010.flac,1284/1180/1284-1180-0021.flac,7127-75947-0010,1284-1180-0021,/Users/davidmillard/Downloads/eval/our_SB_1/7127-75947-0010__to__1284-1180-0021.wav,/Users/davidmillard/Downloads/eval/freevc/target/7127-75947-0010_to_1284-1180-0021_target.flac,True,0.4312584102153778,3.259753942489624
1065,our_SB_1,7127/75947/7127-75947-0012.flac,4077/13751/4077-13751-0016.flac,7127-75947-0012,4077-13751-0016,/Users/davidmillard/Downloads/eval/our_SB_1/7127-75947-0012__to__4077-13751-0016.wav,/Users/davidmillard/Downloads/eval/freevc/target/7127-75947-0012_to_4077-13751-0016_target.flac,True,0.1719539612531662,2.5282206535339355
1066,our_SB_1,7127/75947/7127-75947-0014.flac,2300/131720/2300-131720-0033.flac,7127-75947-0014,2300-131720-0033,/Users/davidmillard/Downloads/eval/our_SB_1/7127-75947-0014__to__2300-131720-0033.wav,/Users/davidmillard/Downloads/eval/freevc/target/7127-75947-0014_to_2300-131720-0033_target.flac,True,0.4992828965187073,3.8111212253570557
1067,our_SB_1,7127/75947/7127-75947-0016.flac,908/157963/908-157963-0025.flac,7127-75947-0016,908-157963-0025,/Users/davidmillard/Downloads/eval/our_SB_1/7127-75947-0016__to__908-157963-0025.wav,/Users/davidmillard/Downloads/eval/freevc/target/7127-75947-0016_to_908-157963-0025_target.flac,True,0.255365639925003,3.035571336746216
1068,our_SB_1,7127/75947/7127-75947-0018.flac,2094/142345/2094-142345-0046.flac,7127-75947-0018,2094-142345-0046,/Users/davidmillard/Downloads/eval/our_SB_1/7127-75947-0018__to__2094-142345-0046.wav,/Users/davidmillard/Downloads/eval/freevc/target/7127-75947-0018_to_2094-142345-0046_target.flac,True,0.4535300731658935,2.7822632789611816
1069,our_SB_1,7127/75947/7127-75947-0020.flac,7176/92135/7176-92135-0009.flac,7127-75947-0020,7176-92135-0009,/Users/davidmillard/Downloads/eval/our_SB_1/7127-75947-0020__to__7176-92135-0009.wav,/Users/davidmillard/Downloads/eval/freevc/target/7127-75947-0020_to_7176-92135-0009_target.flac,True,0.0628896951675415,3.562225580215454
1070,our_SB_1,7127/75947/7127-75947-0022.flac,5683/32879/5683-32879-0000.flac,7127-75947-0022,5683-32879-0000,/Users/davidmillard/Downloads/eval/our_SB_1/7127-75947-0022__to__5683-32879-0000.wav,/Users/davidmillard/Downloads/eval/freevc/target/7127-75947-0022_to_5683-32879-0000_target.flac,True,0.3980914950370788,2.96537446975708
1071,our_SB_1,7127/75947/7127-75947-0024.flac,8463/294825/8463-294825-0009.flac,7127-75947-0024,8463-294825-0009,/Users/davidmillard/Downloads/eval/our_SB_1/7127-75947-0024__to__8463-294825-0009.wav,/Users/davidmillard/Downloads/eval/freevc/target/7127-75947-0024_to_8463-294825-0009_target.flac,True,0.2517069280147552,3.218240737915039
1072,our_SB_1,7127/75947/7127-75947-0026.flac,3570/5696/3570-5696-0004.flac,7127-75947-0026,3570-5696-0004,/Users/davidmillard/Downloads/eval/our_SB_1/7127-75947-0026__to__3570-5696-0004.wav,/Users/davidmillard/Downloads/eval/freevc/target/7127-75947-0026_to_3570-5696-0004_target.flac,True,0.3574333786964416,3.831195116043091
1073,our_SB_1,7127/75947/7127-75947-0028.flac,7021/85628/7021-85628-0027.flac,7127-75947-0028,7021-85628-0027,/Users/davidmillard/Downloads/eval/our_SB_1/7127-75947-0028__to__7021-85628-0027.wav,/Users/davidmillard/Downloads/eval/freevc/target/7127-75947-0028_to_7021-85628-0027_target.flac,True,0.3104426264762878,3.449648857116699
1074,our_SB_1,7127/75947/7127-75947-0030.flac,4507/16021/4507-16021-0054.flac,7127-75947-0030,4507-16021-0054,/Users/davidmillard/Downloads/eval/our_SB_1/7127-75947-0030__to__4507-16021-0054.wav,/Users/davidmillard/Downloads/eval/freevc/target/7127-75947-0030_to_4507-16021-0054_target.flac,True,0.4646512269973755,3.4920709133148193
1075,our_SB_1,7127/75947/7127-75947-0032.flac,8455/210777/8455-210777-0023.flac,7127-75947-0032,8455-210777-0023,/Users/davidmillard/Downloads/eval/our_SB_1/7127-75947-0032__to__8455-210777-0023.wav,/Users/davidmillard/Downloads/eval/freevc/target/7127-75947-0032_to_8455-210777-0023_target.flac,True,0.4360547065734863,2.8916690349578857
1076,our_SB_1,7127/75947/7127-75947-0034.flac,7021/79730/7021-79730-0008.flac,7127-75947-0034,7021-79730-0008,/Users/davidmillard/Downloads/eval/our_SB_1/7127-75947-0034__to__7021-79730-0008.wav,/Users/davidmillard/Downloads/eval/freevc/target/7127-75947-0034_to_7021-79730-0008_target.flac,True,0.2384889125823974,3.1461758613586426
1077,our_SB_1,7127/75947/7127-75947-0036.flac,8455/210777/8455-210777-0023.flac,7127-75947-0036,8455-210777-0023,/Users/davidmillard/Downloads/eval/our_SB_1/7127-75947-0036__to__8455-210777-0023.wav,/Users/davidmillard/Downloads/eval/freevc/target/7127-75947-0036_to_8455-210777-0023_target.flac,True,0.3849767446517944,2.735187530517578
1078,our_SB_1,7127/75947/7127-75947-0038.flac,1320/122612/1320-122612-0014.flac,7127-75947-0038,1320-122612-0014,/Users/davidmillard/Downloads/eval/our_SB_1/7127-75947-0038__to__1320-122612-0014.wav,/Users/davidmillard/Downloads/eval/freevc/target/7127-75947-0038_to_1320-122612-0014_target.flac,True,0.4880558252334595,3.110869884490967
1079,our_SB_1,7127/75947/7127-75947-0040.flac,4507/16021/4507-16021-0026.flac,7127-75947-0040,4507-16021-0026,/Users/davidmillard/Downloads/eval/our_SB_1/7127-75947-0040__to__4507-16021-0026.wav,/Users/davidmillard/Downloads/eval/freevc/target/7127-75947-0040_to_4507-16021-0026_target.flac,True,0.3887661099433899,3.5584535598754883
1080,our_SB_1,7176/88083/7176-88083-0001.flac,3729/6852/3729-6852-0037.flac,7176-88083-0001,3729-6852-0037,/Users/davidmillard/Downloads/eval/our_SB_1/7176-88083-0001__to__3729-6852-0037.wav,/Users/davidmillard/Downloads/eval/freevc/target/7176-88083-0001_to_3729-6852-0037_target.flac,True,0.5399909019470215,3.645639657974243
1081,our_SB_1,7176/88083/7176-88083-0003.flac,1995/1837/1995-1837-0018.flac,7176-88083-0003,1995-1837-0018,/Users/davidmillard/Downloads/eval/our_SB_1/7176-88083-0003__to__1995-1837-0018.wav,/Users/davidmillard/Downloads/eval/freevc/target/7176-88083-0003_to_1995-1837-0018_target.flac,True,0.3348293602466583,3.559185743331909
1082,our_SB_1,7176/88083/7176-88083-0005.flac,8555/284449/8555-284449-0012.flac,7176-88083-0005,8555-284449-0012,/Users/davidmillard/Downloads/eval/our_SB_1/7176-88083-0005__to__8555-284449-0012.wav,/Users/davidmillard/Downloads/eval/freevc/target/7176-88083-0005_to_8555-284449-0012_target.flac,True,0.2975907325744629,2.548518657684326
1083,our_SB_1,7176/88083/7176-88083-0007.flac,2830/3980/2830-3980-0051.flac,7176-88083-0007,2830-3980-0051,/Users/davidmillard/Downloads/eval/our_SB_1/7176-88083-0007__to__2830-3980-0051.wav,/Users/davidmillard/Downloads/eval/freevc/target/7176-88083-0007_to_2830-3980-0051_target.flac,True,0.5031118392944336,2.932957172393799
1084,our_SB_1,7176/88083/7176-88083-0009.flac,8224/274384/8224-274384-0001.flac,7176-88083-0009,8224-274384-0001,/Users/davidmillard/Downloads/eval/our_SB_1/7176-88083-0009__to__8224-274384-0001.wav,/Users/davidmillard/Downloads/eval/freevc/target/7176-88083-0009_to_8224-274384-0001_target.flac,True,0.2242901772260666,2.9639368057250977
1085,our_SB_1,7176/88083/7176-88083-0011.flac,2300/131720/2300-131720-0008.flac,7176-88083-0011,2300-131720-0008,/Users/davidmillard/Downloads/eval/our_SB_1/7176-88083-0011__to__2300-131720-0008.wav,/Users/davidmillard/Downloads/eval/freevc/target/7176-88083-0011_to_2300-131720-0008_target.flac,True,0.1867901980876922,3.2675514221191406
1086,our_SB_1,7176/88083/7176-88083-0013.flac,61/70970/61-70970-0009.flac,7176-88083-0013,61-70970-0009,/Users/davidmillard/Downloads/eval/our_SB_1/7176-88083-0013__to__61-70970-0009.wav,/Users/davidmillard/Downloads/eval/freevc/target/7176-88083-0013_to_61-70970-0009_target.flac,True,0.4202935993671417,3.254370927810669
1087,our_SB_1,7176/88083/7176-88083-0015.flac,4970/29095/4970-29095-0031.flac,7176-88083-0015,4970-29095-0031,/Users/davidmillard/Downloads/eval/our_SB_1/7176-88083-0015__to__4970-29095-0031.wav,/Users/davidmillard/Downloads/eval/freevc/target/7176-88083-0015_to_4970-29095-0031_target.flac,True,0.2821636795997619,3.5911436080932617
1088,our_SB_1,7176/88083/7176-88083-0017.flac,7127/75947/7127-75947-0012.flac,7176-88083-0017,7127-75947-0012,/Users/davidmillard/Downloads/eval/our_SB_1/7176-88083-0017__to__7127-75947-0012.wav,/Users/davidmillard/Downloads/eval/freevc/target/7176-88083-0017_to_7127-75947-0012_target.flac,True,0.2317379117012024,2.388820171356201
1089,our_SB_1,7176/88083/7176-88083-0019.flac,1221/135766/1221-135766-0000.flac,7176-88083-0019,1221-135766-0000,/Users/davidmillard/Downloads/eval/our_SB_1/7176-88083-0019__to__1221-135766-0000.wav,/Users/davidmillard/Downloads/eval/freevc/target/7176-88083-0019_to_1221-135766-0000_target.flac,True,0.3270658254623413,3.0632686614990234
1090,our_SB_1,7176/88083/7176-88083-0021.flac,2961/960/2961-960-0010.flac,7176-88083-0021,2961-960-0010,/Users/davidmillard/Downloads/eval/our_SB_1/7176-88083-0021__to__2961-960-0010.wav,/Users/davidmillard/Downloads/eval/freevc/target/7176-88083-0021_to_2961-960-0010_target.flac,True,0.0882855057716369,2.760477066040039
1091,our_SB_1,7176/88083/7176-88083-0023.flac,7127/75946/7127-75946-0011.flac,7176-88083-0023,7127-75946-0011,/Users/davidmillard/Downloads/eval/our_SB_1/7176-88083-0023__to__7127-75946-0011.wav,/Users/davidmillard/Downloads/eval/freevc/target/7176-88083-0023_to_7127-75946-0011_target.flac,True,0.3041673898696899,3.3909449577331543
1092,our_SB_1,7176/88083/7176-88083-0025.flac,672/122797/672-122797-0054.flac,7176-88083-0025,672-122797-0054,/Users/davidmillard/Downloads/eval/our_SB_1/7176-88083-0025__to__672-122797-0054.wav,/Users/davidmillard/Downloads/eval/freevc/target/7176-88083-0025_to_672-122797-0054_target.flac,True,0.1190960481762886,3.4712882041931152
1093,our_SB_1,7176/88083/7176-88083-0027.flac,7021/79740/7021-79740-0014.flac,7176-88083-0027,7021-79740-0014,/Users/davidmillard/Downloads/eval/our_SB_1/7176-88083-0027__to__7021-79740-0014.wav,/Users/davidmillard/Downloads/eval/freevc/target/7176-88083-0027_to_7021-79740-0014_target.flac,True,0.1805472522974014,2.9215307235717773
1094,our_SB_1,7176/92135/7176-92135-0001.flac,8230/279154/8230-279154-0012.flac,7176-92135-0001,8230-279154-0012,/Users/davidmillard/Downloads/eval/our_SB_1/7176-92135-0001__to__8230-279154-0012.wav,/Users/davidmillard/Downloads/eval/freevc/target/7176-92135-0001_to_8230-279154-0012_target.flac,True,0.3866134583950043,1.992780327796936
1095,our_SB_1,7176/92135/7176-92135-0003.flac,4970/29095/4970-29095-0024.flac,7176-92135-0003,4970-29095-0024,/Users/davidmillard/Downloads/eval/our_SB_1/7176-92135-0003__to__4970-29095-0024.wav,/Users/davidmillard/Downloads/eval/freevc/target/7176-92135-0003_to_4970-29095-0024_target.flac,True,0.3934116959571838,2.701557159423828
1096,our_SB_1,7176/92135/7176-92135-0005.flac,1188/133604/1188-133604-0043.flac,7176-92135-0005,1188-133604-0043,/Users/davidmillard/Downloads/eval/our_SB_1/7176-92135-0005__to__1188-133604-0043.wav,/Users/davidmillard/Downloads/eval/freevc/target/7176-92135-0005_to_1188-133604-0043_target.flac,True,0.3181995749473572,2.772191286087036
1097,our_SB_1,7176/92135/7176-92135-0007.flac,3570/5696/3570-5696-0005.flac,7176-92135-0007,3570-5696-0005,/Users/davidmillard/Downloads/eval/our_SB_1/7176-92135-0007__to__3570-5696-0005.wav,/Users/davidmillard/Downloads/eval/freevc/target/7176-92135-0007_to_3570-5696-0005_target.flac,True,0.3748388886451721,3.5592737197875977
1098,our_SB_1,7176/92135/7176-92135-0009.flac,2094/142345/2094-142345-0006.flac,7176-92135-0009,2094-142345-0006,/Users/davidmillard/Downloads/eval/our_SB_1/7176-92135-0009__to__2094-142345-0006.wav,/Users/davidmillard/Downloads/eval/freevc/target/7176-92135-0009_to_2094-142345-0006_target.flac,True,0.3857803642749786,2.9951436519622803
1099,our_SB_1,7176/92135/7176-92135-0011.flac,8555/284447/8555-284447-0019.flac,7176-92135-0011,8555-284447-0019,/Users/davidmillard/Downloads/eval/our_SB_1/7176-92135-0011__to__8555-284447-0019.wav,/Users/davidmillard/Downloads/eval/freevc/target/7176-92135-0011_to_8555-284447-0019_target.flac,True,0.299154669046402,3.040680170059204
1100,our_SB_1,7176/92135/7176-92135-0013.flac,121/123852/121-123852-0004.flac,7176-92135-0013,121-123852-0004,/Users/davidmillard/Downloads/eval/our_SB_1/7176-92135-0013__to__121-123852-0004.wav,/Users/davidmillard/Downloads/eval/freevc/target/7176-92135-0013_to_121-123852-0004_target.flac,True,0.1477566063404083,3.488764524459839
1101,our_SB_1,7176/92135/7176-92135-0015.flac,8224/274384/8224-274384-0003.flac,7176-92135-0015,8224-274384-0003,/Users/davidmillard/Downloads/eval/our_SB_1/7176-92135-0015__to__8224-274384-0003.wav,/Users/davidmillard/Downloads/eval/freevc/target/7176-92135-0015_to_8224-274384-0003_target.flac,True,0.1651335060596466,2.2298080921173096
1102,our_SB_1,7176/92135/7176-92135-0017.flac,4992/41806/4992-41806-0013.flac,7176-92135-0017,4992-41806-0013,/Users/davidmillard/Downloads/eval/our_SB_1/7176-92135-0017__to__4992-41806-0013.wav,/Users/davidmillard/Downloads/eval/freevc/target/7176-92135-0017_to_4992-41806-0013_target.flac,True,0.4038967490196228,2.606494665145874
1103,our_SB_1,7176/92135/7176-92135-0019.flac,2830/3980/2830-3980-0008.flac,7176-92135-0019,2830-3980-0008,/Users/davidmillard/Downloads/eval/our_SB_1/7176-92135-0019__to__2830-3980-0008.wav,/Users/davidmillard/Downloads/eval/freevc/target/7176-92135-0019_to_2830-3980-0008_target.flac,True,0.400322288274765,2.2720658779144287
1104,our_SB_1,7176/92135/7176-92135-0021.flac,3570/5694/3570-5694-0014.flac,7176-92135-0021,3570-5694-0014,/Users/davidmillard/Downloads/eval/our_SB_1/7176-92135-0021__to__3570-5694-0014.wav,/Users/davidmillard/Downloads/eval/freevc/target/7176-92135-0021_to_3570-5694-0014_target.flac,True,0.3783935904502868,3.1863467693328857
1105,our_SB_1,7176/92135/7176-92135-0023.flac,1188/133604/1188-133604-0037.flac,7176-92135-0023,1188-133604-0037,/Users/davidmillard/Downloads/eval/our_SB_1/7176-92135-0023__to__1188-133604-0037.wav,/Users/davidmillard/Downloads/eval/freevc/target/7176-92135-0023_to_1188-133604-0037_target.flac,True,0.4960734844207763,2.580350399017334
1106,our_SB_1,7176/92135/7176-92135-0025.flac,1995/1837/1995-1837-0004.flac,7176-92135-0025,1995-1837-0004,/Users/davidmillard/Downloads/eval/our_SB_1/7176-92135-0025__to__1995-1837-0004.wav,/Users/davidmillard/Downloads/eval/freevc/target/7176-92135-0025_to_1995-1837-0004_target.flac,True,0.2780016958713531,3.224567413330078
1107,our_SB_1,7176/92135/7176-92135-0027.flac,3729/6852/3729-6852-0034.flac,7176-92135-0027,3729-6852-0034,/Users/davidmillard/Downloads/eval/our_SB_1/7176-92135-0027__to__3729-6852-0034.wav,/Users/davidmillard/Downloads/eval/freevc/target/7176-92135-0027_to_3729-6852-0034_target.flac,True,0.375628113746643,3.403995990753174
1108,our_SB_1,7176/92135/7176-92135-0029.flac,1221/135766/1221-135766-0006.flac,7176-92135-0029,1221-135766-0006,/Users/davidmillard/Downloads/eval/our_SB_1/7176-92135-0029__to__1221-135766-0006.wav,/Users/davidmillard/Downloads/eval/freevc/target/7176-92135-0029_to_1221-135766-0006_target.flac,True,0.314044177532196,2.8341543674468994
1109,our_SB_1,7176/92135/7176-92135-0031.flac,1995/1837/1995-1837-0011.flac,7176-92135-0031,1995-1837-0011,/Users/davidmillard/Downloads/eval/our_SB_1/7176-92135-0031__to__1995-1837-0011.wav,/Users/davidmillard/Downloads/eval/freevc/target/7176-92135-0031_to_1995-1837-0011_target.flac,True,0.200134128332138,3.2364423274993896
1110,our_SB_1,7176/92135/7176-92135-0033.flac,1995/1837/1995-1837-0028.flac,7176-92135-0033,1995-1837-0028,/Users/davidmillard/Downloads/eval/our_SB_1/7176-92135-0033__to__1995-1837-0028.wav,/Users/davidmillard/Downloads/eval/freevc/target/7176-92135-0033_to_1995-1837-0028_target.flac,True,0.1715548038482666,2.9645471572875977
1111,our_SB_1,7176/92135/7176-92135-0035.flac,2300/131720/2300-131720-0013.flac,7176-92135-0035,2300-131720-0013,/Users/davidmillard/Downloads/eval/our_SB_1/7176-92135-0035__to__2300-131720-0013.wav,/Users/davidmillard/Downloads/eval/freevc/target/7176-92135-0035_to_2300-131720-0013_target.flac,True,0.2820932269096374,2.6767654418945312
1112,our_SB_1,7176/92135/7176-92135-0037.flac,61/70970/61-70970-0021.flac,7176-92135-0037,61-70970-0021,/Users/davidmillard/Downloads/eval/our_SB_1/7176-92135-0037__to__61-70970-0021.wav,/Users/davidmillard/Downloads/eval/freevc/target/7176-92135-0037_to_61-70970-0021_target.flac,True,0.5272407531738281,2.8585691452026367
1113,our_SB_1,7176/92135/7176-92135-0039.flac,8224/274381/8224-274381-0017.flac,7176-92135-0039,8224-274381-0017,/Users/davidmillard/Downloads/eval/our_SB_1/7176-92135-0039__to__8224-274381-0017.wav,/Users/davidmillard/Downloads/eval/freevc/target/7176-92135-0039_to_8224-274381-0017_target.flac,True,0.2489709556102752,2.532058000564575
1114,our_SB_1,7176/92135/7176-92135-0041.flac,2094/142345/2094-142345-0026.flac,7176-92135-0041,2094-142345-0026,/Users/davidmillard/Downloads/eval/our_SB_1/7176-92135-0041__to__2094-142345-0026.wav,/Users/davidmillard/Downloads/eval/freevc/target/7176-92135-0041_to_2094-142345-0026_target.flac,True,0.4637381136417389,3.262190818786621
1115,our_SB_1,7176/92135/7176-92135-0043.flac,1995/1836/1995-1836-0009.flac,7176-92135-0043,1995-1836-0009,/Users/davidmillard/Downloads/eval/our_SB_1/7176-92135-0043__to__1995-1836-0009.wav,/Users/davidmillard/Downloads/eval/freevc/target/7176-92135-0043_to_1995-1836-0009_target.flac,True,0.3274007737636566,3.044747829437256
1116,our_SB_1,7176/92135/7176-92135-0045.flac,7127/75946/7127-75946-0025.flac,7176-92135-0045,7127-75946-0025,/Users/davidmillard/Downloads/eval/our_SB_1/7176-92135-0045__to__7127-75946-0025.wav,/Users/davidmillard/Downloads/eval/freevc/target/7176-92135-0045_to_7127-75946-0025_target.flac,True,0.3471280634403229,2.4300696849823
1117,our_SB_1,7729/102255/7729-102255-0001.flac,3729/6852/3729-6852-0033.flac,7729-102255-0001,3729-6852-0033,/Users/davidmillard/Downloads/eval/our_SB_1/7729-102255-0001__to__3729-6852-0033.wav,/Users/davidmillard/Downloads/eval/freevc/target/7729-102255-0001_to_3729-6852-0033_target.flac,True,0.5089300274848938,3.215305805206299
1118,our_SB_1,7729/102255/7729-102255-0003.flac,61/70968/61-70968-0037.flac,7729-102255-0003,61-70968-0037,/Users/davidmillard/Downloads/eval/our_SB_1/7729-102255-0003__to__61-70968-0037.wav,/Users/davidmillard/Downloads/eval/freevc/target/7729-102255-0003_to_61-70968-0037_target.flac,True,0.3654029369354248,2.721200466156006
1119,our_SB_1,7729/102255/7729-102255-0005.flac,8455/210777/8455-210777-0063.flac,7729-102255-0005,8455-210777-0063,/Users/davidmillard/Downloads/eval/our_SB_1/7729-102255-0005__to__8455-210777-0063.wav,/Users/davidmillard/Downloads/eval/freevc/target/7729-102255-0005_to_8455-210777-0063_target.flac,True,0.1887615919113159,3.635751724243164
1120,our_SB_1,7729/102255/7729-102255-0007.flac,7021/79740/7021-79740-0011.flac,7729-102255-0007,7021-79740-0011,/Users/davidmillard/Downloads/eval/our_SB_1/7729-102255-0007__to__7021-79740-0011.wav,/Users/davidmillard/Downloads/eval/freevc/target/7729-102255-0007_to_7021-79740-0011_target.flac,True,0.1443607211112976,3.8158695697784424
1121,our_SB_1,7729/102255/7729-102255-0009.flac,1089/134686/1089-134686-0011.flac,7729-102255-0009,1089-134686-0011,/Users/davidmillard/Downloads/eval/our_SB_1/7729-102255-0009__to__1089-134686-0011.wav,/Users/davidmillard/Downloads/eval/freevc/target/7729-102255-0009_to_1089-134686-0011_target.flac,True,0.3497985005378723,3.637752056121826
1122,our_SB_1,7729/102255/7729-102255-0011.flac,2300/131720/2300-131720-0005.flac,7729-102255-0011,2300-131720-0005,/Users/davidmillard/Downloads/eval/our_SB_1/7729-102255-0011__to__2300-131720-0005.wav,/Users/davidmillard/Downloads/eval/freevc/target/7729-102255-0011_to_2300-131720-0005_target.flac,True,0.3485274910926819,3.4772961139678955
1123,our_SB_1,7729/102255/7729-102255-0013.flac,1580/141083/1580-141083-0032.flac,7729-102255-0013,1580-141083-0032,/Users/davidmillard/Downloads/eval/our_SB_1/7729-102255-0013__to__1580-141083-0032.wav,/Users/davidmillard/Downloads/eval/freevc/target/7729-102255-0013_to_1580-141083-0032_target.flac,True,0.4806327819824219,3.5602316856384277
1124,our_SB_1,7729/102255/7729-102255-0015.flac,4446/2273/4446-2273-0008.flac,7729-102255-0015,4446-2273-0008,/Users/davidmillard/Downloads/eval/our_SB_1/7729-102255-0015__to__4446-2273-0008.wav,/Users/davidmillard/Downloads/eval/freevc/target/7729-102255-0015_to_4446-2273-0008_target.flac,True,0.3017051517963409,3.2805981636047363
1125,our_SB_1,7729/102255/7729-102255-0017.flac,1580/141084/1580-141084-0050.flac,7729-102255-0017,1580-141084-0050,/Users/davidmillard/Downloads/eval/our_SB_1/7729-102255-0017__to__1580-141084-0050.wav,/Users/davidmillard/Downloads/eval/freevc/target/7729-102255-0017_to_1580-141084-0050_target.flac,True,0.425542265176773,3.3268086910247803
1126,our_SB_1,7729/102255/7729-102255-0019.flac,4446/2273/4446-2273-0021.flac,7729-102255-0019,4446-2273-0021,/Users/davidmillard/Downloads/eval/our_SB_1/7729-102255-0019__to__4446-2273-0021.wav,/Users/davidmillard/Downloads/eval/freevc/target/7729-102255-0019_to_4446-2273-0021_target.flac,True,0.3061788380146026,3.670671224594116
1127,our_SB_1,7729/102255/7729-102255-0021.flac,1995/1826/1995-1826-0012.flac,7729-102255-0021,1995-1826-0012,/Users/davidmillard/Downloads/eval/our_SB_1/7729-102255-0021__to__1995-1826-0012.wav,/Users/davidmillard/Downloads/eval/freevc/target/7729-102255-0021_to_1995-1826-0012_target.flac,True,0.2788788974285126,3.4436628818511963
1128,our_SB_1,7729/102255/7729-102255-0023.flac,2094/142345/2094-142345-0042.flac,7729-102255-0023,2094-142345-0042,/Users/davidmillard/Downloads/eval/our_SB_1/7729-102255-0023__to__2094-142345-0042.wav,/Users/davidmillard/Downloads/eval/freevc/target/7729-102255-0023_to_2094-142345-0042_target.flac,True,0.2340627014636993,3.5565662384033203
1129,our_SB_1,7729/102255/7729-102255-0025.flac,5105/28240/5105-28240-0017.flac,7729-102255-0025,5105-28240-0017,/Users/davidmillard/Downloads/eval/our_SB_1/7729-102255-0025__to__5105-28240-0017.wav,/Users/davidmillard/Downloads/eval/freevc/target/7729-102255-0025_to_5105-28240-0017_target.flac,True,0.2988643050193786,2.9872355461120605
1130,our_SB_1,7729/102255/7729-102255-0027.flac,5142/33396/5142-33396-0043.flac,7729-102255-0027,5142-33396-0043,/Users/davidmillard/Downloads/eval/our_SB_1/7729-102255-0027__to__5142-33396-0043.wav,/Users/davidmillard/Downloads/eval/freevc/target/7729-102255-0027_to_5142-33396-0043_target.flac,True,0.4133130311965942,2.705355405807495
1131,our_SB_1,7729/102255/7729-102255-0029.flac,5683/32879/5683-32879-0002.flac,7729-102255-0029,5683-32879-0002,/Users/davidmillard/Downloads/eval/our_SB_1/7729-102255-0029__to__5683-32879-0002.wav,/Users/davidmillard/Downloads/eval/freevc/target/7729-102255-0029_to_5683-32879-0002_target.flac,True,0.3243434429168701,3.167107105255127
1132,our_SB_1,7729/102255/7729-102255-0031.flac,5639/40744/5639-40744-0030.flac,7729-102255-0031,5639-40744-0030,/Users/davidmillard/Downloads/eval/our_SB_1/7729-102255-0031__to__5639-40744-0030.wav,/Users/davidmillard/Downloads/eval/freevc/target/7729-102255-0031_to_5639-40744-0030_target.flac,True,0.4627084136009216,3.611431121826172
1133,our_SB_1,7729/102255/7729-102255-0033.flac,237/126133/237-126133-0014.flac,7729-102255-0033,237-126133-0014,/Users/davidmillard/Downloads/eval/our_SB_1/7729-102255-0033__to__237-126133-0014.wav,/Users/davidmillard/Downloads/eval/freevc/target/7729-102255-0033_to_237-126133-0014_target.flac,True,0.3205845952033996,3.481409788131714
1134,our_SB_1,7729/102255/7729-102255-0035.flac,1221/135766/1221-135766-0010.flac,7729-102255-0035,1221-135766-0010,/Users/davidmillard/Downloads/eval/our_SB_1/7729-102255-0035__to__1221-135766-0010.wav,/Users/davidmillard/Downloads/eval/freevc/target/7729-102255-0035_to_1221-135766-0010_target.flac,True,0.3600680530071258,3.4133048057556152
1135,our_SB_1,7729/102255/7729-102255-0037.flac,8555/284449/8555-284449-0005.flac,7729-102255-0037,8555-284449-0005,/Users/davidmillard/Downloads/eval/our_SB_1/7729-102255-0037__to__8555-284449-0005.wav,/Users/davidmillard/Downloads/eval/freevc/target/7729-102255-0037_to_8555-284449-0005_target.flac,True,0.2889664471149444,3.1773016452789307
1136,our_SB_1,7729/102255/7729-102255-0039.flac,260/123440/260-123440-0017.flac,7729-102255-0039,260-123440-0017,/Users/davidmillard/Downloads/eval/our_SB_1/7729-102255-0039__to__260-123440-0017.wav,/Users/davidmillard/Downloads/eval/freevc/target/7729-102255-0039_to_260-123440-0017_target.flac,True,0.1400484144687652,3.324578285217285
1137,our_SB_1,7729/102255/7729-102255-0041.flac,1188/133604/1188-133604-0043.flac,7729-102255-0041,1188-133604-0043,/Users/davidmillard/Downloads/eval/our_SB_1/7729-102255-0041__to__1188-133604-0043.wav,/Users/davidmillard/Downloads/eval/freevc/target/7729-102255-0041_to_1188-133604-0043_target.flac,True,0.2990655899047851,2.9086718559265137
1138,our_SB_1,7729/102255/7729-102255-0043.flac,7127/75946/7127-75946-0014.flac,7729-102255-0043,7127-75946-0014,/Users/davidmillard/Downloads/eval/our_SB_1/7729-102255-0043__to__7127-75946-0014.wav,/Users/davidmillard/Downloads/eval/freevc/target/7729-102255-0043_to_7127-75946-0014_target.flac,True,0.4613435566425323,2.9093172550201416
1139,our_SB_1,7729/102255/7729-102255-0045.flac,121/121726/121-121726-0004.flac,7729-102255-0045,121-121726-0004,/Users/davidmillard/Downloads/eval/our_SB_1/7729-102255-0045__to__121-121726-0004.wav,/Users/davidmillard/Downloads/eval/freevc/target/7729-102255-0045_to_121-121726-0004_target.flac,True,0.1924484968185424,3.32346773147583
1140,our_SB_1,8224/274381/8224-274381-0000.flac,4970/29093/4970-29093-0000.flac,8224-274381-0000,4970-29093-0000,/Users/davidmillard/Downloads/eval/our_SB_1/8224-274381-0000__to__4970-29093-0000.wav,/Users/davidmillard/Downloads/eval/freevc/target/8224-274381-0000_to_4970-29093-0000_target.flac,True,0.1263929009437561,3.1839616298675537
1141,our_SB_1,8224/274381/8224-274381-0002.flac,8463/294825/8463-294825-0013.flac,8224-274381-0002,8463-294825-0013,/Users/davidmillard/Downloads/eval/our_SB_1/8224-274381-0002__to__8463-294825-0013.wav,/Users/davidmillard/Downloads/eval/freevc/target/8224-274381-0002_to_8463-294825-0013_target.flac,True,0.2433963567018509,2.9768285751342773
1142,our_SB_1,8224/274381/8224-274381-0004.flac,7729/102255/7729-102255-0044.flac,8224-274381-0004,7729-102255-0044,/Users/davidmillard/Downloads/eval/our_SB_1/8224-274381-0004__to__7729-102255-0044.wav,/Users/davidmillard/Downloads/eval/freevc/target/8224-274381-0004_to_7729-102255-0044_target.flac,True,0.2122271060943603,3.5454649925231934
1143,our_SB_1,8224/274381/8224-274381-0006.flac,3575/170457/3575-170457-0030.flac,8224-274381-0006,3575-170457-0030,/Users/davidmillard/Downloads/eval/our_SB_1/8224-274381-0006__to__3575-170457-0030.wav,/Users/davidmillard/Downloads/eval/freevc/target/8224-274381-0006_to_3575-170457-0030_target.flac,True,0.2149288058280944,3.2435309886932373
1144,our_SB_1,8224/274381/8224-274381-0008.flac,5639/40744/5639-40744-0009.flac,8224-274381-0008,5639-40744-0009,/Users/davidmillard/Downloads/eval/our_SB_1/8224-274381-0008__to__5639-40744-0009.wav,/Users/davidmillard/Downloads/eval/freevc/target/8224-274381-0008_to_5639-40744-0009_target.flac,True,0.3382300138473511,3.1671226024627686
1145,our_SB_1,8224/274381/8224-274381-0010.flac,1089/134686/1089-134686-0020.flac,8224-274381-0010,1089-134686-0020,/Users/davidmillard/Downloads/eval/our_SB_1/8224-274381-0010__to__1089-134686-0020.wav,/Users/davidmillard/Downloads/eval/freevc/target/8224-274381-0010_to_1089-134686-0020_target.flac,True,0.5711296200752258,3.216109275817871
1146,our_SB_1,8224/274381/8224-274381-0012.flac,7127/75946/7127-75946-0021.flac,8224-274381-0012,7127-75946-0021,/Users/davidmillard/Downloads/eval/our_SB_1/8224-274381-0012__to__7127-75946-0021.wav,/Users/davidmillard/Downloads/eval/freevc/target/8224-274381-0012_to_7127-75946-0021_target.flac,True,0.3652292788028717,2.947469472885132
1147,our_SB_1,8224/274381/8224-274381-0014.flac,7127/75947/7127-75947-0011.flac,8224-274381-0014,7127-75947-0011,/Users/davidmillard/Downloads/eval/our_SB_1/8224-274381-0014__to__7127-75947-0011.wav,/Users/davidmillard/Downloads/eval/freevc/target/8224-274381-0014_to_7127-75947-0011_target.flac,True,0.3363414406776428,2.8892297744750977
1148,our_SB_1,8224/274381/8224-274381-0016.flac,4077/13751/4077-13751-0003.flac,8224-274381-0016,4077-13751-0003,/Users/davidmillard/Downloads/eval/our_SB_1/8224-274381-0016__to__4077-13751-0003.wav,/Users/davidmillard/Downloads/eval/freevc/target/8224-274381-0016_to_4077-13751-0003_target.flac,True,0.4119994640350342,3.5746262073516846
1149,our_SB_1,8224/274384/8224-274384-0000.flac,8455/210777/8455-210777-0048.flac,8224-274384-0000,8455-210777-0048,/Users/davidmillard/Downloads/eval/our_SB_1/8224-274384-0000__to__8455-210777-0048.wav,/Users/davidmillard/Downloads/eval/freevc/target/8224-274384-0000_to_8455-210777-0048_target.flac,True,0.226748526096344,2.8054115772247314
1150,our_SB_1,8224/274384/8224-274384-0002.flac,1320/122617/1320-122617-0012.flac,8224-274384-0002,1320-122617-0012,/Users/davidmillard/Downloads/eval/our_SB_1/8224-274384-0002__to__1320-122617-0012.wav,/Users/davidmillard/Downloads/eval/freevc/target/8224-274384-0002_to_1320-122617-0012_target.flac,True,0.2659218907356262,2.976435422897339
1151,our_SB_1,8224/274384/8224-274384-0004.flac,6829/68769/6829-68769-0011.flac,8224-274384-0004,6829-68769-0011,/Users/davidmillard/Downloads/eval/our_SB_1/8224-274384-0004__to__6829-68769-0011.wav,/Users/davidmillard/Downloads/eval/freevc/target/8224-274384-0004_to_6829-68769-0011_target.flac,True,0.2174373418092727,3.272366762161255
1152,our_SB_1,8224/274384/8224-274384-0006.flac,4970/29093/4970-29093-0007.flac,8224-274384-0006,4970-29093-0007,/Users/davidmillard/Downloads/eval/our_SB_1/8224-274384-0006__to__4970-29093-0007.wav,/Users/davidmillard/Downloads/eval/freevc/target/8224-274384-0006_to_4970-29093-0007_target.flac,True,0.1854918003082275,3.666010856628418
1153,our_SB_1,8224/274384/8224-274384-0008.flac,1580/141083/1580-141083-0051.flac,8224-274384-0008,1580-141083-0051,/Users/davidmillard/Downloads/eval/our_SB_1/8224-274384-0008__to__1580-141083-0051.wav,/Users/davidmillard/Downloads/eval/freevc/target/8224-274384-0008_to_1580-141083-0051_target.flac,True,0.3762845396995544,3.0051965713500977
1154,our_SB_1,8224/274384/8224-274384-0010.flac,8455/210777/8455-210777-0070.flac,8224-274384-0010,8455-210777-0070,/Users/davidmillard/Downloads/eval/our_SB_1/8224-274384-0010__to__8455-210777-0070.wav,/Users/davidmillard/Downloads/eval/freevc/target/8224-274384-0010_to_8455-210777-0070_target.flac,True,0.3473005890846252,2.9200356006622314
1155,our_SB_1,8224/274384/8224-274384-0012.flac,908/31957/908-31957-0008.flac,8224-274384-0012,908-31957-0008,/Users/davidmillard/Downloads/eval/our_SB_1/8224-274384-0012__to__908-31957-0008.wav,/Users/davidmillard/Downloads/eval/freevc/target/8224-274384-0012_to_908-31957-0008_target.flac,True,0.0877559334039688,2.806650400161743
1156,our_SB_1,8230/279154/8230-279154-0000.flac,7176/92135/7176-92135-0043.flac,8230-279154-0000,7176-92135-0043,/Users/davidmillard/Downloads/eval/our_SB_1/8230-279154-0000__to__7176-92135-0043.wav,/Users/davidmillard/Downloads/eval/freevc/target/8230-279154-0000_to_7176-92135-0043_target.flac,True,0.3233302235603332,3.094430446624756
1157,our_SB_1,8230/279154/8230-279154-0002.flac,6930/76324/6930-76324-0022.flac,8230-279154-0002,6930-76324-0022,/Users/davidmillard/Downloads/eval/our_SB_1/8230-279154-0002__to__6930-76324-0022.wav,/Users/davidmillard/Downloads/eval/freevc/target/8230-279154-0002_to_6930-76324-0022_target.flac,True,0.1417697072029113,3.524547576904297
1158,our_SB_1,8230/279154/8230-279154-0004.flac,3570/5695/3570-5695-0006.flac,8230-279154-0004,3570-5695-0006,/Users/davidmillard/Downloads/eval/our_SB_1/8230-279154-0004__to__3570-5695-0006.wav,/Users/davidmillard/Downloads/eval/freevc/target/8230-279154-0004_to_3570-5695-0006_target.flac,True,0.2626150250434875,2.9151530265808105
1159,our_SB_1,8230/279154/8230-279154-0006.flac,908/157963/908-157963-0030.flac,8230-279154-0006,908-157963-0030,/Users/davidmillard/Downloads/eval/our_SB_1/8230-279154-0006__to__908-157963-0030.wav,/Users/davidmillard/Downloads/eval/freevc/target/8230-279154-0006_to_908-157963-0030_target.flac,True,0.1713081151247024,3.4189112186431885
1160,our_SB_1,8230/279154/8230-279154-0008.flac,6829/68769/6829-68769-0014.flac,8230-279154-0008,6829-68769-0014,/Users/davidmillard/Downloads/eval/our_SB_1/8230-279154-0008__to__6829-68769-0014.wav,/Users/davidmillard/Downloads/eval/freevc/target/8230-279154-0008_to_6829-68769-0014_target.flac,True,0.3421080112457275,2.6569836139678955
1161,our_SB_1,8230/279154/8230-279154-0010.flac,3570/5694/3570-5694-0000.flac,8230-279154-0010,3570-5694-0000,/Users/davidmillard/Downloads/eval/our_SB_1/8230-279154-0010__to__3570-5694-0000.wav,/Users/davidmillard/Downloads/eval/freevc/target/8230-279154-0010_to_3570-5694-0000_target.flac,True,0.288096010684967,3.5238475799560547
1162,our_SB_1,8230/279154/8230-279154-0012.flac,4446/2275/4446-2275-0008.flac,8230-279154-0012,4446-2275-0008,/Users/davidmillard/Downloads/eval/our_SB_1/8230-279154-0012__to__4446-2275-0008.wav,/Users/davidmillard/Downloads/eval/freevc/target/8230-279154-0012_to_4446-2275-0008_target.flac,True,0.4526687264442444,3.5232045650482178
1163,our_SB_1,8230/279154/8230-279154-0014.flac,1580/141083/1580-141083-0005.flac,8230-279154-0014,1580-141083-0005,/Users/davidmillard/Downloads/eval/our_SB_1/8230-279154-0014__to__1580-141083-0005.wav,/Users/davidmillard/Downloads/eval/freevc/target/8230-279154-0014_to_1580-141083-0005_target.flac,True,0.3328838050365448,3.388253688812256
1164,our_SB_1,8230/279154/8230-279154-0016.flac,2094/142345/2094-142345-0052.flac,8230-279154-0016,2094-142345-0052,/Users/davidmillard/Downloads/eval/our_SB_1/8230-279154-0016__to__2094-142345-0052.wav,/Users/davidmillard/Downloads/eval/freevc/target/8230-279154-0016_to_2094-142345-0052_target.flac,True,0.3074716925621032,2.789984703063965
1165,our_SB_1,8230/279154/8230-279154-0018.flac,3729/6852/3729-6852-0039.flac,8230-279154-0018,3729-6852-0039,/Users/davidmillard/Downloads/eval/our_SB_1/8230-279154-0018__to__3729-6852-0039.wav,/Users/davidmillard/Downloads/eval/freevc/target/8230-279154-0018_to_3729-6852-0039_target.flac,True,0.3824858963489532,3.215601682662964
1166,our_SB_1,8230/279154/8230-279154-0020.flac,1995/1837/1995-1837-0008.flac,8230-279154-0020,1995-1837-0008,/Users/davidmillard/Downloads/eval/our_SB_1/8230-279154-0020__to__1995-1837-0008.wav,/Users/davidmillard/Downloads/eval/freevc/target/8230-279154-0020_to_1995-1837-0008_target.flac,True,0.3163616955280304,2.717465877532959
1167,our_SB_1,8230/279154/8230-279154-0022.flac,2830/3980/2830-3980-0030.flac,8230-279154-0022,2830-3980-0030,/Users/davidmillard/Downloads/eval/our_SB_1/8230-279154-0022__to__2830-3980-0030.wav,/Users/davidmillard/Downloads/eval/freevc/target/8230-279154-0022_to_2830-3980-0030_target.flac,True,0.4116184115409851,3.201087713241577
1168,our_SB_1,8230/279154/8230-279154-0024.flac,61/70968/61-70968-0005.flac,8230-279154-0024,61-70968-0005,/Users/davidmillard/Downloads/eval/our_SB_1/8230-279154-0024__to__61-70968-0005.wav,/Users/davidmillard/Downloads/eval/freevc/target/8230-279154-0024_to_61-70968-0005_target.flac,True,0.5073168873786926,3.6511685848236084
1169,our_SB_1,8230/279154/8230-279154-0026.flac,6829/68771/6829-68771-0004.flac,8230-279154-0026,6829-68771-0004,/Users/davidmillard/Downloads/eval/our_SB_1/8230-279154-0026__to__6829-68771-0004.wav,/Users/davidmillard/Downloads/eval/freevc/target/8230-279154-0026_to_6829-68771-0004_target.flac,True,0.3905929028987884,3.7300238609313965
1170,our_SB_1,8230/279154/8230-279154-0028.flac,7176/88083/7176-88083-0017.flac,8230-279154-0028,7176-88083-0017,/Users/davidmillard/Downloads/eval/our_SB_1/8230-279154-0028__to__7176-88083-0017.wav,/Users/davidmillard/Downloads/eval/freevc/target/8230-279154-0028_to_7176-88083-0017_target.flac,True,0.244297057390213,3.026085138320923
1171,our_SB_1,8230/279154/8230-279154-0030.flac,7729/102255/7729-102255-0003.flac,8230-279154-0030,7729-102255-0003,/Users/davidmillard/Downloads/eval/our_SB_1/8230-279154-0030__to__7729-102255-0003.wav,/Users/davidmillard/Downloads/eval/freevc/target/8230-279154-0030_to_7729-102255-0003_target.flac,True,0.4248746335506439,2.9720752239227295
1172,our_SB_1,8230/279154/8230-279154-0032.flac,8555/284449/8555-284449-0005.flac,8230-279154-0032,8555-284449-0005,/Users/davidmillard/Downloads/eval/our_SB_1/8230-279154-0032__to__8555-284449-0005.wav,/Users/davidmillard/Downloads/eval/freevc/target/8230-279154-0032_to_8555-284449-0005_target.flac,True,0.1813227236270904,3.082576036453247
1173,our_SB_1,8230/279154/8230-279154-0034.flac,8555/284447/8555-284447-0011.flac,8230-279154-0034,8555-284447-0011,/Users/davidmillard/Downloads/eval/our_SB_1/8230-279154-0034__to__8555-284447-0011.wav,/Users/davidmillard/Downloads/eval/freevc/target/8230-279154-0034_to_8555-284447-0011_target.flac,True,0.375232458114624,3.5349063873291016
1174,our_SB_1,8230/279154/8230-279154-0036.flac,5639/40744/5639-40744-0038.flac,8230-279154-0036,5639-40744-0038,/Users/davidmillard/Downloads/eval/our_SB_1/8230-279154-0036__to__5639-40744-0038.wav,/Users/davidmillard/Downloads/eval/freevc/target/8230-279154-0036_to_5639-40744-0038_target.flac,True,0.292077362537384,2.9995193481445312
1175,our_SB_1,8230/279154/8230-279154-0038.flac,4970/29095/4970-29095-0008.flac,8230-279154-0038,4970-29095-0008,/Users/davidmillard/Downloads/eval/our_SB_1/8230-279154-0038__to__4970-29095-0008.wav,/Users/davidmillard/Downloads/eval/freevc/target/8230-279154-0038_to_4970-29095-0008_target.flac,True,0.2454074919223785,3.3934988975524902
1176,our_SB_1,8230/279154/8230-279154-0040.flac,908/31957/908-31957-0013.flac,8230-279154-0040,908-31957-0013,/Users/davidmillard/Downloads/eval/our_SB_1/8230-279154-0040__to__908-31957-0013.wav,/Users/davidmillard/Downloads/eval/freevc/target/8230-279154-0040_to_908-31957-0013_target.flac,True,0.363320380449295,3.179419994354248
1177,our_SB_1,8230/279154/8230-279154-0042.flac,5683/32866/5683-32866-0025.flac,8230-279154-0042,5683-32866-0025,/Users/davidmillard/Downloads/eval/our_SB_1/8230-279154-0042__to__5683-32866-0025.wav,/Users/davidmillard/Downloads/eval/freevc/target/8230-279154-0042_to_5683-32866-0025_target.flac,True,0.321922093629837,3.435363531112671
1178,our_SB_1,8455/210777/8455-210777-0000.flac,2094/142345/2094-142345-0008.flac,8455-210777-0000,2094-142345-0008,/Users/davidmillard/Downloads/eval/our_SB_1/8455-210777-0000__to__2094-142345-0008.wav,/Users/davidmillard/Downloads/eval/freevc/target/8455-210777-0000_to_2094-142345-0008_target.flac,True,0.4343796372413635,3.4124245643615723
1179,our_SB_1,8455/210777/8455-210777-0002.flac,7176/92135/7176-92135-0010.flac,8455-210777-0002,7176-92135-0010,/Users/davidmillard/Downloads/eval/our_SB_1/8455-210777-0002__to__7176-92135-0010.wav,/Users/davidmillard/Downloads/eval/freevc/target/8455-210777-0002_to_7176-92135-0010_target.flac,True,0.1858280003070831,3.1255552768707275
1180,our_SB_1,8455/210777/8455-210777-0004.flac,8230/279154/8230-279154-0040.flac,8455-210777-0004,8230-279154-0040,/Users/davidmillard/Downloads/eval/our_SB_1/8455-210777-0004__to__8230-279154-0040.wav,/Users/davidmillard/Downloads/eval/freevc/target/8455-210777-0004_to_8230-279154-0040_target.flac,True,0.3738180100917816,3.4310646057128906
1181,our_SB_1,8455/210777/8455-210777-0006.flac,2961/961/2961-961-0016.flac,8455-210777-0006,2961-961-0016,/Users/davidmillard/Downloads/eval/our_SB_1/8455-210777-0006__to__2961-961-0016.wav,/Users/davidmillard/Downloads/eval/freevc/target/8455-210777-0006_to_2961-961-0016_target.flac,True,0.2254904210567474,3.0761911869049072
1182,our_SB_1,8455/210777/8455-210777-0008.flac,5105/28241/5105-28241-0007.flac,8455-210777-0008,5105-28241-0007,/Users/davidmillard/Downloads/eval/our_SB_1/8455-210777-0008__to__5105-28241-0007.wav,/Users/davidmillard/Downloads/eval/freevc/target/8455-210777-0008_to_5105-28241-0007_target.flac,True,0.4857915937900543,3.6939287185668945
1183,our_SB_1,8455/210777/8455-210777-0010.flac,260/123440/260-123440-0003.flac,8455-210777-0010,260-123440-0003,/Users/davidmillard/Downloads/eval/our_SB_1/8455-210777-0010__to__260-123440-0003.wav,/Users/davidmillard/Downloads/eval/freevc/target/8455-210777-0010_to_260-123440-0003_target.flac,True,0.1082149371504783,3.6069295406341553
1184,our_SB_1,8455/210777/8455-210777-0012.flac,1995/1837/1995-1837-0003.flac,8455-210777-0012,1995-1837-0003,/Users/davidmillard/Downloads/eval/our_SB_1/8455-210777-0012__to__1995-1837-0003.wav,/Users/davidmillard/Downloads/eval/freevc/target/8455-210777-0012_to_1995-1837-0003_target.flac,True,0.2878650724887848,2.7712626457214355
1185,our_SB_1,8455/210777/8455-210777-0014.flac,8555/284449/8555-284449-0011.flac,8455-210777-0014,8555-284449-0011,/Users/davidmillard/Downloads/eval/our_SB_1/8455-210777-0014__to__8555-284449-0011.wav,/Users/davidmillard/Downloads/eval/freevc/target/8455-210777-0014_to_8555-284449-0011_target.flac,True,0.2381097972393036,3.2168633937835693
1186,our_SB_1,8455/210777/8455-210777-0016.flac,8224/274384/8224-274384-0000.flac,8455-210777-0016,8224-274384-0000,/Users/davidmillard/Downloads/eval/our_SB_1/8455-210777-0016__to__8224-274384-0000.wav,/Users/davidmillard/Downloads/eval/freevc/target/8455-210777-0016_to_8224-274384-0000_target.flac,True,0.4348061680793762,2.490978956222534
1187,our_SB_1,8455/210777/8455-210777-0018.flac,7729/102255/7729-102255-0006.flac,8455-210777-0018,7729-102255-0006,/Users/davidmillard/Downloads/eval/our_SB_1/8455-210777-0018__to__7729-102255-0006.wav,/Users/davidmillard/Downloads/eval/freevc/target/8455-210777-0018_to_7729-102255-0006_target.flac,True,0.1819388568401336,3.7695388793945312
1188,our_SB_1,8455/210777/8455-210777-0020.flac,2300/131720/2300-131720-0003.flac,8455-210777-0020,2300-131720-0003,/Users/davidmillard/Downloads/eval/our_SB_1/8455-210777-0020__to__2300-131720-0003.wav,/Users/davidmillard/Downloads/eval/freevc/target/8455-210777-0020_to_2300-131720-0003_target.flac,True,0.3508843779563904,3.516547918319702
1189,our_SB_1,8455/210777/8455-210777-0022.flac,4077/13751/4077-13751-0010.flac,8455-210777-0022,4077-13751-0010,/Users/davidmillard/Downloads/eval/our_SB_1/8455-210777-0022__to__4077-13751-0010.wav,/Users/davidmillard/Downloads/eval/freevc/target/8455-210777-0022_to_4077-13751-0010_target.flac,True,0.4164864420890808,3.4398458003997803
1190,our_SB_1,8455/210777/8455-210777-0024.flac,3729/6852/3729-6852-0009.flac,8455-210777-0024,3729-6852-0009,/Users/davidmillard/Downloads/eval/our_SB_1/8455-210777-0024__to__3729-6852-0009.wav,/Users/davidmillard/Downloads/eval/freevc/target/8455-210777-0024_to_3729-6852-0009_target.flac,True,0.5063467025756836,3.307044744491577
1191,our_SB_1,8455/210777/8455-210777-0026.flac,2961/961/2961-961-0011.flac,8455-210777-0026,2961-961-0011,/Users/davidmillard/Downloads/eval/our_SB_1/8455-210777-0026__to__2961-961-0011.wav,/Users/davidmillard/Downloads/eval/freevc/target/8455-210777-0026_to_2961-961-0011_target.flac,True,0.194979727268219,3.540346145629883
1192,our_SB_1,8455/210777/8455-210777-0028.flac,6829/68769/6829-68769-0013.flac,8455-210777-0028,6829-68769-0013,/Users/davidmillard/Downloads/eval/our_SB_1/8455-210777-0028__to__6829-68769-0013.wav,/Users/davidmillard/Downloads/eval/freevc/target/8455-210777-0028_to_6829-68769-0013_target.flac,True,0.1440813988447189,3.2748608589172363
1193,our_SB_1,8455/210777/8455-210777-0030.flac,8230/279154/8230-279154-0024.flac,8455-210777-0030,8230-279154-0024,/Users/davidmillard/Downloads/eval/our_SB_1/8455-210777-0030__to__8230-279154-0024.wav,/Users/davidmillard/Downloads/eval/freevc/target/8455-210777-0030_to_8230-279154-0024_target.flac,True,0.3131122589111328,2.681459903717041
1194,our_SB_1,8455/210777/8455-210777-0032.flac,4446/2275/4446-2275-0026.flac,8455-210777-0032,4446-2275-0026,/Users/davidmillard/Downloads/eval/our_SB_1/8455-210777-0032__to__4446-2275-0026.wav,/Users/davidmillard/Downloads/eval/freevc/target/8455-210777-0032_to_4446-2275-0026_target.flac,True,0.2715585827827453,3.697673797607422
1195,our_SB_1,8455/210777/8455-210777-0034.flac,5639/40744/5639-40744-0026.flac,8455-210777-0034,5639-40744-0026,/Users/davidmillard/Downloads/eval/our_SB_1/8455-210777-0034__to__5639-40744-0026.wav,/Users/davidmillard/Downloads/eval/freevc/target/8455-210777-0034_to_5639-40744-0026_target.flac,True,0.2914009690284729,3.3364925384521484
1196,our_SB_1,8455/210777/8455-210777-0036.flac,8230/279154/8230-279154-0003.flac,8455-210777-0036,8230-279154-0003,/Users/davidmillard/Downloads/eval/our_SB_1/8455-210777-0036__to__8230-279154-0003.wav,/Users/davidmillard/Downloads/eval/freevc/target/8455-210777-0036_to_8230-279154-0003_target.flac,True,0.4067856669425964,3.024138927459717
1197,our_SB_1,8455/210777/8455-210777-0038.flac,2830/3980/2830-3980-0066.flac,8455-210777-0038,2830-3980-0066,/Users/davidmillard/Downloads/eval/our_SB_1/8455-210777-0038__to__2830-3980-0066.wav,/Users/davidmillard/Downloads/eval/freevc/target/8455-210777-0038_to_2830-3980-0066_target.flac,True,0.3453973531723022,3.672518730163574
1198,our_SB_1,8455/210777/8455-210777-0040.flac,5142/36586/5142-36586-0001.flac,8455-210777-0040,5142-36586-0001,/Users/davidmillard/Downloads/eval/our_SB_1/8455-210777-0040__to__5142-36586-0001.wav,/Users/davidmillard/Downloads/eval/freevc/target/8455-210777-0040_to_5142-36586-0001_target.flac,True,0.1989247947931289,3.0091392993927
1199,our_SB_1,8455/210777/8455-210777-0042.flac,908/157963/908-157963-0012.flac,8455-210777-0042,908-157963-0012,/Users/davidmillard/Downloads/eval/our_SB_1/8455-210777-0042__to__908-157963-0012.wav,/Users/davidmillard/Downloads/eval/freevc/target/8455-210777-0042_to_908-157963-0012_target.flac,True,0.1264666467905044,2.9229729175567627
1200,our_SB_1,8455/210777/8455-210777-0044.flac,6829/68769/6829-68769-0022.flac,8455-210777-0044,6829-68769-0022,/Users/davidmillard/Downloads/eval/our_SB_1/8455-210777-0044__to__6829-68769-0022.wav,/Users/davidmillard/Downloads/eval/freevc/target/8455-210777-0044_to_6829-68769-0022_target.flac,True,0.3475471138954162,3.637848138809204
1201,our_SB_1,8455/210777/8455-210777-0046.flac,260/123440/260-123440-0004.flac,8455-210777-0046,260-123440-0004,/Users/davidmillard/Downloads/eval/our_SB_1/8455-210777-0046__to__260-123440-0004.wav,/Users/davidmillard/Downloads/eval/freevc/target/8455-210777-0046_to_260-123440-0004_target.flac,True,0.2875202596187591,2.8160240650177
1202,our_SB_1,8455/210777/8455-210777-0048.flac,121/127105/121-127105-0002.flac,8455-210777-0048,121-127105-0002,/Users/davidmillard/Downloads/eval/our_SB_1/8455-210777-0048__to__121-127105-0002.wav,/Users/davidmillard/Downloads/eval/freevc/target/8455-210777-0048_to_121-127105-0002_target.flac,True,0.2147850096225738,2.5399792194366455
1203,our_SB_1,8455/210777/8455-210777-0050.flac,3729/6852/3729-6852-0008.flac,8455-210777-0050,3729-6852-0008,/Users/davidmillard/Downloads/eval/our_SB_1/8455-210777-0050__to__3729-6852-0008.wav,/Users/davidmillard/Downloads/eval/freevc/target/8455-210777-0050_to_3729-6852-0008_target.flac,True,0.3817574083805084,3.615703582763672
1204,our_SB_1,8455/210777/8455-210777-0052.flac,3729/6852/3729-6852-0000.flac,8455-210777-0052,3729-6852-0000,/Users/davidmillard/Downloads/eval/our_SB_1/8455-210777-0052__to__3729-6852-0000.wav,/Users/davidmillard/Downloads/eval/freevc/target/8455-210777-0052_to_3729-6852-0000_target.flac,True,0.2804053425788879,3.280470848083496
1205,our_SB_1,8455/210777/8455-210777-0054.flac,2300/131720/2300-131720-0002.flac,8455-210777-0054,2300-131720-0002,/Users/davidmillard/Downloads/eval/our_SB_1/8455-210777-0054__to__2300-131720-0002.wav,/Users/davidmillard/Downloads/eval/freevc/target/8455-210777-0054_to_2300-131720-0002_target.flac,True,0.3027590215206146,3.5080761909484863
1206,our_SB_1,8455/210777/8455-210777-0056.flac,908/157963/908-157963-0003.flac,8455-210777-0056,908-157963-0003,/Users/davidmillard/Downloads/eval/our_SB_1/8455-210777-0056__to__908-157963-0003.wav,/Users/davidmillard/Downloads/eval/freevc/target/8455-210777-0056_to_908-157963-0003_target.flac,True,0.0807150229811668,3.0803041458129883
1207,our_SB_1,8455/210777/8455-210777-0058.flac,8463/294828/8463-294828-0035.flac,8455-210777-0058,8463-294828-0035,/Users/davidmillard/Downloads/eval/our_SB_1/8455-210777-0058__to__8463-294828-0035.wav,/Users/davidmillard/Downloads/eval/freevc/target/8455-210777-0058_to_8463-294828-0035_target.flac,True,0.3479469418525696,3.411043643951416
1208,our_SB_1,8455/210777/8455-210777-0060.flac,4970/29095/4970-29095-0009.flac,8455-210777-0060,4970-29095-0009,/Users/davidmillard/Downloads/eval/our_SB_1/8455-210777-0060__to__4970-29095-0009.wav,/Users/davidmillard/Downloads/eval/freevc/target/8455-210777-0060_to_4970-29095-0009_target.flac,True,0.0687898993492126,3.2926900386810303
1209,our_SB_1,8455/210777/8455-210777-0062.flac,7729/102255/7729-102255-0004.flac,8455-210777-0062,7729-102255-0004,/Users/davidmillard/Downloads/eval/our_SB_1/8455-210777-0062__to__7729-102255-0004.wav,/Users/davidmillard/Downloads/eval/freevc/target/8455-210777-0062_to_7729-102255-0004_target.flac,True,0.2057829052209854,3.6794967651367188
1210,our_SB_1,8455/210777/8455-210777-0064.flac,61/70970/61-70970-0006.flac,8455-210777-0064,61-70970-0006,/Users/davidmillard/Downloads/eval/our_SB_1/8455-210777-0064__to__61-70970-0006.wav,/Users/davidmillard/Downloads/eval/freevc/target/8455-210777-0064_to_61-70970-0006_target.flac,True,0.3627775907516479,3.090815782546997
1211,our_SB_1,8455/210777/8455-210777-0066.flac,1320/122617/1320-122617-0005.flac,8455-210777-0066,1320-122617-0005,/Users/davidmillard/Downloads/eval/our_SB_1/8455-210777-0066__to__1320-122617-0005.wav,/Users/davidmillard/Downloads/eval/freevc/target/8455-210777-0066_to_1320-122617-0005_target.flac,True,0.3230585157871246,2.8703298568725586
1212,our_SB_1,8455/210777/8455-210777-0068.flac,4992/41797/4992-41797-0000.flac,8455-210777-0068,4992-41797-0000,/Users/davidmillard/Downloads/eval/our_SB_1/8455-210777-0068__to__4992-41797-0000.wav,/Users/davidmillard/Downloads/eval/freevc/target/8455-210777-0068_to_4992-41797-0000_target.flac,True,0.3847183585166931,3.9125149250030518
1213,our_SB_1,8455/210777/8455-210777-0070.flac,2961/961/2961-961-0016.flac,8455-210777-0070,2961-961-0016,/Users/davidmillard/Downloads/eval/our_SB_1/8455-210777-0070__to__2961-961-0016.wav,/Users/davidmillard/Downloads/eval/freevc/target/8455-210777-0070_to_2961-961-0016_target.flac,True,0.2447069883346557,3.2164061069488525
1214,our_SB_1,8463/287645/8463-287645-0001.flac,8230/279154/8230-279154-0041.flac,8463-287645-0001,8230-279154-0041,/Users/davidmillard/Downloads/eval/our_SB_1/8463-287645-0001__to__8230-279154-0041.wav,/Users/davidmillard/Downloads/eval/freevc/target/8463-287645-0001_to_8230-279154-0041_target.flac,True,0.3731159567832947,3.10174560546875
1215,our_SB_1,8463/287645/8463-287645-0003.flac,5105/28240/5105-28240-0017.flac,8463-287645-0003,5105-28240-0017,/Users/davidmillard/Downloads/eval/our_SB_1/8463-287645-0003__to__5105-28240-0017.wav,/Users/davidmillard/Downloads/eval/freevc/target/8463-287645-0003_to_5105-28240-0017_target.flac,True,0.2426498830318451,2.997314929962158
1216,our_SB_1,8463/287645/8463-287645-0005.flac,3575/170457/3575-170457-0002.flac,8463-287645-0005,3575-170457-0002,/Users/davidmillard/Downloads/eval/our_SB_1/8463-287645-0005__to__3575-170457-0002.wav,/Users/davidmillard/Downloads/eval/freevc/target/8463-287645-0005_to_3575-170457-0002_target.flac,True,0.3264204561710357,2.7681102752685547
1217,our_SB_1,8463/287645/8463-287645-0007.flac,1995/1837/1995-1837-0007.flac,8463-287645-0007,1995-1837-0007,/Users/davidmillard/Downloads/eval/our_SB_1/8463-287645-0007__to__1995-1837-0007.wav,/Users/davidmillard/Downloads/eval/freevc/target/8463-287645-0007_to_1995-1837-0007_target.flac,True,0.3541846573352813,3.385500907897949
1218,our_SB_1,8463/287645/8463-287645-0009.flac,4446/2271/4446-2271-0003.flac,8463-287645-0009,4446-2271-0003,/Users/davidmillard/Downloads/eval/our_SB_1/8463-287645-0009__to__4446-2271-0003.wav,/Users/davidmillard/Downloads/eval/freevc/target/8463-287645-0009_to_4446-2271-0003_target.flac,True,0.1869799345731735,2.5123510360717773
1219,our_SB_1,8463/287645/8463-287645-0011.flac,7176/92135/7176-92135-0037.flac,8463-287645-0011,7176-92135-0037,/Users/davidmillard/Downloads/eval/our_SB_1/8463-287645-0011__to__7176-92135-0037.wav,/Users/davidmillard/Downloads/eval/freevc/target/8463-287645-0011_to_7176-92135-0037_target.flac,True,0.3872008621692657,3.0819835662841797
1220,our_SB_1,8463/287645/8463-287645-0013.flac,121/123852/121-123852-0003.flac,8463-287645-0013,121-123852-0003,/Users/davidmillard/Downloads/eval/our_SB_1/8463-287645-0013__to__121-123852-0003.wav,/Users/davidmillard/Downloads/eval/freevc/target/8463-287645-0013_to_121-123852-0003_target.flac,True,0.2772918045520782,3.1690495014190674
1221,our_SB_1,8463/294825/8463-294825-0000.flac,7176/88083/7176-88083-0010.flac,8463-294825-0000,7176-88083-0010,/Users/davidmillard/Downloads/eval/our_SB_1/8463-294825-0000__to__7176-88083-0010.wav,/Users/davidmillard/Downloads/eval/freevc/target/8463-294825-0000_to_7176-88083-0010_target.flac,True,0.3369916677474975,3.135622978210449
1222,our_SB_1,8463/294825/8463-294825-0002.flac,8224/274381/8224-274381-0000.flac,8463-294825-0002,8224-274381-0000,/Users/davidmillard/Downloads/eval/our_SB_1/8463-294825-0002__to__8224-274381-0000.wav,/Users/davidmillard/Downloads/eval/freevc/target/8463-294825-0002_to_8224-274381-0000_target.flac,True,0.3815917670726776,2.584937572479248
1223,our_SB_1,8463/294825/8463-294825-0004.flac,2961/961/2961-961-0020.flac,8463-294825-0004,2961-961-0020,/Users/davidmillard/Downloads/eval/our_SB_1/8463-294825-0004__to__2961-961-0020.wav,/Users/davidmillard/Downloads/eval/freevc/target/8463-294825-0004_to_2961-961-0020_target.flac,True,0.1643048822879791,3.2772717475891113
1224,our_SB_1,8463/294825/8463-294825-0006.flac,2961/961/2961-961-0011.flac,8463-294825-0006,2961-961-0011,/Users/davidmillard/Downloads/eval/our_SB_1/8463-294825-0006__to__2961-961-0011.wav,/Users/davidmillard/Downloads/eval/freevc/target/8463-294825-0006_to_2961-961-0011_target.flac,True,0.1728897839784622,3.128742218017578
1225,our_SB_1,8463/294825/8463-294825-0008.flac,2300/131720/2300-131720-0001.flac,8463-294825-0008,2300-131720-0001,/Users/davidmillard/Downloads/eval/our_SB_1/8463-294825-0008__to__2300-131720-0001.wav,/Users/davidmillard/Downloads/eval/freevc/target/8463-294825-0008_to_2300-131720-0001_target.flac,True,0.3316895365715027,2.4156997203826904
1226,our_SB_1,8463/294825/8463-294825-0010.flac,121/121726/121-121726-0005.flac,8463-294825-0010,121-121726-0005,/Users/davidmillard/Downloads/eval/our_SB_1/8463-294825-0010__to__121-121726-0005.wav,/Users/davidmillard/Downloads/eval/freevc/target/8463-294825-0010_to_121-121726-0005_target.flac,True,0.1299763023853302,3.1359434127807617
1227,our_SB_1,8463/294825/8463-294825-0012.flac,260/123288/260-123288-0000.flac,8463-294825-0012,260-123288-0000,/Users/davidmillard/Downloads/eval/our_SB_1/8463-294825-0012__to__260-123288-0000.wav,/Users/davidmillard/Downloads/eval/freevc/target/8463-294825-0012_to_260-123288-0000_target.flac,True,0.2968155145645141,2.6799890995025635
1228,our_SB_1,8463/294825/8463-294825-0014.flac,8455/210777/8455-210777-0029.flac,8463-294825-0014,8455-210777-0029,/Users/davidmillard/Downloads/eval/our_SB_1/8463-294825-0014__to__8455-210777-0029.wav,/Users/davidmillard/Downloads/eval/freevc/target/8463-294825-0014_to_8455-210777-0029_target.flac,True,0.2861347198486328,3.213970899581909
1229,our_SB_1,8463/294825/8463-294825-0016.flac,5639/40744/5639-40744-0028.flac,8463-294825-0016,5639-40744-0028,/Users/davidmillard/Downloads/eval/our_SB_1/8463-294825-0016__to__5639-40744-0028.wav,/Users/davidmillard/Downloads/eval/freevc/target/8463-294825-0016_to_5639-40744-0028_target.flac,True,0.1557900607585907,2.4626693725585938
1230,our_SB_1,8463/294825/8463-294825-0018.flac,4970/29093/4970-29093-0001.flac,8463-294825-0018,4970-29093-0001,/Users/davidmillard/Downloads/eval/our_SB_1/8463-294825-0018__to__4970-29093-0001.wav,/Users/davidmillard/Downloads/eval/freevc/target/8463-294825-0018_to_4970-29093-0001_target.flac,True,0.1879741847515106,3.4893672466278076
1231,our_SB_1,8463/294828/8463-294828-0000.flac,8224/274381/8224-274381-0000.flac,8463-294828-0000,8224-274381-0000,/Users/davidmillard/Downloads/eval/our_SB_1/8463-294828-0000__to__8224-274381-0000.wav,/Users/davidmillard/Downloads/eval/freevc/target/8463-294828-0000_to_8224-274381-0000_target.flac,True,0.2626384496688843,2.5002424716949463
1232,our_SB_1,8463/294828/8463-294828-0002.flac,8555/284447/8555-284447-0002.flac,8463-294828-0002,8555-284447-0002,/Users/davidmillard/Downloads/eval/our_SB_1/8463-294828-0002__to__8555-284447-0002.wav,/Users/davidmillard/Downloads/eval/freevc/target/8463-294828-0002_to_8555-284447-0002_target.flac,True,0.1716487109661102,3.0127408504486084
1233,our_SB_1,8463/294828/8463-294828-0004.flac,7176/88083/7176-88083-0013.flac,8463-294828-0004,7176-88083-0013,/Users/davidmillard/Downloads/eval/our_SB_1/8463-294828-0004__to__7176-88083-0013.wav,/Users/davidmillard/Downloads/eval/freevc/target/8463-294828-0004_to_7176-88083-0013_target.flac,True,0.2860084176063537,3.59389591217041
1234,our_SB_1,8463/294828/8463-294828-0006.flac,4507/16021/4507-16021-0038.flac,8463-294828-0006,4507-16021-0038,/Users/davidmillard/Downloads/eval/our_SB_1/8463-294828-0006__to__4507-16021-0038.wav,/Users/davidmillard/Downloads/eval/freevc/target/8463-294828-0006_to_4507-16021-0038_target.flac,True,0.412145733833313,3.710310220718384
1235,our_SB_1,8463/294828/8463-294828-0008.flac,6829/68769/6829-68769-0048.flac,8463-294828-0008,6829-68769-0048,/Users/davidmillard/Downloads/eval/our_SB_1/8463-294828-0008__to__6829-68769-0048.wav,/Users/davidmillard/Downloads/eval/freevc/target/8463-294828-0008_to_6829-68769-0048_target.flac,True,0.26350998878479,3.0629758834838867
1236,our_SB_1,8463/294828/8463-294828-0010.flac,7021/79740/7021-79740-0000.flac,8463-294828-0010,7021-79740-0000,/Users/davidmillard/Downloads/eval/our_SB_1/8463-294828-0010__to__7021-79740-0000.wav,/Users/davidmillard/Downloads/eval/freevc/target/8463-294828-0010_to_7021-79740-0000_target.flac,True,0.3271450698375702,3.0290985107421875
1237,our_SB_1,8463/294828/8463-294828-0012.flac,2094/142345/2094-142345-0047.flac,8463-294828-0012,2094-142345-0047,/Users/davidmillard/Downloads/eval/our_SB_1/8463-294828-0012__to__2094-142345-0047.wav,/Users/davidmillard/Downloads/eval/freevc/target/8463-294828-0012_to_2094-142345-0047_target.flac,True,0.2959420382976532,3.212297201156616
1238,our_SB_1,8463/294828/8463-294828-0014.flac,4446/2275/4446-2275-0019.flac,8463-294828-0014,4446-2275-0019,/Users/davidmillard/Downloads/eval/our_SB_1/8463-294828-0014__to__4446-2275-0019.wav,/Users/davidmillard/Downloads/eval/freevc/target/8463-294828-0014_to_4446-2275-0019_target.flac,True,0.1850758790969848,3.736037492752075
1239,our_SB_1,8463/294828/8463-294828-0016.flac,5142/33396/5142-33396-0001.flac,8463-294828-0016,5142-33396-0001,/Users/davidmillard/Downloads/eval/our_SB_1/8463-294828-0016__to__5142-33396-0001.wav,/Users/davidmillard/Downloads/eval/freevc/target/8463-294828-0016_to_5142-33396-0001_target.flac,True,0.1888861656188964,2.6697452068328857
1240,our_SB_1,8463/294828/8463-294828-0018.flac,2300/131720/2300-131720-0007.flac,8463-294828-0018,2300-131720-0007,/Users/davidmillard/Downloads/eval/our_SB_1/8463-294828-0018__to__2300-131720-0007.wav,/Users/davidmillard/Downloads/eval/freevc/target/8463-294828-0018_to_2300-131720-0007_target.flac,True,0.1820226907730102,3.077033042907715
1241,our_SB_1,8463/294828/8463-294828-0020.flac,8455/210777/8455-210777-0050.flac,8463-294828-0020,8455-210777-0050,/Users/davidmillard/Downloads/eval/our_SB_1/8463-294828-0020__to__8455-210777-0050.wav,/Users/davidmillard/Downloads/eval/freevc/target/8463-294828-0020_to_8455-210777-0050_target.flac,True,0.1253133565187454,2.9463794231414795
1242,our_SB_1,8463/294828/8463-294828-0022.flac,4507/16021/4507-16021-0013.flac,8463-294828-0022,4507-16021-0013,/Users/davidmillard/Downloads/eval/our_SB_1/8463-294828-0022__to__4507-16021-0013.wav,/Users/davidmillard/Downloads/eval/freevc/target/8463-294828-0022_to_4507-16021-0013_target.flac,True,0.3494227826595306,3.3287158012390137
1243,our_SB_1,8463/294828/8463-294828-0024.flac,61/70970/61-70970-0019.flac,8463-294828-0024,61-70970-0019,/Users/davidmillard/Downloads/eval/our_SB_1/8463-294828-0024__to__61-70970-0019.wav,/Users/davidmillard/Downloads/eval/freevc/target/8463-294828-0024_to_61-70970-0019_target.flac,True,0.2371262609958648,2.517777919769287
1244,our_SB_1,8463/294828/8463-294828-0026.flac,237/126133/237-126133-0023.flac,8463-294828-0026,237-126133-0023,/Users/davidmillard/Downloads/eval/our_SB_1/8463-294828-0026__to__237-126133-0023.wav,/Users/davidmillard/Downloads/eval/freevc/target/8463-294828-0026_to_237-126133-0023_target.flac,True,0.3308019042015075,2.4584240913391113
1245,our_SB_1,8463/294828/8463-294828-0028.flac,3729/6852/3729-6852-0012.flac,8463-294828-0028,3729-6852-0012,/Users/davidmillard/Downloads/eval/our_SB_1/8463-294828-0028__to__3729-6852-0012.wav,/Users/davidmillard/Downloads/eval/freevc/target/8463-294828-0028_to_3729-6852-0012_target.flac,True,0.3039498925209045,3.6896555423736572
1246,our_SB_1,8463/294828/8463-294828-0030.flac,8455/210777/8455-210777-0006.flac,8463-294828-0030,8455-210777-0006,/Users/davidmillard/Downloads/eval/our_SB_1/8463-294828-0030__to__8455-210777-0006.wav,/Users/davidmillard/Downloads/eval/freevc/target/8463-294828-0030_to_8455-210777-0006_target.flac,True,0.2346628904342651,2.4527177810668945
1247,our_SB_1,8463/294828/8463-294828-0032.flac,8230/279154/8230-279154-0004.flac,8463-294828-0032,8230-279154-0004,/Users/davidmillard/Downloads/eval/our_SB_1/8463-294828-0032__to__8230-279154-0004.wav,/Users/davidmillard/Downloads/eval/freevc/target/8463-294828-0032_to_8230-279154-0004_target.flac,True,0.4374830424785614,2.992476463317871
1248,our_SB_1,8463/294828/8463-294828-0034.flac,1284/1180/1284-1180-0016.flac,8463-294828-0034,1284-1180-0016,/Users/davidmillard/Downloads/eval/our_SB_1/8463-294828-0034__to__1284-1180-0016.wav,/Users/davidmillard/Downloads/eval/freevc/target/8463-294828-0034_to_1284-1180-0016_target.flac,True,0.1331265717744827,2.877072811126709
1249,our_SB_1,8463/294828/8463-294828-0036.flac,8555/284449/8555-284449-0006.flac,8463-294828-0036,8555-284449-0006,/Users/davidmillard/Downloads/eval/our_SB_1/8463-294828-0036__to__8555-284449-0006.wav,/Users/davidmillard/Downloads/eval/freevc/target/8463-294828-0036_to_8555-284449-0006_target.flac,True,0.4021390378475189,3.2081565856933594
1250,our_SB_1,8463/294828/8463-294828-0038.flac,2094/142345/2094-142345-0042.flac,8463-294828-0038,2094-142345-0042,/Users/davidmillard/Downloads/eval/our_SB_1/8463-294828-0038__to__2094-142345-0042.wav,/Users/davidmillard/Downloads/eval/freevc/target/8463-294828-0038_to_2094-142345-0042_target.flac,True,0.1569168716669082,2.9503965377807617
1251,our_SB_1,8555/284447/8555-284447-0001.flac,4446/2275/4446-2275-0017.flac,8555-284447-0001,4446-2275-0017,/Users/davidmillard/Downloads/eval/our_SB_1/8555-284447-0001__to__4446-2275-0017.wav,/Users/davidmillard/Downloads/eval/freevc/target/8555-284447-0001_to_4446-2275-0017_target.flac,True,0.2847172021865845,3.7197916507720947
1252,our_SB_1,8555/284447/8555-284447-0003.flac,2830/3980/2830-3980-0027.flac,8555-284447-0003,2830-3980-0027,/Users/davidmillard/Downloads/eval/our_SB_1/8555-284447-0003__to__2830-3980-0027.wav,/Users/davidmillard/Downloads/eval/freevc/target/8555-284447-0003_to_2830-3980-0027_target.flac,True,0.3897712230682373,3.18397855758667
1253,our_SB_1,8555/284447/8555-284447-0005.flac,4992/41797/4992-41797-0018.flac,8555-284447-0005,4992-41797-0018,/Users/davidmillard/Downloads/eval/our_SB_1/8555-284447-0005__to__4992-41797-0018.wav,/Users/davidmillard/Downloads/eval/freevc/target/8555-284447-0005_to_4992-41797-0018_target.flac,True,0.5960907340049744,2.9610865116119385
1254,our_SB_1,8555/284447/8555-284447-0007.flac,8463/294825/8463-294825-0004.flac,8555-284447-0007,8463-294825-0004,/Users/davidmillard/Downloads/eval/our_SB_1/8555-284447-0007__to__8463-294825-0004.wav,/Users/davidmillard/Downloads/eval/freevc/target/8555-284447-0007_to_8463-294825-0004_target.flac,True,0.2796758115291595,3.6360955238342285
1255,our_SB_1,8555/284447/8555-284447-0009.flac,4970/29095/4970-29095-0037.flac,8555-284447-0009,4970-29095-0037,/Users/davidmillard/Downloads/eval/our_SB_1/8555-284447-0009__to__4970-29095-0037.wav,/Users/davidmillard/Downloads/eval/freevc/target/8555-284447-0009_to_4970-29095-0037_target.flac,True,0.3391144573688507,2.6093039512634277
1256,our_SB_1,8555/284447/8555-284447-0011.flac,1089/134691/1089-134691-0002.flac,8555-284447-0011,1089-134691-0002,/Users/davidmillard/Downloads/eval/our_SB_1/8555-284447-0011__to__1089-134691-0002.wav,/Users/davidmillard/Downloads/eval/freevc/target/8555-284447-0011_to_1089-134691-0002_target.flac,True,0.2717829346656799,3.1702799797058105
1257,our_SB_1,8555/284447/8555-284447-0013.flac,3570/5696/3570-5696-0006.flac,8555-284447-0013,3570-5696-0006,/Users/davidmillard/Downloads/eval/our_SB_1/8555-284447-0013__to__3570-5696-0006.wav,/Users/davidmillard/Downloads/eval/freevc/target/8555-284447-0013_to_3570-5696-0006_target.flac,True,0.4546349644660949,2.87652587890625
1258,our_SB_1,8555/284447/8555-284447-0015.flac,5142/33396/5142-33396-0017.flac,8555-284447-0015,5142-33396-0017,/Users/davidmillard/Downloads/eval/our_SB_1/8555-284447-0015__to__5142-33396-0017.wav,/Users/davidmillard/Downloads/eval/freevc/target/8555-284447-0015_to_5142-33396-0017_target.flac,True,0.2962464094161987,3.1927080154418945
1259,our_SB_1,8555/284447/8555-284447-0017.flac,7021/79759/7021-79759-0004.flac,8555-284447-0017,7021-79759-0004,/Users/davidmillard/Downloads/eval/our_SB_1/8555-284447-0017__to__7021-79759-0004.wav,/Users/davidmillard/Downloads/eval/freevc/target/8555-284447-0017_to_7021-79759-0004_target.flac,True,0.3362921476364136,2.783291816711426
1260,our_SB_1,8555/284447/8555-284447-0019.flac,4507/16021/4507-16021-0031.flac,8555-284447-0019,4507-16021-0031,/Users/davidmillard/Downloads/eval/our_SB_1/8555-284447-0019__to__4507-16021-0031.wav,/Users/davidmillard/Downloads/eval/freevc/target/8555-284447-0019_to_4507-16021-0031_target.flac,True,0.4472323954105377,3.2616891860961914
1261,our_SB_1,8555/284447/8555-284447-0021.flac,260/123440/260-123440-0016.flac,8555-284447-0021,260-123440-0016,/Users/davidmillard/Downloads/eval/our_SB_1/8555-284447-0021__to__260-123440-0016.wav,/Users/davidmillard/Downloads/eval/freevc/target/8555-284447-0021_to_260-123440-0016_target.flac,True,0.5627378225326538,2.6976730823516846
1262,our_SB_1,8555/284447/8555-284447-0023.flac,4077/13751/4077-13751-0008.flac,8555-284447-0023,4077-13751-0008,/Users/davidmillard/Downloads/eval/our_SB_1/8555-284447-0023__to__4077-13751-0008.wav,/Users/davidmillard/Downloads/eval/freevc/target/8555-284447-0023_to_4077-13751-0008_target.flac,True,0.3452809453010559,3.002676010131836
1263,our_SB_1,8555/284449/8555-284449-0000.flac,3729/6852/3729-6852-0046.flac,8555-284449-0000,3729-6852-0046,/Users/davidmillard/Downloads/eval/our_SB_1/8555-284449-0000__to__3729-6852-0046.wav,/Users/davidmillard/Downloads/eval/freevc/target/8555-284449-0000_to_3729-6852-0046_target.flac,True,0.4707961976528168,3.3558831214904785
1264,our_SB_1,8555/284449/8555-284449-0002.flac,1284/134647/1284-134647-0002.flac,8555-284449-0002,1284-134647-0002,/Users/davidmillard/Downloads/eval/our_SB_1/8555-284449-0002__to__1284-134647-0002.wav,/Users/davidmillard/Downloads/eval/freevc/target/8555-284449-0002_to_1284-134647-0002_target.flac,True,0.5764850378036499,3.3193554878234863
1265,our_SB_1,8555/284449/8555-284449-0004.flac,1188/133604/1188-133604-0037.flac,8555-284449-0004,1188-133604-0037,/Users/davidmillard/Downloads/eval/our_SB_1/8555-284449-0004__to__1188-133604-0037.wav,/Users/davidmillard/Downloads/eval/freevc/target/8555-284449-0004_to_1188-133604-0037_target.flac,True,0.5415563583374023,3.1219265460968018
1266,our_SB_1,8555/284449/8555-284449-0006.flac,8463/294825/8463-294825-0012.flac,8555-284449-0006,8463-294825-0012,/Users/davidmillard/Downloads/eval/our_SB_1/8555-284449-0006__to__8463-294825-0012.wav,/Users/davidmillard/Downloads/eval/freevc/target/8555-284449-0006_to_8463-294825-0012_target.flac,True,0.3098911941051483,2.534768581390381
1267,our_SB_1,8555/284449/8555-284449-0008.flac,3729/6852/3729-6852-0034.flac,8555-284449-0008,3729-6852-0034,/Users/davidmillard/Downloads/eval/our_SB_1/8555-284449-0008__to__3729-6852-0034.wav,/Users/davidmillard/Downloads/eval/freevc/target/8555-284449-0008_to_3729-6852-0034_target.flac,True,0.3164552748203277,3.186954975128174
1268,our_SB_1,8555/284449/8555-284449-0010.flac,2300/131720/2300-131720-0023.flac,8555-284449-0010,2300-131720-0023,/Users/davidmillard/Downloads/eval/our_SB_1/8555-284449-0010__to__2300-131720-0023.wav,/Users/davidmillard/Downloads/eval/freevc/target/8555-284449-0010_to_2300-131720-0023_target.flac,True,0.1619584709405899,2.6332931518554688
1269,our_SB_1,8555/284449/8555-284449-0012.flac,8463/294828/8463-294828-0002.flac,8555-284449-0012,8463-294828-0002,/Users/davidmillard/Downloads/eval/our_SB_1/8555-284449-0012__to__8463-294828-0002.wav,/Users/davidmillard/Downloads/eval/freevc/target/8555-284449-0012_to_8463-294828-0002_target.flac,True,0.408144861459732,2.3774070739746094
1270,our_SB_1,8555/284449/8555-284449-0014.flac,7176/92135/7176-92135-0037.flac,8555-284449-0014,7176-92135-0037,/Users/davidmillard/Downloads/eval/our_SB_1/8555-284449-0014__to__7176-92135-0037.wav,/Users/davidmillard/Downloads/eval/freevc/target/8555-284449-0014_to_7176-92135-0037_target.flac,True,0.3280649483203888,2.6686179637908936
1271,our_SB_1,8555/284449/8555-284449-0016.flac,5142/33396/5142-33396-0064.flac,8555-284449-0016,5142-33396-0064,/Users/davidmillard/Downloads/eval/our_SB_1/8555-284449-0016__to__5142-33396-0064.wav,/Users/davidmillard/Downloads/eval/freevc/target/8555-284449-0016_to_5142-33396-0064_target.flac,True,0.2301425188779831,3.3900089263916016
1272,our_SB_1,8555/284449/8555-284449-0018.flac,237/134500/237-134500-0020.flac,8555-284449-0018,237-134500-0020,/Users/davidmillard/Downloads/eval/our_SB_1/8555-284449-0018__to__237-134500-0020.wav,/Users/davidmillard/Downloads/eval/freevc/target/8555-284449-0018_to_237-134500-0020_target.flac,True,0.1111367270350456,2.8455045223236084
1273,our_SB_1,8555/284449/8555-284449-0020.flac,237/126133/237-126133-0022.flac,8555-284449-0020,237-126133-0022,/Users/davidmillard/Downloads/eval/our_SB_1/8555-284449-0020__to__237-126133-0022.wav,/Users/davidmillard/Downloads/eval/freevc/target/8555-284449-0020_to_237-126133-0022_target.flac,True,0.2456669360399246,2.7769505977630615
1274,our_SB_1,8555/292519/8555-292519-0001.flac,7021/79740/7021-79740-0012.flac,8555-292519-0001,7021-79740-0012,/Users/davidmillard/Downloads/eval/our_SB_1/8555-292519-0001__to__7021-79740-0012.wav,/Users/davidmillard/Downloads/eval/freevc/target/8555-292519-0001_to_7021-79740-0012_target.flac,True,0.2856178283691406,2.9015555381774902
1275,our_SB_1,8555/292519/8555-292519-0003.flac,7127/75946/7127-75946-0029.flac,8555-292519-0003,7127-75946-0029,/Users/davidmillard/Downloads/eval/our_SB_1/8555-292519-0003__to__7127-75946-0029.wav,/Users/davidmillard/Downloads/eval/freevc/target/8555-292519-0003_to_7127-75946-0029_target.flac,True,0.2966983914375305,2.7534027099609375
1276,our_SB_1,8555/292519/8555-292519-0005.flac,5142/33396/5142-33396-0029.flac,8555-292519-0005,5142-33396-0029,/Users/davidmillard/Downloads/eval/our_SB_1/8555-292519-0005__to__5142-33396-0029.wav,/Users/davidmillard/Downloads/eval/freevc/target/8555-292519-0005_to_5142-33396-0029_target.flac,True,0.2424355447292328,2.8138933181762695
1277,our_SB_1,8555/292519/8555-292519-0007.flac,2961/961/2961-961-0010.flac,8555-292519-0007,2961-961-0010,/Users/davidmillard/Downloads/eval/our_SB_1/8555-292519-0007__to__2961-961-0010.wav,/Users/davidmillard/Downloads/eval/freevc/target/8555-292519-0007_to_2961-961-0010_target.flac,True,0.2992387413978576,3.1016130447387695
1278,our_SB_1,8555/292519/8555-292519-0009.flac,7021/85628/7021-85628-0027.flac,8555-292519-0009,7021-85628-0027,/Users/davidmillard/Downloads/eval/our_SB_1/8555-292519-0009__to__7021-85628-0027.wav,/Users/davidmillard/Downloads/eval/freevc/target/8555-292519-0009_to_7021-85628-0027_target.flac,True,0.3224591016769409,2.6726205348968506
1279,our_SB_1,8555/292519/8555-292519-0011.flac,121/127105/121-127105-0016.flac,8555-292519-0011,121-127105-0016,/Users/davidmillard/Downloads/eval/our_SB_1/8555-292519-0011__to__121-127105-0016.wav,/Users/davidmillard/Downloads/eval/freevc/target/8555-292519-0011_to_121-127105-0016_target.flac,True,0.2254426926374435,3.120098114013672
1280,our_SB_1,8555/292519/8555-292519-0013.flac,7729/102255/7729-102255-0040.flac,8555-292519-0013,7729-102255-0040,/Users/davidmillard/Downloads/eval/our_SB_1/8555-292519-0013__to__7729-102255-0040.wav,/Users/davidmillard/Downloads/eval/freevc/target/8555-292519-0013_to_7729-102255-0040_target.flac,True,0.2119799703359604,2.9324941635131836
1281,our_SB_1,8555/292519/8555-292519-0015.flac,8463/294828/8463-294828-0034.flac,8555-292519-0015,8463-294828-0034,/Users/davidmillard/Downloads/eval/our_SB_1/8555-292519-0015__to__8463-294828-0034.wav,/Users/davidmillard/Downloads/eval/freevc/target/8555-292519-0015_to_8463-294828-0034_target.flac,True,0.1475724130868911,3.2860865592956543
1282,our_SB_1,908/157963/908-157963-0001.flac,5639/40744/5639-40744-0041.flac,908-157963-0001,5639-40744-0041,/Users/davidmillard/Downloads/eval/our_SB_1/908-157963-0001__to__5639-40744-0041.wav,/Users/davidmillard/Downloads/eval/freevc/target/908-157963-0001_to_5639-40744-0041_target.flac,True,0.2241216599941253,3.287318706512451
1283,our_SB_1,908/157963/908-157963-0003.flac,8463/287645/8463-287645-0009.flac,908-157963-0003,8463-287645-0009,/Users/davidmillard/Downloads/eval/our_SB_1/908-157963-0003__to__8463-287645-0009.wav,/Users/davidmillard/Downloads/eval/freevc/target/908-157963-0003_to_8463-287645-0009_target.flac,True,0.3349609673023224,2.775639533996582
1284,our_SB_1,908/157963/908-157963-0005.flac,5639/40744/5639-40744-0014.flac,908-157963-0005,5639-40744-0014,/Users/davidmillard/Downloads/eval/our_SB_1/908-157963-0005__to__5639-40744-0014.wav,/Users/davidmillard/Downloads/eval/freevc/target/908-157963-0005_to_5639-40744-0014_target.flac,True,0.3390376567840576,2.6271824836730957
1285,our_SB_1,908/157963/908-157963-0007.flac,5105/28241/5105-28241-0016.flac,908-157963-0007,5105-28241-0016,/Users/davidmillard/Downloads/eval/our_SB_1/908-157963-0007__to__5105-28241-0016.wav,/Users/davidmillard/Downloads/eval/freevc/target/908-157963-0007_to_5105-28241-0016_target.flac,True,0.3877334594726562,3.812328815460205
1286,our_SB_1,908/157963/908-157963-0009.flac,7021/85628/7021-85628-0025.flac,908-157963-0009,7021-85628-0025,/Users/davidmillard/Downloads/eval/our_SB_1/908-157963-0009__to__7021-85628-0025.wav,/Users/davidmillard/Downloads/eval/freevc/target/908-157963-0009_to_7021-85628-0025_target.flac,True,0.1682278364896774,2.5356669425964355
1287,our_SB_1,908/157963/908-157963-0011.flac,7176/88083/7176-88083-0017.flac,908-157963-0011,7176-88083-0017,/Users/davidmillard/Downloads/eval/our_SB_1/908-157963-0011__to__7176-88083-0017.wav,/Users/davidmillard/Downloads/eval/freevc/target/908-157963-0011_to_7176-88083-0017_target.flac,True,0.3630146384239197,3.2588372230529785
1288,our_SB_1,908/157963/908-157963-0013.flac,3570/5694/3570-5694-0004.flac,908-157963-0013,3570-5694-0004,/Users/davidmillard/Downloads/eval/our_SB_1/908-157963-0013__to__3570-5694-0004.wav,/Users/davidmillard/Downloads/eval/freevc/target/908-157963-0013_to_3570-5694-0004_target.flac,True,0.197610855102539,3.255513906478882
1289,our_SB_1,908/157963/908-157963-0015.flac,2961/960/2961-960-0009.flac,908-157963-0015,2961-960-0009,/Users/davidmillard/Downloads/eval/our_SB_1/908-157963-0015__to__2961-960-0009.wav,/Users/davidmillard/Downloads/eval/freevc/target/908-157963-0015_to_2961-960-0009_target.flac,True,0.1632398068904876,3.427568197250366
1290,our_SB_1,908/157963/908-157963-0017.flac,5142/36377/5142-36377-0008.flac,908-157963-0017,5142-36377-0008,/Users/davidmillard/Downloads/eval/our_SB_1/908-157963-0017__to__5142-36377-0008.wav,/Users/davidmillard/Downloads/eval/freevc/target/908-157963-0017_to_5142-36377-0008_target.flac,True,0.1707385629415512,3.087409734725952
1291,our_SB_1,908/157963/908-157963-0019.flac,61/70970/61-70970-0040.flac,908-157963-0019,61-70970-0040,/Users/davidmillard/Downloads/eval/our_SB_1/908-157963-0019__to__61-70970-0040.wav,/Users/davidmillard/Downloads/eval/freevc/target/908-157963-0019_to_61-70970-0040_target.flac,True,0.359576553106308,3.4104373455047607
1292,our_SB_1,908/157963/908-157963-0021.flac,1995/1837/1995-1837-0019.flac,908-157963-0021,1995-1837-0019,/Users/davidmillard/Downloads/eval/our_SB_1/908-157963-0021__to__1995-1837-0019.wav,/Users/davidmillard/Downloads/eval/freevc/target/908-157963-0021_to_1995-1837-0019_target.flac,True,0.2841613888740539,3.3208227157592773
1293,our_SB_1,908/157963/908-157963-0023.flac,2961/961/2961-961-0014.flac,908-157963-0023,2961-961-0014,/Users/davidmillard/Downloads/eval/our_SB_1/908-157963-0023__to__2961-961-0014.wav,/Users/davidmillard/Downloads/eval/freevc/target/908-157963-0023_to_2961-961-0014_target.flac,True,0.2535703182220459,2.897315740585327
1294,our_SB_1,908/157963/908-157963-0025.flac,61/70968/61-70968-0002.flac,908-157963-0025,61-70968-0002,/Users/davidmillard/Downloads/eval/our_SB_1/908-157963-0025__to__61-70968-0002.wav,/Users/davidmillard/Downloads/eval/freevc/target/908-157963-0025_to_61-70968-0002_target.flac,True,0.3390704393386841,3.426927089691162
1295,our_SB_1,908/157963/908-157963-0027.flac,2094/142345/2094-142345-0036.flac,908-157963-0027,2094-142345-0036,/Users/davidmillard/Downloads/eval/our_SB_1/908-157963-0027__to__2094-142345-0036.wav,/Users/davidmillard/Downloads/eval/freevc/target/908-157963-0027_to_2094-142345-0036_target.flac,True,0.3827657401561737,2.8357057571411133
1296,our_SB_1,908/157963/908-157963-0029.flac,2094/142345/2094-142345-0040.flac,908-157963-0029,2094-142345-0040,/Users/davidmillard/Downloads/eval/our_SB_1/908-157963-0029__to__2094-142345-0040.wav,/Users/davidmillard/Downloads/eval/freevc/target/908-157963-0029_to_2094-142345-0040_target.flac,True,0.3585298359394073,2.8922665119171143
1297,our_SB_1,908/31957/908-31957-0000.flac,8455/210777/8455-210777-0018.flac,908-31957-0000,8455-210777-0018,/Users/davidmillard/Downloads/eval/our_SB_1/908-31957-0000__to__8455-210777-0018.wav,/Users/davidmillard/Downloads/eval/freevc/target/908-31957-0000_to_8455-210777-0018_target.flac,True,0.3148647546768188,3.101297378540039
1298,our_SB_1,908/31957/908-31957-0002.flac,3729/6852/3729-6852-0011.flac,908-31957-0002,3729-6852-0011,/Users/davidmillard/Downloads/eval/our_SB_1/908-31957-0002__to__3729-6852-0011.wav,/Users/davidmillard/Downloads/eval/freevc/target/908-31957-0002_to_3729-6852-0011_target.flac,True,0.3830338716506958,3.3506593704223633
1299,our_SB_1,908/31957/908-31957-0004.flac,8555/284449/8555-284449-0011.flac,908-31957-0004,8555-284449-0011,/Users/davidmillard/Downloads/eval/our_SB_1/908-31957-0004__to__8555-284449-0011.wav,/Users/davidmillard/Downloads/eval/freevc/target/908-31957-0004_to_8555-284449-0011_target.flac,True,0.1957009434700012,3.095759868621826
1300,our_SB_1,908/31957/908-31957-0006.flac,4446/2271/4446-2271-0010.flac,908-31957-0006,4446-2271-0010,/Users/davidmillard/Downloads/eval/our_SB_1/908-31957-0006__to__4446-2271-0010.wav,/Users/davidmillard/Downloads/eval/freevc/target/908-31957-0006_to_4446-2271-0010_target.flac,True,0.2736340165138244,2.762819766998291
1301,our_SB_1,908/31957/908-31957-0008.flac,8555/284449/8555-284449-0005.flac,908-31957-0008,8555-284449-0005,/Users/davidmillard/Downloads/eval/our_SB_1/908-31957-0008__to__8555-284449-0005.wav,/Users/davidmillard/Downloads/eval/freevc/target/908-31957-0008_to_8555-284449-0005_target.flac,True,0.0578019581735134,3.123873233795166
1302,our_SB_1,908/31957/908-31957-0010.flac,3570/5695/3570-5695-0003.flac,908-31957-0010,3570-5695-0003,/Users/davidmillard/Downloads/eval/our_SB_1/908-31957-0010__to__3570-5695-0003.wav,/Users/davidmillard/Downloads/eval/freevc/target/908-31957-0010_to_3570-5695-0003_target.flac,True,0.238211527466774,3.3115453720092773
1303,our_SB_1,908/31957/908-31957-0012.flac,8463/294825/8463-294825-0008.flac,908-31957-0012,8463-294825-0008,/Users/davidmillard/Downloads/eval/our_SB_1/908-31957-0012__to__8463-294825-0008.wav,/Users/davidmillard/Downloads/eval/freevc/target/908-31957-0012_to_8463-294825-0008_target.flac,True,0.5406570434570312,3.1916468143463135
1304,our_SB_1,908/31957/908-31957-0014.flac,237/134500/237-134500-0042.flac,908-31957-0014,237-134500-0042,/Users/davidmillard/Downloads/eval/our_SB_1/908-31957-0014__to__237-134500-0042.wav,/Users/davidmillard/Downloads/eval/freevc/target/908-31957-0014_to_237-134500-0042_target.flac,True,0.234307199716568,3.023167610168457
1305,our_SB_1,908/31957/908-31957-0016.flac,6930/81414/6930-81414-0026.flac,908-31957-0016,6930-81414-0026,/Users/davidmillard/Downloads/eval/our_SB_1/908-31957-0016__to__6930-81414-0026.wav,/Users/davidmillard/Downloads/eval/freevc/target/908-31957-0016_to_6930-81414-0026_target.flac,True,0.2037124037742614,3.4169118404388428
1306,our_SB_1,908/31957/908-31957-0018.flac,3570/5695/3570-5695-0001.flac,908-31957-0018,3570-5695-0001,/Users/davidmillard/Downloads/eval/our_SB_1/908-31957-0018__to__3570-5695-0001.wav,/Users/davidmillard/Downloads/eval/freevc/target/908-31957-0018_to_3570-5695-0001_target.flac,True,0.2407887279987335,3.2920899391174316
1307,our_SB_1,908/31957/908-31957-0020.flac,1580/141083/1580-141083-0002.flac,908-31957-0020,1580-141083-0002,/Users/davidmillard/Downloads/eval/our_SB_1/908-31957-0020__to__1580-141083-0002.wav,/Users/davidmillard/Downloads/eval/freevc/target/908-31957-0020_to_1580-141083-0002_target.flac,True,0.5690538287162781,3.1919288635253906
1308,our_SB_1,908/31957/908-31957-0022.flac,7176/92135/7176-92135-0025.flac,908-31957-0022,7176-92135-0025,/Users/davidmillard/Downloads/eval/our_SB_1/908-31957-0022__to__7176-92135-0025.wav,/Users/davidmillard/Downloads/eval/freevc/target/908-31957-0022_to_7176-92135-0025_target.flac,True,0.3524532914161682,2.7694854736328125
1309,our_SB_1,908/31957/908-31957-0024.flac,1580/141083/1580-141083-0022.flac,908-31957-0024,1580-141083-0022,/Users/davidmillard/Downloads/eval/our_SB_1/908-31957-0024__to__1580-141083-0022.wav,/Users/davidmillard/Downloads/eval/freevc/target/908-31957-0024_to_1580-141083-0022_target.flac,True,0.4074501395225525,3.3862197399139404
0,our_SB_5,1089/134686/1089-134686-0000.flac,2094/142345/2094-142345-0001.flac,1089-134686-0000,2094-142345-0001,/Users/davidmillard/Downloads/eval/our_SB_5/1089-134686-0000__to__2094-142345-0001.wav,/Users/davidmillard/Downloads/eval/freevc/target/1089-134686-0000_to_2094-142345-0001_target.flac,True,0.4514200091361999,3.1872968673706055
1,our_SB_5,1089/134686/1089-134686-0002.flac,3575/170457/3575-170457-0008.flac,1089-134686-0002,3575-170457-0008,/Users/davidmillard/Downloads/eval/our_SB_5/1089-134686-0002__to__3575-170457-0008.wav,/Users/davidmillard/Downloads/eval/freevc/target/1089-134686-0002_to_3575-170457-0008_target.flac,True,0.3423328101634979,2.8570613861083984
2,our_SB_5,1089/134686/1089-134686-0004.flac,1580/141084/1580-141084-0021.flac,1089-134686-0004,1580-141084-0021,/Users/davidmillard/Downloads/eval/our_SB_5/1089-134686-0004__to__1580-141084-0021.wav,/Users/davidmillard/Downloads/eval/freevc/target/1089-134686-0004_to_1580-141084-0021_target.flac,True,0.3370293378829956,3.4157297611236572
3,our_SB_5,1089/134686/1089-134686-0006.flac,121/121726/121-121726-0005.flac,1089-134686-0006,121-121726-0005,/Users/davidmillard/Downloads/eval/our_SB_5/1089-134686-0006__to__121-121726-0005.wav,/Users/davidmillard/Downloads/eval/freevc/target/1089-134686-0006_to_121-121726-0005_target.flac,True,0.0312036201357841,2.9418866634368896
4,our_SB_5,1089/134686/1089-134686-0008.flac,7729/102255/7729-102255-0038.flac,1089-134686-0008,7729-102255-0038,/Users/davidmillard/Downloads/eval/our_SB_5/1089-134686-0008__to__7729-102255-0038.wav,/Users/davidmillard/Downloads/eval/freevc/target/1089-134686-0008_to_7729-102255-0038_target.flac,True,0.5064964890480042,3.4047508239746094
5,our_SB_5,1089/134686/1089-134686-0010.flac,2961/961/2961-961-0022.flac,1089-134686-0010,2961-961-0022,/Users/davidmillard/Downloads/eval/our_SB_5/1089-134686-0010__to__2961-961-0022.wav,/Users/davidmillard/Downloads/eval/freevc/target/1089-134686-0010_to_2961-961-0022_target.flac,True,0.2151193022727966,3.406879186630249
6,our_SB_5,1089/134686/1089-134686-0012.flac,3575/170457/3575-170457-0028.flac,1089-134686-0012,3575-170457-0028,/Users/davidmillard/Downloads/eval/our_SB_5/1089-134686-0012__to__3575-170457-0028.wav,/Users/davidmillard/Downloads/eval/freevc/target/1089-134686-0012_to_3575-170457-0028_target.flac,True,0.2590936422348022,2.61905837059021
7,our_SB_5,1089/134686/1089-134686-0014.flac,1188/133604/1188-133604-0010.flac,1089-134686-0014,1188-133604-0010,/Users/davidmillard/Downloads/eval/our_SB_5/1089-134686-0014__to__1188-133604-0010.wav,/Users/davidmillard/Downloads/eval/freevc/target/1089-134686-0014_to_1188-133604-0010_target.flac,True,0.3771201372146606,2.749476432800293
8,our_SB_5,1089/134686/1089-134686-0016.flac,4446/2271/4446-2271-0019.flac,1089-134686-0016,4446-2271-0019,/Users/davidmillard/Downloads/eval/our_SB_5/1089-134686-0016__to__4446-2271-0019.wav,/Users/davidmillard/Downloads/eval/freevc/target/1089-134686-0016_to_4446-2271-0019_target.flac,True,0.1785187423229217,3.3896379470825195
9,our_SB_5,1089/134686/1089-134686-0018.flac,5105/28233/5105-28233-0006.flac,1089-134686-0018,5105-28233-0006,/Users/davidmillard/Downloads/eval/our_SB_5/1089-134686-0018__to__5105-28233-0006.wav,/Users/davidmillard/Downloads/eval/freevc/target/1089-134686-0018_to_5105-28233-0006_target.flac,True,0.3653179705142975,2.80424427986145
10,our_SB_5,1089/134686/1089-134686-0020.flac,1995/1837/1995-1837-0003.flac,1089-134686-0020,1995-1837-0003,/Users/davidmillard/Downloads/eval/our_SB_5/1089-134686-0020__to__1995-1837-0003.wav,/Users/davidmillard/Downloads/eval/freevc/target/1089-134686-0020_to_1995-1837-0003_target.flac,True,0.3153915703296661,3.258535146713257
11,our_SB_5,1089/134686/1089-134686-0022.flac,4077/13751/4077-13751-0002.flac,1089-134686-0022,4077-13751-0002,/Users/davidmillard/Downloads/eval/our_SB_5/1089-134686-0022__to__4077-13751-0002.wav,/Users/davidmillard/Downloads/eval/freevc/target/1089-134686-0022_to_4077-13751-0002_target.flac,True,0.2836255431175232,2.7642662525177
12,our_SB_5,1089/134686/1089-134686-0024.flac,2094/142345/2094-142345-0059.flac,1089-134686-0024,2094-142345-0059,/Users/davidmillard/Downloads/eval/our_SB_5/1089-134686-0024__to__2094-142345-0059.wav,/Users/davidmillard/Downloads/eval/freevc/target/1089-134686-0024_to_2094-142345-0059_target.flac,True,0.4171956181526184,3.5786893367767334
13,our_SB_5,1089/134686/1089-134686-0026.flac,8455/210777/8455-210777-0037.flac,1089-134686-0026,8455-210777-0037,/Users/davidmillard/Downloads/eval/our_SB_5/1089-134686-0026__to__8455-210777-0037.wav,/Users/davidmillard/Downloads/eval/freevc/target/1089-134686-0026_to_8455-210777-0037_target.flac,True,0.4452352821826935,2.979663372039795
14,our_SB_5,1089/134686/1089-134686-0028.flac,2961/961/2961-961-0022.flac,1089-134686-0028,2961-961-0022,/Users/davidmillard/Downloads/eval/our_SB_5/1089-134686-0028__to__2961-961-0022.wav,/Users/davidmillard/Downloads/eval/freevc/target/1089-134686-0028_to_2961-961-0022_target.flac,True,0.3320446610450744,3.1635258197784424
15,our_SB_5,1089/134686/1089-134686-0030.flac,3575/170457/3575-170457-0049.flac,1089-134686-0030,3575-170457-0049,/Users/davidmillard/Downloads/eval/our_SB_5/1089-134686-0030__to__3575-170457-0049.wav,/Users/davidmillard/Downloads/eval/freevc/target/1089-134686-0030_to_3575-170457-0049_target.flac,True,0.1808595359325409,2.654277801513672
16,our_SB_5,1089/134686/1089-134686-0032.flac,3575/170457/3575-170457-0055.flac,1089-134686-0032,3575-170457-0055,/Users/davidmillard/Downloads/eval/our_SB_5/1089-134686-0032__to__3575-170457-0055.wav,/Users/davidmillard/Downloads/eval/freevc/target/1089-134686-0032_to_3575-170457-0055_target.flac,True,0.4090870916843414,3.1700961589813232
17,our_SB_5,1089/134686/1089-134686-0034.flac,4446/2273/4446-2273-0033.flac,1089-134686-0034,4446-2273-0033,/Users/davidmillard/Downloads/eval/our_SB_5/1089-134686-0034__to__4446-2273-0033.wav,/Users/davidmillard/Downloads/eval/freevc/target/1089-134686-0034_to_4446-2273-0033_target.flac,True,0.3449252247810364,3.555692434310913
18,our_SB_5,1089/134686/1089-134686-0036.flac,5639/40744/5639-40744-0022.flac,1089-134686-0036,5639-40744-0022,/Users/davidmillard/Downloads/eval/our_SB_5/1089-134686-0036__to__5639-40744-0022.wav,/Users/davidmillard/Downloads/eval/freevc/target/1089-134686-0036_to_5639-40744-0022_target.flac,True,0.4014812111854553,2.962803363800049
19,our_SB_5,1089/134691/1089-134691-0000.flac,4446/2275/4446-2275-0027.flac,1089-134691-0000,4446-2275-0027,/Users/davidmillard/Downloads/eval/our_SB_5/1089-134691-0000__to__4446-2275-0027.wav,/Users/davidmillard/Downloads/eval/freevc/target/1089-134691-0000_to_4446-2275-0027_target.flac,True,0.213820531964302,4.362021446228027
20,our_SB_5,1089/134691/1089-134691-0002.flac,260/123440/260-123440-0007.flac,1089-134691-0002,260-123440-0007,/Users/davidmillard/Downloads/eval/our_SB_5/1089-134691-0002__to__260-123440-0007.wav,/Users/davidmillard/Downloads/eval/freevc/target/1089-134691-0002_to_260-123440-0007_target.flac,True,0.3285533785820007,3.1926703453063965
21,our_SB_5,1089/134691/1089-134691-0004.flac,7021/79740/7021-79740-0014.flac,1089-134691-0004,7021-79740-0014,/Users/davidmillard/Downloads/eval/our_SB_5/1089-134691-0004__to__7021-79740-0014.wav,/Users/davidmillard/Downloads/eval/freevc/target/1089-134691-0004_to_7021-79740-0014_target.flac,True,0.327517569065094,3.12618350982666
22,our_SB_5,1089/134691/1089-134691-0006.flac,8455/210777/8455-210777-0028.flac,1089-134691-0006,8455-210777-0028,/Users/davidmillard/Downloads/eval/our_SB_5/1089-134691-0006__to__8455-210777-0028.wav,/Users/davidmillard/Downloads/eval/freevc/target/1089-134691-0006_to_8455-210777-0028_target.flac,True,0.3474926650524139,3.5559511184692383
23,our_SB_5,1089/134691/1089-134691-0008.flac,1284/1180/1284-1180-0014.flac,1089-134691-0008,1284-1180-0014,/Users/davidmillard/Downloads/eval/our_SB_5/1089-134691-0008__to__1284-1180-0014.wav,/Users/davidmillard/Downloads/eval/freevc/target/1089-134691-0008_to_1284-1180-0014_target.flac,True,0.4298064112663269,3.5087549686431885
24,our_SB_5,1089/134691/1089-134691-0010.flac,61/70968/61-70968-0034.flac,1089-134691-0010,61-70968-0034,/Users/davidmillard/Downloads/eval/our_SB_5/1089-134691-0010__to__61-70968-0034.wav,/Users/davidmillard/Downloads/eval/freevc/target/1089-134691-0010_to_61-70968-0034_target.flac,True,0.1590571999549865,3.855360984802246
25,our_SB_5,1089/134691/1089-134691-0012.flac,8463/294828/8463-294828-0005.flac,1089-134691-0012,8463-294828-0005,/Users/davidmillard/Downloads/eval/our_SB_5/1089-134691-0012__to__8463-294828-0005.wav,/Users/davidmillard/Downloads/eval/freevc/target/1089-134691-0012_to_8463-294828-0005_target.flac,True,0.2088382542133331,3.9388604164123535
26,our_SB_5,1089/134691/1089-134691-0014.flac,7176/92135/7176-92135-0022.flac,1089-134691-0014,7176-92135-0022,/Users/davidmillard/Downloads/eval/our_SB_5/1089-134691-0014__to__7176-92135-0022.wav,/Users/davidmillard/Downloads/eval/freevc/target/1089-134691-0014_to_7176-92135-0022_target.flac,True,0.329761654138565,3.4020278453826904
27,our_SB_5,1089/134691/1089-134691-0016.flac,4077/13751/4077-13751-0008.flac,1089-134691-0016,4077-13751-0008,/Users/davidmillard/Downloads/eval/our_SB_5/1089-134691-0016__to__4077-13751-0008.wav,/Users/davidmillard/Downloads/eval/freevc/target/1089-134691-0016_to_4077-13751-0008_target.flac,True,0.3961087763309479,3.3809309005737305
28,our_SB_5,1089/134691/1089-134691-0018.flac,8230/279154/8230-279154-0016.flac,1089-134691-0018,8230-279154-0016,/Users/davidmillard/Downloads/eval/our_SB_5/1089-134691-0018__to__8230-279154-0016.wav,/Users/davidmillard/Downloads/eval/freevc/target/1089-134691-0018_to_8230-279154-0016_target.flac,True,0.2160816192626953,3.4023399353027344
29,our_SB_5,1089/134691/1089-134691-0020.flac,8555/284449/8555-284449-0000.flac,1089-134691-0020,8555-284449-0000,/Users/davidmillard/Downloads/eval/our_SB_5/1089-134691-0020__to__8555-284449-0000.wav,/Users/davidmillard/Downloads/eval/freevc/target/1089-134691-0020_to_8555-284449-0000_target.flac,True,0.1520375311374664,3.203579902648926
30,our_SB_5,1089/134691/1089-134691-0022.flac,2300/131720/2300-131720-0032.flac,1089-134691-0022,2300-131720-0032,/Users/davidmillard/Downloads/eval/our_SB_5/1089-134691-0022__to__2300-131720-0032.wav,/Users/davidmillard/Downloads/eval/freevc/target/1089-134691-0022_to_2300-131720-0032_target.flac,True,0.3738145232200622,3.5617763996124268
31,our_SB_5,1089/134691/1089-134691-0024.flac,1284/134647/1284-134647-0000.flac,1089-134691-0024,1284-134647-0000,/Users/davidmillard/Downloads/eval/our_SB_5/1089-134691-0024__to__1284-134647-0000.wav,/Users/davidmillard/Downloads/eval/freevc/target/1089-134691-0024_to_1284-134647-0000_target.flac,True,0.4089657366275787,3.128401517868042
32,our_SB_5,1188/133604/1188-133604-0000.flac,260/123288/260-123288-0022.flac,1188-133604-0000,260-123288-0022,/Users/davidmillard/Downloads/eval/our_SB_5/1188-133604-0000__to__260-123288-0022.wav,/Users/davidmillard/Downloads/eval/freevc/target/1188-133604-0000_to_260-123288-0022_target.flac,True,0.2255733609199524,2.7127020359039307
33,our_SB_5,1188/133604/1188-133604-0002.flac,5683/32866/5683-32866-0030.flac,1188-133604-0002,5683-32866-0030,/Users/davidmillard/Downloads/eval/our_SB_5/1188-133604-0002__to__5683-32866-0030.wav,/Users/davidmillard/Downloads/eval/freevc/target/1188-133604-0002_to_5683-32866-0030_target.flac,True,0.3456153273582458,3.182877540588379
34,our_SB_5,1188/133604/1188-133604-0004.flac,8224/274381/8224-274381-0016.flac,1188-133604-0004,8224-274381-0016,/Users/davidmillard/Downloads/eval/our_SB_5/1188-133604-0004__to__8224-274381-0016.wav,/Users/davidmillard/Downloads/eval/freevc/target/1188-133604-0004_to_8224-274381-0016_target.flac,True,0.1769344955682754,2.787489414215088
35,our_SB_5,1188/133604/1188-133604-0006.flac,2094/142345/2094-142345-0043.flac,1188-133604-0006,2094-142345-0043,/Users/davidmillard/Downloads/eval/our_SB_5/1188-133604-0006__to__2094-142345-0043.wav,/Users/davidmillard/Downloads/eval/freevc/target/1188-133604-0006_to_2094-142345-0043_target.flac,True,0.2195321917533874,3.7259180545806885
36,our_SB_5,1188/133604/1188-133604-0008.flac,5105/28233/5105-28233-0007.flac,1188-133604-0008,5105-28233-0007,/Users/davidmillard/Downloads/eval/our_SB_5/1188-133604-0008__to__5105-28233-0007.wav,/Users/davidmillard/Downloads/eval/freevc/target/1188-133604-0008_to_5105-28233-0007_target.flac,True,0.3495257794857025,3.044912815093994
37,our_SB_5,1188/133604/1188-133604-0010.flac,260/123288/260-123288-0026.flac,1188-133604-0010,260-123288-0026,/Users/davidmillard/Downloads/eval/our_SB_5/1188-133604-0010__to__260-123288-0026.wav,/Users/davidmillard/Downloads/eval/freevc/target/1188-133604-0010_to_260-123288-0026_target.flac,True,0.4235357344150543,2.9364607334136963
38,our_SB_5,1188/133604/1188-133604-0012.flac,7729/102255/7729-102255-0011.flac,1188-133604-0012,7729-102255-0011,/Users/davidmillard/Downloads/eval/our_SB_5/1188-133604-0012__to__7729-102255-0011.wav,/Users/davidmillard/Downloads/eval/freevc/target/1188-133604-0012_to_7729-102255-0011_target.flac,True,0.4035402834415436,3.039203405380249
39,our_SB_5,1188/133604/1188-133604-0014.flac,4970/29095/4970-29095-0029.flac,1188-133604-0014,4970-29095-0029,/Users/davidmillard/Downloads/eval/our_SB_5/1188-133604-0014__to__4970-29095-0029.wav,/Users/davidmillard/Downloads/eval/freevc/target/1188-133604-0014_to_4970-29095-0029_target.flac,True,0.3439408540725708,3.741074562072754
40,our_SB_5,1188/133604/1188-133604-0016.flac,2961/960/2961-960-0009.flac,1188-133604-0016,2961-960-0009,/Users/davidmillard/Downloads/eval/our_SB_5/1188-133604-0016__to__2961-960-0009.wav,/Users/davidmillard/Downloads/eval/freevc/target/1188-133604-0016_to_2961-960-0009_target.flac,True,0.2323087453842163,3.3291943073272705
41,our_SB_5,1188/133604/1188-133604-0018.flac,8230/279154/8230-279154-0033.flac,1188-133604-0018,8230-279154-0033,/Users/davidmillard/Downloads/eval/our_SB_5/1188-133604-0018__to__8230-279154-0033.wav,/Users/davidmillard/Downloads/eval/freevc/target/1188-133604-0018_to_8230-279154-0033_target.flac,True,0.4204421639442444,2.282503128051758
42,our_SB_5,1188/133604/1188-133604-0020.flac,7176/88083/7176-88083-0002.flac,1188-133604-0020,7176-88083-0002,/Users/davidmillard/Downloads/eval/our_SB_5/1188-133604-0020__to__7176-88083-0002.wav,/Users/davidmillard/Downloads/eval/freevc/target/1188-133604-0020_to_7176-88083-0002_target.flac,True,0.4366642832756042,2.943193197250366
43,our_SB_5,1188/133604/1188-133604-0022.flac,5639/40744/5639-40744-0019.flac,1188-133604-0022,5639-40744-0019,/Users/davidmillard/Downloads/eval/our_SB_5/1188-133604-0022__to__5639-40744-0019.wav,/Users/davidmillard/Downloads/eval/freevc/target/1188-133604-0022_to_5639-40744-0019_target.flac,True,0.252009779214859,3.4711499214172363
44,our_SB_5,1188/133604/1188-133604-0024.flac,3729/6852/3729-6852-0036.flac,1188-133604-0024,3729-6852-0036,/Users/davidmillard/Downloads/eval/our_SB_5/1188-133604-0024__to__3729-6852-0036.wav,/Users/davidmillard/Downloads/eval/freevc/target/1188-133604-0024_to_3729-6852-0036_target.flac,True,0.2983155846595764,3.303821086883545
45,our_SB_5,1188/133604/1188-133604-0026.flac,7176/88083/7176-88083-0008.flac,1188-133604-0026,7176-88083-0008,/Users/davidmillard/Downloads/eval/our_SB_5/1188-133604-0026__to__7176-88083-0008.wav,/Users/davidmillard/Downloads/eval/freevc/target/1188-133604-0026_to_7176-88083-0008_target.flac,True,0.333187073469162,3.3630785942077637
46,our_SB_5,1188/133604/1188-133604-0028.flac,2300/131720/2300-131720-0030.flac,1188-133604-0028,2300-131720-0030,/Users/davidmillard/Downloads/eval/our_SB_5/1188-133604-0028__to__2300-131720-0030.wav,/Users/davidmillard/Downloads/eval/freevc/target/1188-133604-0028_to_2300-131720-0030_target.flac,True,0.2993054986000061,3.7300913333892822
47,our_SB_5,1188/133604/1188-133604-0030.flac,4077/13754/4077-13754-0011.flac,1188-133604-0030,4077-13754-0011,/Users/davidmillard/Downloads/eval/our_SB_5/1188-133604-0030__to__4077-13754-0011.wav,/Users/davidmillard/Downloads/eval/freevc/target/1188-133604-0030_to_4077-13754-0011_target.flac,True,0.1189687997102737,2.480944871902466
48,our_SB_5,1188/133604/1188-133604-0032.flac,3570/5695/3570-5695-0011.flac,1188-133604-0032,3570-5695-0011,/Users/davidmillard/Downloads/eval/our_SB_5/1188-133604-0032__to__3570-5695-0011.wav,/Users/davidmillard/Downloads/eval/freevc/target/1188-133604-0032_to_3570-5695-0011_target.flac,True,0.2930441796779632,2.7547900676727295
49,our_SB_5,1188/133604/1188-133604-0034.flac,4970/29095/4970-29095-0001.flac,1188-133604-0034,4970-29095-0001,/Users/davidmillard/Downloads/eval/our_SB_5/1188-133604-0034__to__4970-29095-0001.wav,/Users/davidmillard/Downloads/eval/freevc/target/1188-133604-0034_to_4970-29095-0001_target.flac,True,0.3622419536113739,2.940887451171875
50,our_SB_5,1188/133604/1188-133604-0036.flac,8224/274384/8224-274384-0010.flac,1188-133604-0036,8224-274384-0010,/Users/davidmillard/Downloads/eval/our_SB_5/1188-133604-0036__to__8224-274384-0010.wav,/Users/davidmillard/Downloads/eval/freevc/target/1188-133604-0036_to_8224-274384-0010_target.flac,True,0.159189224243164,2.9410369396209717
51,our_SB_5,1188/133604/1188-133604-0038.flac,3575/170457/3575-170457-0004.flac,1188-133604-0038,3575-170457-0004,/Users/davidmillard/Downloads/eval/our_SB_5/1188-133604-0038__to__3575-170457-0004.wav,/Users/davidmillard/Downloads/eval/freevc/target/1188-133604-0038_to_3575-170457-0004_target.flac,True,0.2301868796348571,3.5545575618743896
52,our_SB_5,1188/133604/1188-133604-0040.flac,8555/284449/8555-284449-0010.flac,1188-133604-0040,8555-284449-0010,/Users/davidmillard/Downloads/eval/our_SB_5/1188-133604-0040__to__8555-284449-0010.wav,/Users/davidmillard/Downloads/eval/freevc/target/1188-133604-0040_to_8555-284449-0010_target.flac,True,0.2766372263431549,3.1830780506134033
53,our_SB_5,1188/133604/1188-133604-0042.flac,3575/170457/3575-170457-0000.flac,1188-133604-0042,3575-170457-0000,/Users/davidmillard/Downloads/eval/our_SB_5/1188-133604-0042__to__3575-170457-0000.wav,/Users/davidmillard/Downloads/eval/freevc/target/1188-133604-0042_to_3575-170457-0000_target.flac,True,0.2025478482246399,2.975740909576416
54,our_SB_5,1188/133604/1188-133604-0044.flac,1284/1180/1284-1180-0014.flac,1188-133604-0044,1284-1180-0014,/Users/davidmillard/Downloads/eval/our_SB_5/1188-133604-0044__to__1284-1180-0014.wav,/Users/davidmillard/Downloads/eval/freevc/target/1188-133604-0044_to_1284-1180-0014_target.flac,True,0.2307768315076828,3.6043014526367188
55,our_SB_5,121/121726/121-121726-0001.flac,1221/135767/1221-135767-0005.flac,121-121726-0001,1221-135767-0005,/Users/davidmillard/Downloads/eval/our_SB_5/121-121726-0001__to__1221-135767-0005.wav,/Users/davidmillard/Downloads/eval/freevc/target/121-121726-0001_to_1221-135767-0005_target.flac,True,0.4168408513069153,3.0154075622558594
56,our_SB_5,121/121726/121-121726-0003.flac,3729/6852/3729-6852-0017.flac,121-121726-0003,3729-6852-0017,/Users/davidmillard/Downloads/eval/our_SB_5/121-121726-0003__to__3729-6852-0017.wav,/Users/davidmillard/Downloads/eval/freevc/target/121-121726-0003_to_3729-6852-0017_target.flac,True,0.412754625082016,2.9205594062805176
57,our_SB_5,121/121726/121-121726-0005.flac,8230/279154/8230-279154-0008.flac,121-121726-0005,8230-279154-0008,/Users/davidmillard/Downloads/eval/our_SB_5/121-121726-0005__to__8230-279154-0008.wav,/Users/davidmillard/Downloads/eval/freevc/target/121-121726-0005_to_8230-279154-0008_target.flac,True,0.3935392796993255,2.50115704536438
58,our_SB_5,121/121726/121-121726-0007.flac,7127/75947/7127-75947-0001.flac,121-121726-0007,7127-75947-0001,/Users/davidmillard/Downloads/eval/our_SB_5/121-121726-0007__to__7127-75947-0001.wav,/Users/davidmillard/Downloads/eval/freevc/target/121-121726-0007_to_7127-75947-0001_target.flac,True,0.1744667142629623,2.803550958633423
59,our_SB_5,121/121726/121-121726-0009.flac,2961/960/2961-960-0006.flac,121-121726-0009,2961-960-0006,/Users/davidmillard/Downloads/eval/our_SB_5/121-121726-0009__to__2961-960-0006.wav,/Users/davidmillard/Downloads/eval/freevc/target/121-121726-0009_to_2961-960-0006_target.flac,True,0.1463246047496795,2.869657039642334
60,our_SB_5,121/121726/121-121726-0011.flac,5142/33396/5142-33396-0054.flac,121-121726-0011,5142-33396-0054,/Users/davidmillard/Downloads/eval/our_SB_5/121-121726-0011__to__5142-33396-0054.wav,/Users/davidmillard/Downloads/eval/freevc/target/121-121726-0011_to_5142-33396-0054_target.flac,True,0.2058440893888473,2.8873801231384277
61,our_SB_5,121/121726/121-121726-0013.flac,1284/1181/1284-1181-0010.flac,121-121726-0013,1284-1181-0010,/Users/davidmillard/Downloads/eval/our_SB_5/121-121726-0013__to__1284-1181-0010.wav,/Users/davidmillard/Downloads/eval/freevc/target/121-121726-0013_to_1284-1181-0010_target.flac,True,0.1949774026870727,3.656656265258789
62,our_SB_5,121/123852/121-123852-0000.flac,61/70970/61-70970-0030.flac,121-123852-0000,61-70970-0030,/Users/davidmillard/Downloads/eval/our_SB_5/121-123852-0000__to__61-70970-0030.wav,/Users/davidmillard/Downloads/eval/freevc/target/121-123852-0000_to_61-70970-0030_target.flac,True,0.3251072764396667,3.522573709487915
63,our_SB_5,121/123852/121-123852-0002.flac,1995/1836/1995-1836-0004.flac,121-123852-0002,1995-1836-0004,/Users/davidmillard/Downloads/eval/our_SB_5/121-123852-0002__to__1995-1836-0004.wav,/Users/davidmillard/Downloads/eval/freevc/target/121-123852-0002_to_1995-1836-0004_target.flac,True,0.2957189679145813,2.780702829360962
64,our_SB_5,121/123852/121-123852-0004.flac,8230/279154/8230-279154-0028.flac,121-123852-0004,8230-279154-0028,/Users/davidmillard/Downloads/eval/our_SB_5/121-123852-0004__to__8230-279154-0028.wav,/Users/davidmillard/Downloads/eval/freevc/target/121-123852-0004_to_8230-279154-0028_target.flac,True,0.5446197390556335,3.034316301345825
65,our_SB_5,121/123859/121-123859-0001.flac,2830/3980/2830-3980-0022.flac,121-123859-0001,2830-3980-0022,/Users/davidmillard/Downloads/eval/our_SB_5/121-123859-0001__to__2830-3980-0022.wav,/Users/davidmillard/Downloads/eval/freevc/target/121-123859-0001_to_2830-3980-0022_target.flac,True,0.2315406203269958,3.0304973125457764
66,our_SB_5,121/123859/121-123859-0003.flac,1320/122617/1320-122617-0011.flac,121-123859-0003,1320-122617-0011,/Users/davidmillard/Downloads/eval/our_SB_5/121-123859-0003__to__1320-122617-0011.wav,/Users/davidmillard/Downloads/eval/freevc/target/121-123859-0003_to_1320-122617-0011_target.flac,True,0.3618006110191345,2.772488594055176
67,our_SB_5,121/127105/121-127105-0000.flac,1284/1181/1284-1181-0008.flac,121-127105-0000,1284-1181-0008,/Users/davidmillard/Downloads/eval/our_SB_5/121-127105-0000__to__1284-1181-0008.wav,/Users/davidmillard/Downloads/eval/freevc/target/121-127105-0000_to_1284-1181-0008_target.flac,True,0.316345065832138,3.483400821685791
68,our_SB_5,121/127105/121-127105-0002.flac,1580/141084/1580-141084-0042.flac,121-127105-0002,1580-141084-0042,/Users/davidmillard/Downloads/eval/our_SB_5/121-127105-0002__to__1580-141084-0042.wav,/Users/davidmillard/Downloads/eval/freevc/target/121-127105-0002_to_1580-141084-0042_target.flac,True,0.1875814199447631,3.4794602394104004
69,our_SB_5,121/127105/121-127105-0004.flac,672/122797/672-122797-0062.flac,121-127105-0004,672-122797-0062,/Users/davidmillard/Downloads/eval/our_SB_5/121-127105-0004__to__672-122797-0062.wav,/Users/davidmillard/Downloads/eval/freevc/target/121-127105-0004_to_672-122797-0062_target.flac,True,0.1055709570646286,2.397993564605713
70,our_SB_5,121/127105/121-127105-0006.flac,61/70968/61-70968-0007.flac,121-127105-0006,61-70968-0007,/Users/davidmillard/Downloads/eval/our_SB_5/121-127105-0006__to__61-70968-0007.wav,/Users/davidmillard/Downloads/eval/freevc/target/121-127105-0006_to_61-70968-0007_target.flac,True,0.3956937789916992,2.563371419906616
71,our_SB_5,121/127105/121-127105-0008.flac,1089/134691/1089-134691-0011.flac,121-127105-0008,1089-134691-0011,/Users/davidmillard/Downloads/eval/our_SB_5/121-127105-0008__to__1089-134691-0011.wav,/Users/davidmillard/Downloads/eval/freevc/target/121-127105-0008_to_1089-134691-0011_target.flac,True,0.371038019657135,3.2167654037475586
72,our_SB_5,121/127105/121-127105-0010.flac,4507/16021/4507-16021-0027.flac,121-127105-0010,4507-16021-0027,/Users/davidmillard/Downloads/eval/our_SB_5/121-127105-0010__to__4507-16021-0027.wav,/Users/davidmillard/Downloads/eval/freevc/target/121-127105-0010_to_4507-16021-0027_target.flac,True,0.3213551342487335,3.3021373748779297
73,our_SB_5,121/127105/121-127105-0012.flac,237/126133/237-126133-0024.flac,121-127105-0012,237-126133-0024,/Users/davidmillard/Downloads/eval/our_SB_5/121-127105-0012__to__237-126133-0024.wav,/Users/davidmillard/Downloads/eval/freevc/target/121-127105-0012_to_237-126133-0024_target.flac,True,0.2895025908946991,2.940682888031006
74,our_SB_5,121/127105/121-127105-0014.flac,1284/1181/1284-1181-0004.flac,121-127105-0014,1284-1181-0004,/Users/davidmillard/Downloads/eval/our_SB_5/121-127105-0014__to__1284-1181-0004.wav,/Users/davidmillard/Downloads/eval/freevc/target/121-127105-0014_to_1284-1181-0004_target.flac,True,0.1937556713819503,2.5523645877838135
75,our_SB_5,121/127105/121-127105-0016.flac,4992/23283/4992-23283-0003.flac,121-127105-0016,4992-23283-0003,/Users/davidmillard/Downloads/eval/our_SB_5/121-127105-0016__to__4992-23283-0003.wav,/Users/davidmillard/Downloads/eval/freevc/target/121-127105-0016_to_4992-23283-0003_target.flac,True,0.289009690284729,3.120957374572754
76,our_SB_5,121/127105/121-127105-0018.flac,7127/75947/7127-75947-0034.flac,121-127105-0018,7127-75947-0034,/Users/davidmillard/Downloads/eval/our_SB_5/121-127105-0018__to__7127-75947-0034.wav,/Users/davidmillard/Downloads/eval/freevc/target/121-127105-0018_to_7127-75947-0034_target.flac,True,0.3905400335788727,2.7577240467071533
77,our_SB_5,121/127105/121-127105-0020.flac,1284/134647/1284-134647-0006.flac,121-127105-0020,1284-134647-0006,/Users/davidmillard/Downloads/eval/our_SB_5/121-127105-0020__to__1284-134647-0006.wav,/Users/davidmillard/Downloads/eval/freevc/target/121-127105-0020_to_1284-134647-0006_target.flac,True,0.2874329686164856,2.2770636081695557
78,our_SB_5,121/127105/121-127105-0022.flac,2830/3979/2830-3979-0008.flac,121-127105-0022,2830-3979-0008,/Users/davidmillard/Downloads/eval/our_SB_5/121-127105-0022__to__2830-3979-0008.wav,/Users/davidmillard/Downloads/eval/freevc/target/121-127105-0022_to_2830-3979-0008_target.flac,True,0.2827453911304474,2.9619243144989014
79,our_SB_5,121/127105/121-127105-0024.flac,3729/6852/3729-6852-0025.flac,121-127105-0024,3729-6852-0025,/Users/davidmillard/Downloads/eval/our_SB_5/121-127105-0024__to__3729-6852-0025.wav,/Users/davidmillard/Downloads/eval/freevc/target/121-127105-0024_to_3729-6852-0025_target.flac,True,0.409933477640152,3.304863929748535
80,our_SB_5,121/127105/121-127105-0026.flac,8463/294825/8463-294825-0016.flac,121-127105-0026,8463-294825-0016,/Users/davidmillard/Downloads/eval/our_SB_5/121-127105-0026__to__8463-294825-0016.wav,/Users/davidmillard/Downloads/eval/freevc/target/121-127105-0026_to_8463-294825-0016_target.flac,True,0.2332128286361694,3.03878116607666
81,our_SB_5,121/127105/121-127105-0028.flac,1221/135767/1221-135767-0023.flac,121-127105-0028,1221-135767-0023,/Users/davidmillard/Downloads/eval/our_SB_5/121-127105-0028__to__1221-135767-0023.wav,/Users/davidmillard/Downloads/eval/freevc/target/121-127105-0028_to_1221-135767-0023_target.flac,True,0.32414710521698,3.174431562423706
82,our_SB_5,121/127105/121-127105-0030.flac,8555/284449/8555-284449-0011.flac,121-127105-0030,8555-284449-0011,/Users/davidmillard/Downloads/eval/our_SB_5/121-127105-0030__to__8555-284449-0011.wav,/Users/davidmillard/Downloads/eval/freevc/target/121-127105-0030_to_8555-284449-0011_target.flac,True,0.1908162087202072,2.413552761077881
83,our_SB_5,121/127105/121-127105-0032.flac,4077/13751/4077-13751-0013.flac,121-127105-0032,4077-13751-0013,/Users/davidmillard/Downloads/eval/our_SB_5/121-127105-0032__to__4077-13751-0013.wav,/Users/davidmillard/Downloads/eval/freevc/target/121-127105-0032_to_4077-13751-0013_target.flac,True,0.2965979874134063,2.6757678985595703
84,our_SB_5,121/127105/121-127105-0034.flac,4077/13754/4077-13754-0003.flac,121-127105-0034,4077-13754-0003,/Users/davidmillard/Downloads/eval/our_SB_5/121-127105-0034__to__4077-13754-0003.wav,/Users/davidmillard/Downloads/eval/freevc/target/121-127105-0034_to_4077-13754-0003_target.flac,True,0.140948861837387,3.339041233062744
85,our_SB_5,121/127105/121-127105-0036.flac,4970/29095/4970-29095-0005.flac,121-127105-0036,4970-29095-0005,/Users/davidmillard/Downloads/eval/our_SB_5/121-127105-0036__to__4970-29095-0005.wav,/Users/davidmillard/Downloads/eval/freevc/target/121-127105-0036_to_4970-29095-0005_target.flac,True,0.0873809531331062,2.806450128555298
86,our_SB_5,1221/135766/1221-135766-0001.flac,1320/122612/1320-122612-0000.flac,1221-135766-0001,1320-122612-0000,/Users/davidmillard/Downloads/eval/our_SB_5/1221-135766-0001__to__1320-122612-0000.wav,/Users/davidmillard/Downloads/eval/freevc/target/1221-135766-0001_to_1320-122612-0000_target.flac,True,0.4250706136226654,3.069729804992676
87,our_SB_5,1221/135766/1221-135766-0003.flac,8463/287645/8463-287645-0012.flac,1221-135766-0003,8463-287645-0012,/Users/davidmillard/Downloads/eval/our_SB_5/1221-135766-0003__to__8463-287645-0012.wav,/Users/davidmillard/Downloads/eval/freevc/target/1221-135766-0003_to_8463-287645-0012_target.flac,True,0.3003725409507751,3.366072177886963
88,our_SB_5,1221/135766/1221-135766-0005.flac,3570/5695/3570-5695-0009.flac,1221-135766-0005,3570-5695-0009,/Users/davidmillard/Downloads/eval/our_SB_5/1221-135766-0005__to__3570-5695-0009.wav,/Users/davidmillard/Downloads/eval/freevc/target/1221-135766-0005_to_3570-5695-0009_target.flac,True,0.364371657371521,3.308757781982422
89,our_SB_5,1221/135766/1221-135766-0007.flac,5142/33396/5142-33396-0008.flac,1221-135766-0007,5142-33396-0008,/Users/davidmillard/Downloads/eval/our_SB_5/1221-135766-0007__to__5142-33396-0008.wav,/Users/davidmillard/Downloads/eval/freevc/target/1221-135766-0007_to_5142-33396-0008_target.flac,True,0.1893798112869262,3.349393844604492
90,our_SB_5,1221/135766/1221-135766-0009.flac,4507/16021/4507-16021-0010.flac,1221-135766-0009,4507-16021-0010,/Users/davidmillard/Downloads/eval/our_SB_5/1221-135766-0009__to__4507-16021-0010.wav,/Users/davidmillard/Downloads/eval/freevc/target/1221-135766-0009_to_4507-16021-0010_target.flac,True,0.3112568855285644,3.6542727947235107
91,our_SB_5,1221/135766/1221-135766-0011.flac,4970/29095/4970-29095-0015.flac,1221-135766-0011,4970-29095-0015,/Users/davidmillard/Downloads/eval/our_SB_5/1221-135766-0011__to__4970-29095-0015.wav,/Users/davidmillard/Downloads/eval/freevc/target/1221-135766-0011_to_4970-29095-0015_target.flac,True,0.2298861443996429,3.214090347290039
92,our_SB_5,1221/135766/1221-135766-0013.flac,8455/210777/8455-210777-0038.flac,1221-135766-0013,8455-210777-0038,/Users/davidmillard/Downloads/eval/our_SB_5/1221-135766-0013__to__8455-210777-0038.wav,/Users/davidmillard/Downloads/eval/freevc/target/1221-135766-0013_to_8455-210777-0038_target.flac,True,0.2806472778320312,2.505366563796997
93,our_SB_5,1221/135766/1221-135766-0015.flac,4077/13751/4077-13751-0007.flac,1221-135766-0015,4077-13751-0007,/Users/davidmillard/Downloads/eval/our_SB_5/1221-135766-0015__to__4077-13751-0007.wav,/Users/davidmillard/Downloads/eval/freevc/target/1221-135766-0015_to_4077-13751-0007_target.flac,True,0.3244592249393463,3.2147350311279297
94,our_SB_5,1221/135767/1221-135767-0001.flac,237/134493/237-134493-0008.flac,1221-135767-0001,237-134493-0008,/Users/davidmillard/Downloads/eval/our_SB_5/1221-135767-0001__to__237-134493-0008.wav,/Users/davidmillard/Downloads/eval/freevc/target/1221-135767-0001_to_237-134493-0008_target.flac,True,0.2558695375919342,2.908076763153076
95,our_SB_5,1221/135767/1221-135767-0003.flac,3570/5696/3570-5696-0006.flac,1221-135767-0003,3570-5696-0006,/Users/davidmillard/Downloads/eval/our_SB_5/1221-135767-0003__to__3570-5696-0006.wav,/Users/davidmillard/Downloads/eval/freevc/target/1221-135767-0003_to_3570-5696-0006_target.flac,True,0.3248965740203857,3.089402675628662
96,our_SB_5,1221/135767/1221-135767-0005.flac,4077/13754/4077-13754-0010.flac,1221-135767-0005,4077-13754-0010,/Users/davidmillard/Downloads/eval/our_SB_5/1221-135767-0005__to__4077-13754-0010.wav,/Users/davidmillard/Downloads/eval/freevc/target/1221-135767-0005_to_4077-13754-0010_target.flac,True,0.3707691729068756,3.400186777114868
97,our_SB_5,1221/135767/1221-135767-0007.flac,1284/1180/1284-1180-0005.flac,1221-135767-0007,1284-1180-0005,/Users/davidmillard/Downloads/eval/our_SB_5/1221-135767-0007__to__1284-1180-0005.wav,/Users/davidmillard/Downloads/eval/freevc/target/1221-135767-0007_to_1284-1180-0005_target.flac,True,0.4170554578304291,3.302978277206421
98,our_SB_5,1221/135767/1221-135767-0009.flac,121/121726/121-121726-0000.flac,1221-135767-0009,121-121726-0000,/Users/davidmillard/Downloads/eval/our_SB_5/1221-135767-0009__to__121-121726-0000.wav,/Users/davidmillard/Downloads/eval/freevc/target/1221-135767-0009_to_121-121726-0000_target.flac,True,0.3125219941139221,3.467301607131958
99,our_SB_5,1221/135767/1221-135767-0011.flac,2300/131720/2300-131720-0040.flac,1221-135767-0011,2300-131720-0040,/Users/davidmillard/Downloads/eval/our_SB_5/1221-135767-0011__to__2300-131720-0040.wav,/Users/davidmillard/Downloads/eval/freevc/target/1221-135767-0011_to_2300-131720-0040_target.flac,True,0.3705018162727356,3.5186514854431152
100,our_SB_5,1221/135767/1221-135767-0013.flac,6930/81414/6930-81414-0020.flac,1221-135767-0013,6930-81414-0020,/Users/davidmillard/Downloads/eval/our_SB_5/1221-135767-0013__to__6930-81414-0020.wav,/Users/davidmillard/Downloads/eval/freevc/target/1221-135767-0013_to_6930-81414-0020_target.flac,True,0.3905805349349975,3.084404945373535
101,our_SB_5,1221/135767/1221-135767-0015.flac,1089/134686/1089-134686-0014.flac,1221-135767-0015,1089-134686-0014,/Users/davidmillard/Downloads/eval/our_SB_5/1221-135767-0015__to__1089-134686-0014.wav,/Users/davidmillard/Downloads/eval/freevc/target/1221-135767-0015_to_1089-134686-0014_target.flac,True,0.2473487555980682,3.5243310928344727
102,our_SB_5,1221/135767/1221-135767-0017.flac,237/134500/237-134500-0024.flac,1221-135767-0017,237-134500-0024,/Users/davidmillard/Downloads/eval/our_SB_5/1221-135767-0017__to__237-134500-0024.wav,/Users/davidmillard/Downloads/eval/freevc/target/1221-135767-0017_to_237-134500-0024_target.flac,True,0.2745012938976288,3.098996639251709
103,our_SB_5,1221/135767/1221-135767-0019.flac,5639/40744/5639-40744-0037.flac,1221-135767-0019,5639-40744-0037,/Users/davidmillard/Downloads/eval/our_SB_5/1221-135767-0019__to__5639-40744-0037.wav,/Users/davidmillard/Downloads/eval/freevc/target/1221-135767-0019_to_5639-40744-0037_target.flac,True,0.3054765462875366,2.7038745880126953
104,our_SB_5,1221/135767/1221-135767-0021.flac,6829/68769/6829-68769-0016.flac,1221-135767-0021,6829-68769-0016,/Users/davidmillard/Downloads/eval/our_SB_5/1221-135767-0021__to__6829-68769-0016.wav,/Users/davidmillard/Downloads/eval/freevc/target/1221-135767-0021_to_6829-68769-0016_target.flac,True,0.176570788025856,3.235206127166748
105,our_SB_5,1221/135767/1221-135767-0023.flac,5639/40744/5639-40744-0002.flac,1221-135767-0023,5639-40744-0002,/Users/davidmillard/Downloads/eval/our_SB_5/1221-135767-0023__to__5639-40744-0002.wav,/Users/davidmillard/Downloads/eval/freevc/target/1221-135767-0023_to_5639-40744-0002_target.flac,True,0.5257973074913025,2.8602042198181152
106,our_SB_5,1284/1180/1284-1180-0000.flac,3729/6852/3729-6852-0042.flac,1284-1180-0000,3729-6852-0042,/Users/davidmillard/Downloads/eval/our_SB_5/1284-1180-0000__to__3729-6852-0042.wav,/Users/davidmillard/Downloads/eval/freevc/target/1284-1180-0000_to_3729-6852-0042_target.flac,True,0.2575244307518005,2.9467568397521973
107,our_SB_5,1284/1180/1284-1180-0002.flac,8455/210777/8455-210777-0052.flac,1284-1180-0002,8455-210777-0052,/Users/davidmillard/Downloads/eval/our_SB_5/1284-1180-0002__to__8455-210777-0052.wav,/Users/davidmillard/Downloads/eval/freevc/target/1284-1180-0002_to_8455-210777-0052_target.flac,True,0.0881005302071571,3.064649820327759
108,our_SB_5,1284/1180/1284-1180-0004.flac,260/123286/260-123286-0022.flac,1284-1180-0004,260-123286-0022,/Users/davidmillard/Downloads/eval/our_SB_5/1284-1180-0004__to__260-123286-0022.wav,/Users/davidmillard/Downloads/eval/freevc/target/1284-1180-0004_to_260-123286-0022_target.flac,True,0.3400852084159851,3.0620217323303223
109,our_SB_5,1284/1180/1284-1180-0006.flac,2830/3980/2830-3980-0029.flac,1284-1180-0006,2830-3980-0029,/Users/davidmillard/Downloads/eval/our_SB_5/1284-1180-0006__to__2830-3980-0029.wav,/Users/davidmillard/Downloads/eval/freevc/target/1284-1180-0006_to_2830-3980-0029_target.flac,True,0.1927520334720611,3.7605648040771484
110,our_SB_5,1284/1180/1284-1180-0008.flac,4446/2271/4446-2271-0020.flac,1284-1180-0008,4446-2271-0020,/Users/davidmillard/Downloads/eval/our_SB_5/1284-1180-0008__to__4446-2271-0020.wav,/Users/davidmillard/Downloads/eval/freevc/target/1284-1180-0008_to_4446-2271-0020_target.flac,True,0.4549661576747894,3.1687963008880615
111,our_SB_5,1284/1180/1284-1180-0010.flac,121/127105/121-127105-0029.flac,1284-1180-0010,121-127105-0029,/Users/davidmillard/Downloads/eval/our_SB_5/1284-1180-0010__to__121-127105-0029.wav,/Users/davidmillard/Downloads/eval/freevc/target/1284-1180-0010_to_121-127105-0029_target.flac,True,0.4067754745483398,3.6907575130462646
112,our_SB_5,1284/1180/1284-1180-0012.flac,2961/961/2961-961-0006.flac,1284-1180-0012,2961-961-0006,/Users/davidmillard/Downloads/eval/our_SB_5/1284-1180-0012__to__2961-961-0006.wav,/Users/davidmillard/Downloads/eval/freevc/target/1284-1180-0012_to_2961-961-0006_target.flac,True,0.1702152788639068,2.7727444171905518
113,our_SB_5,1284/1180/1284-1180-0014.flac,3575/170457/3575-170457-0014.flac,1284-1180-0014,3575-170457-0014,/Users/davidmillard/Downloads/eval/our_SB_5/1284-1180-0014__to__3575-170457-0014.wav,/Users/davidmillard/Downloads/eval/freevc/target/1284-1180-0014_to_3575-170457-0014_target.flac,True,0.4011596739292145,3.153315544128418
114,our_SB_5,1284/1180/1284-1180-0016.flac,2961/961/2961-961-0002.flac,1284-1180-0016,2961-961-0002,/Users/davidmillard/Downloads/eval/our_SB_5/1284-1180-0016__to__2961-961-0002.wav,/Users/davidmillard/Downloads/eval/freevc/target/1284-1180-0016_to_2961-961-0002_target.flac,True,0.0891971141099929,3.2345237731933594
115,our_SB_5,1284/1180/1284-1180-0018.flac,1320/122617/1320-122617-0032.flac,1284-1180-0018,1320-122617-0032,/Users/davidmillard/Downloads/eval/our_SB_5/1284-1180-0018__to__1320-122617-0032.wav,/Users/davidmillard/Downloads/eval/freevc/target/1284-1180-0018_to_1320-122617-0032_target.flac,True,0.3969316780567169,2.637615203857422
116,our_SB_5,1284/1180/1284-1180-0020.flac,7729/102255/7729-102255-0025.flac,1284-1180-0020,7729-102255-0025,/Users/davidmillard/Downloads/eval/our_SB_5/1284-1180-0020__to__7729-102255-0025.wav,/Users/davidmillard/Downloads/eval/freevc/target/1284-1180-0020_to_7729-102255-0025_target.flac,True,0.1913937330245971,3.25630784034729
117,our_SB_5,1284/1180/1284-1180-0022.flac,1188/133604/1188-133604-0007.flac,1284-1180-0022,1188-133604-0007,/Users/davidmillard/Downloads/eval/our_SB_5/1284-1180-0022__to__1188-133604-0007.wav,/Users/davidmillard/Downloads/eval/freevc/target/1284-1180-0022_to_1188-133604-0007_target.flac,True,0.2445383667945861,3.322983741760254
118,our_SB_5,1284/1180/1284-1180-0024.flac,8555/292519/8555-292519-0015.flac,1284-1180-0024,8555-292519-0015,/Users/davidmillard/Downloads/eval/our_SB_5/1284-1180-0024__to__8555-292519-0015.wav,/Users/davidmillard/Downloads/eval/freevc/target/1284-1180-0024_to_8555-292519-0015_target.flac,True,0.2247733771800995,3.088266372680664
119,our_SB_5,1284/1180/1284-1180-0026.flac,1995/1837/1995-1837-0013.flac,1284-1180-0026,1995-1837-0013,/Users/davidmillard/Downloads/eval/our_SB_5/1284-1180-0026__to__1995-1837-0013.wav,/Users/davidmillard/Downloads/eval/freevc/target/1284-1180-0026_to_1995-1837-0013_target.flac,True,0.3393201828002929,3.5824952125549316
120,our_SB_5,1284/1180/1284-1180-0028.flac,4992/41797/4992-41797-0006.flac,1284-1180-0028,4992-41797-0006,/Users/davidmillard/Downloads/eval/our_SB_5/1284-1180-0028__to__4992-41797-0006.wav,/Users/davidmillard/Downloads/eval/freevc/target/1284-1180-0028_to_4992-41797-0006_target.flac,True,0.2895142734050751,3.2089743614196777
121,our_SB_5,1284/1180/1284-1180-0030.flac,2094/142345/2094-142345-0024.flac,1284-1180-0030,2094-142345-0024,/Users/davidmillard/Downloads/eval/our_SB_5/1284-1180-0030__to__2094-142345-0024.wav,/Users/davidmillard/Downloads/eval/freevc/target/1284-1180-0030_to_2094-142345-0024_target.flac,True,0.3363732695579529,3.06571102142334
122,our_SB_5,1284/1180/1284-1180-0032.flac,4077/13751/4077-13751-0002.flac,1284-1180-0032,4077-13751-0002,/Users/davidmillard/Downloads/eval/our_SB_5/1284-1180-0032__to__4077-13751-0002.wav,/Users/davidmillard/Downloads/eval/freevc/target/1284-1180-0032_to_4077-13751-0002_target.flac,True,0.4935430884361267,3.3503053188323975
123,our_SB_5,1284/1181/1284-1181-0001.flac,8224/274381/8224-274381-0012.flac,1284-1181-0001,8224-274381-0012,/Users/davidmillard/Downloads/eval/our_SB_5/1284-1181-0001__to__8224-274381-0012.wav,/Users/davidmillard/Downloads/eval/freevc/target/1284-1181-0001_to_8224-274381-0012_target.flac,True,0.3157984018325805,3.2640810012817383
124,our_SB_5,1284/1181/1284-1181-0003.flac,1320/122617/1320-122617-0025.flac,1284-1181-0003,1320-122617-0025,/Users/davidmillard/Downloads/eval/our_SB_5/1284-1181-0003__to__1320-122617-0025.wav,/Users/davidmillard/Downloads/eval/freevc/target/1284-1181-0003_to_1320-122617-0025_target.flac,True,0.4056757390499115,2.9245944023132324
125,our_SB_5,1284/1181/1284-1181-0005.flac,4992/41797/4992-41797-0021.flac,1284-1181-0005,4992-41797-0021,/Users/davidmillard/Downloads/eval/our_SB_5/1284-1181-0005__to__4992-41797-0021.wav,/Users/davidmillard/Downloads/eval/freevc/target/1284-1181-0005_to_4992-41797-0021_target.flac,True,0.3780474066734314,3.275087594985962
126,our_SB_5,1284/1181/1284-1181-0007.flac,4970/29095/4970-29095-0008.flac,1284-1181-0007,4970-29095-0008,/Users/davidmillard/Downloads/eval/our_SB_5/1284-1181-0007__to__4970-29095-0008.wav,/Users/davidmillard/Downloads/eval/freevc/target/1284-1181-0007_to_4970-29095-0008_target.flac,True,0.2124846279621124,3.5557548999786377
127,our_SB_5,1284/1181/1284-1181-0009.flac,672/122797/672-122797-0041.flac,1284-1181-0009,672-122797-0041,/Users/davidmillard/Downloads/eval/our_SB_5/1284-1181-0009__to__672-122797-0041.wav,/Users/davidmillard/Downloads/eval/freevc/target/1284-1181-0009_to_672-122797-0041_target.flac,True,0.229668378829956,3.3365426063537598
128,our_SB_5,1284/1181/1284-1181-0011.flac,4507/16021/4507-16021-0035.flac,1284-1181-0011,4507-16021-0035,/Users/davidmillard/Downloads/eval/our_SB_5/1284-1181-0011__to__4507-16021-0035.wav,/Users/davidmillard/Downloads/eval/freevc/target/1284-1181-0011_to_4507-16021-0035_target.flac,True,0.3348292112350464,3.6203181743621826
129,our_SB_5,1284/1181/1284-1181-0013.flac,672/122797/672-122797-0048.flac,1284-1181-0013,672-122797-0048,/Users/davidmillard/Downloads/eval/our_SB_5/1284-1181-0013__to__672-122797-0048.wav,/Users/davidmillard/Downloads/eval/freevc/target/1284-1181-0013_to_672-122797-0048_target.flac,True,0.3409702181816101,2.919501543045044
130,our_SB_5,1284/1181/1284-1181-0015.flac,8463/294828/8463-294828-0003.flac,1284-1181-0015,8463-294828-0003,/Users/davidmillard/Downloads/eval/our_SB_5/1284-1181-0015__to__8463-294828-0003.wav,/Users/davidmillard/Downloads/eval/freevc/target/1284-1181-0015_to_8463-294828-0003_target.flac,True,0.286765456199646,3.4398610591888428
131,our_SB_5,1284/1181/1284-1181-0017.flac,1089/134691/1089-134691-0000.flac,1284-1181-0017,1089-134691-0000,/Users/davidmillard/Downloads/eval/our_SB_5/1284-1181-0017__to__1089-134691-0000.wav,/Users/davidmillard/Downloads/eval/freevc/target/1284-1181-0017_to_1089-134691-0000_target.flac,True,0.1832349449396133,3.658656597137451
132,our_SB_5,1284/1181/1284-1181-0019.flac,6829/68771/6829-68771-0020.flac,1284-1181-0019,6829-68771-0020,/Users/davidmillard/Downloads/eval/our_SB_5/1284-1181-0019__to__6829-68771-0020.wav,/Users/davidmillard/Downloads/eval/freevc/target/1284-1181-0019_to_6829-68771-0020_target.flac,True,0.2977041900157928,2.80761981010437
133,our_SB_5,1284/1181/1284-1181-0021.flac,4992/41797/4992-41797-0008.flac,1284-1181-0021,4992-41797-0008,/Users/davidmillard/Downloads/eval/our_SB_5/1284-1181-0021__to__4992-41797-0008.wav,/Users/davidmillard/Downloads/eval/freevc/target/1284-1181-0021_to_4992-41797-0008_target.flac,True,0.4382400214672088,3.1059834957122803
134,our_SB_5,1284/134647/1284-134647-0001.flac,3570/5695/3570-5695-0009.flac,1284-134647-0001,3570-5695-0009,/Users/davidmillard/Downloads/eval/our_SB_5/1284-134647-0001__to__3570-5695-0009.wav,/Users/davidmillard/Downloads/eval/freevc/target/1284-134647-0001_to_3570-5695-0009_target.flac,True,0.3494305610656738,3.603269100189209
135,our_SB_5,1284/134647/1284-134647-0003.flac,1580/141083/1580-141083-0036.flac,1284-134647-0003,1580-141083-0036,/Users/davidmillard/Downloads/eval/our_SB_5/1284-134647-0003__to__1580-141083-0036.wav,/Users/davidmillard/Downloads/eval/freevc/target/1284-134647-0003_to_1580-141083-0036_target.flac,True,0.3908215463161468,3.4129714965820312
136,our_SB_5,1284/134647/1284-134647-0005.flac,5105/28233/5105-28233-0005.flac,1284-134647-0005,5105-28233-0005,/Users/davidmillard/Downloads/eval/our_SB_5/1284-134647-0005__to__5105-28233-0005.wav,/Users/davidmillard/Downloads/eval/freevc/target/1284-134647-0005_to_5105-28233-0005_target.flac,True,0.4941657781600952,2.72944974899292
137,our_SB_5,1284/134647/1284-134647-0007.flac,4970/29093/4970-29093-0014.flac,1284-134647-0007,4970-29093-0014,/Users/davidmillard/Downloads/eval/our_SB_5/1284-134647-0007__to__4970-29093-0014.wav,/Users/davidmillard/Downloads/eval/freevc/target/1284-134647-0007_to_4970-29093-0014_target.flac,True,0.1384230703115463,3.264655590057373
138,our_SB_5,1320/122612/1320-122612-0001.flac,1188/133604/1188-133604-0002.flac,1320-122612-0001,1188-133604-0002,/Users/davidmillard/Downloads/eval/our_SB_5/1320-122612-0001__to__1188-133604-0002.wav,/Users/davidmillard/Downloads/eval/freevc/target/1320-122612-0001_to_1188-133604-0002_target.flac,True,0.3809100389480591,3.364295482635498
139,our_SB_5,1320/122612/1320-122612-0003.flac,1284/1180/1284-1180-0029.flac,1320-122612-0003,1284-1180-0029,/Users/davidmillard/Downloads/eval/our_SB_5/1320-122612-0003__to__1284-1180-0029.wav,/Users/davidmillard/Downloads/eval/freevc/target/1320-122612-0003_to_1284-1180-0029_target.flac,True,0.3437716662883758,3.1836884021759033
140,our_SB_5,1320/122612/1320-122612-0005.flac,2961/961/2961-961-0022.flac,1320-122612-0005,2961-961-0022,/Users/davidmillard/Downloads/eval/our_SB_5/1320-122612-0005__to__2961-961-0022.wav,/Users/davidmillard/Downloads/eval/freevc/target/1320-122612-0005_to_2961-961-0022_target.flac,True,0.3082275986671448,3.4028139114379883
141,our_SB_5,1320/122612/1320-122612-0007.flac,61/70968/61-70968-0031.flac,1320-122612-0007,61-70968-0031,/Users/davidmillard/Downloads/eval/our_SB_5/1320-122612-0007__to__61-70968-0031.wav,/Users/davidmillard/Downloads/eval/freevc/target/1320-122612-0007_to_61-70968-0031_target.flac,True,0.2118084579706192,2.991677761077881
142,our_SB_5,1320/122612/1320-122612-0009.flac,1089/134686/1089-134686-0013.flac,1320-122612-0009,1089-134686-0013,/Users/davidmillard/Downloads/eval/our_SB_5/1320-122612-0009__to__1089-134686-0013.wav,/Users/davidmillard/Downloads/eval/freevc/target/1320-122612-0009_to_1089-134686-0013_target.flac,True,0.4332810342311859,2.995389938354492
143,our_SB_5,1320/122612/1320-122612-0011.flac,2830/3980/2830-3980-0076.flac,1320-122612-0011,2830-3980-0076,/Users/davidmillard/Downloads/eval/our_SB_5/1320-122612-0011__to__2830-3980-0076.wav,/Users/davidmillard/Downloads/eval/freevc/target/1320-122612-0011_to_2830-3980-0076_target.flac,True,0.3241379261016845,3.430163860321045
144,our_SB_5,1320/122612/1320-122612-0013.flac,1221/135767/1221-135767-0019.flac,1320-122612-0013,1221-135767-0019,/Users/davidmillard/Downloads/eval/our_SB_5/1320-122612-0013__to__1221-135767-0019.wav,/Users/davidmillard/Downloads/eval/freevc/target/1320-122612-0013_to_1221-135767-0019_target.flac,True,0.34884774684906,3.3628835678100586
145,our_SB_5,1320/122612/1320-122612-0015.flac,7021/79730/7021-79730-0008.flac,1320-122612-0015,7021-79730-0008,/Users/davidmillard/Downloads/eval/our_SB_5/1320-122612-0015__to__7021-79730-0008.wav,/Users/davidmillard/Downloads/eval/freevc/target/1320-122612-0015_to_7021-79730-0008_target.flac,True,0.3646471798419952,2.585905075073242
146,our_SB_5,1320/122617/1320-122617-0000.flac,8224/274384/8224-274384-0002.flac,1320-122617-0000,8224-274384-0002,/Users/davidmillard/Downloads/eval/our_SB_5/1320-122617-0000__to__8224-274384-0002.wav,/Users/davidmillard/Downloads/eval/freevc/target/1320-122617-0000_to_8224-274384-0002_target.flac,True,0.3465298116207123,3.5477190017700195
147,our_SB_5,1320/122617/1320-122617-0002.flac,6829/68771/6829-68771-0016.flac,1320-122617-0002,6829-68771-0016,/Users/davidmillard/Downloads/eval/our_SB_5/1320-122617-0002__to__6829-68771-0016.wav,/Users/davidmillard/Downloads/eval/freevc/target/1320-122617-0002_to_6829-68771-0016_target.flac,True,0.3181084096431732,3.2731311321258545
148,our_SB_5,1320/122617/1320-122617-0004.flac,7127/75947/7127-75947-0027.flac,1320-122617-0004,7127-75947-0027,/Users/davidmillard/Downloads/eval/our_SB_5/1320-122617-0004__to__7127-75947-0027.wav,/Users/davidmillard/Downloads/eval/freevc/target/1320-122617-0004_to_7127-75947-0027_target.flac,True,0.3344548344612121,3.6331405639648438
149,our_SB_5,1320/122617/1320-122617-0006.flac,4446/2275/4446-2275-0036.flac,1320-122617-0006,4446-2275-0036,/Users/davidmillard/Downloads/eval/our_SB_5/1320-122617-0006__to__4446-2275-0036.wav,/Users/davidmillard/Downloads/eval/freevc/target/1320-122617-0006_to_4446-2275-0036_target.flac,True,0.3110060095787048,3.62709903717041
150,our_SB_5,1320/122617/1320-122617-0008.flac,3729/6852/3729-6852-0017.flac,1320-122617-0008,3729-6852-0017,/Users/davidmillard/Downloads/eval/our_SB_5/1320-122617-0008__to__3729-6852-0017.wav,/Users/davidmillard/Downloads/eval/freevc/target/1320-122617-0008_to_3729-6852-0017_target.flac,True,0.3011095225811004,3.8484249114990234
151,our_SB_5,1320/122617/1320-122617-0010.flac,4507/16021/4507-16021-0015.flac,1320-122617-0010,4507-16021-0015,/Users/davidmillard/Downloads/eval/our_SB_5/1320-122617-0010__to__4507-16021-0015.wav,/Users/davidmillard/Downloads/eval/freevc/target/1320-122617-0010_to_4507-16021-0015_target.flac,True,0.3509072065353393,3.0113093852996826
152,our_SB_5,1320/122617/1320-122617-0012.flac,4992/41806/4992-41806-0013.flac,1320-122617-0012,4992-41806-0013,/Users/davidmillard/Downloads/eval/our_SB_5/1320-122617-0012__to__4992-41806-0013.wav,/Users/davidmillard/Downloads/eval/freevc/target/1320-122617-0012_to_4992-41806-0013_target.flac,True,0.5374018549919128,3.1584434509277344
153,our_SB_5,1320/122617/1320-122617-0014.flac,2300/131720/2300-131720-0009.flac,1320-122617-0014,2300-131720-0009,/Users/davidmillard/Downloads/eval/our_SB_5/1320-122617-0014__to__2300-131720-0009.wav,/Users/davidmillard/Downloads/eval/freevc/target/1320-122617-0014_to_2300-131720-0009_target.flac,True,0.3496852815151214,2.928802490234375
154,our_SB_5,1320/122617/1320-122617-0016.flac,237/134493/237-134493-0001.flac,1320-122617-0016,237-134493-0001,/Users/davidmillard/Downloads/eval/our_SB_5/1320-122617-0016__to__237-134493-0001.wav,/Users/davidmillard/Downloads/eval/freevc/target/1320-122617-0016_to_237-134493-0001_target.flac,True,0.3835507035255432,3.172081708908081
155,our_SB_5,1320/122617/1320-122617-0018.flac,672/122797/672-122797-0042.flac,1320-122617-0018,672-122797-0042,/Users/davidmillard/Downloads/eval/our_SB_5/1320-122617-0018__to__672-122797-0042.wav,/Users/davidmillard/Downloads/eval/freevc/target/1320-122617-0018_to_672-122797-0042_target.flac,True,0.3428753018379211,3.471205949783325
156,our_SB_5,1320/122617/1320-122617-0020.flac,672/122797/672-122797-0007.flac,1320-122617-0020,672-122797-0007,/Users/davidmillard/Downloads/eval/our_SB_5/1320-122617-0020__to__672-122797-0007.wav,/Users/davidmillard/Downloads/eval/freevc/target/1320-122617-0020_to_672-122797-0007_target.flac,True,0.3975691795349121,2.7564353942871094
157,our_SB_5,1320/122617/1320-122617-0022.flac,5683/32879/5683-32879-0025.flac,1320-122617-0022,5683-32879-0025,/Users/davidmillard/Downloads/eval/our_SB_5/1320-122617-0022__to__5683-32879-0025.wav,/Users/davidmillard/Downloads/eval/freevc/target/1320-122617-0022_to_5683-32879-0025_target.flac,True,0.3088795840740204,3.0752177238464355
158,our_SB_5,1320/122617/1320-122617-0024.flac,5683/32879/5683-32879-0012.flac,1320-122617-0024,5683-32879-0012,/Users/davidmillard/Downloads/eval/our_SB_5/1320-122617-0024__to__5683-32879-0012.wav,/Users/davidmillard/Downloads/eval/freevc/target/1320-122617-0024_to_5683-32879-0012_target.flac,True,0.2988607287406921,2.895164966583252
159,our_SB_5,1320/122617/1320-122617-0026.flac,4970/29095/4970-29095-0024.flac,1320-122617-0026,4970-29095-0024,/Users/davidmillard/Downloads/eval/our_SB_5/1320-122617-0026__to__4970-29095-0024.wav,/Users/davidmillard/Downloads/eval/freevc/target/1320-122617-0026_to_4970-29095-0024_target.flac,True,0.2602568566799164,2.567237138748169
160,our_SB_5,1320/122617/1320-122617-0028.flac,8230/279154/8230-279154-0034.flac,1320-122617-0028,8230-279154-0034,/Users/davidmillard/Downloads/eval/our_SB_5/1320-122617-0028__to__8230-279154-0034.wav,/Users/davidmillard/Downloads/eval/freevc/target/1320-122617-0028_to_8230-279154-0034_target.flac,True,0.4265685081481933,2.60154390335083
161,our_SB_5,1320/122617/1320-122617-0030.flac,7176/92135/7176-92135-0000.flac,1320-122617-0030,7176-92135-0000,/Users/davidmillard/Downloads/eval/our_SB_5/1320-122617-0030__to__7176-92135-0000.wav,/Users/davidmillard/Downloads/eval/freevc/target/1320-122617-0030_to_7176-92135-0000_target.flac,True,0.2955716550350189,3.01326060295105
162,our_SB_5,1320/122617/1320-122617-0032.flac,7176/88083/7176-88083-0003.flac,1320-122617-0032,7176-88083-0003,/Users/davidmillard/Downloads/eval/our_SB_5/1320-122617-0032__to__7176-88083-0003.wav,/Users/davidmillard/Downloads/eval/freevc/target/1320-122617-0032_to_7176-88083-0003_target.flac,True,0.2313476204872131,2.809328317642212
163,our_SB_5,1320/122617/1320-122617-0034.flac,61/70970/61-70970-0029.flac,1320-122617-0034,61-70970-0029,/Users/davidmillard/Downloads/eval/our_SB_5/1320-122617-0034__to__61-70970-0029.wav,/Users/davidmillard/Downloads/eval/freevc/target/1320-122617-0034_to_61-70970-0029_target.flac,True,0.2805350124835968,3.4849114418029785
164,our_SB_5,1320/122617/1320-122617-0036.flac,2300/131720/2300-131720-0039.flac,1320-122617-0036,2300-131720-0039,/Users/davidmillard/Downloads/eval/our_SB_5/1320-122617-0036__to__2300-131720-0039.wav,/Users/davidmillard/Downloads/eval/freevc/target/1320-122617-0036_to_2300-131720-0039_target.flac,True,0.2771840691566467,3.3092703819274902
165,our_SB_5,1320/122617/1320-122617-0038.flac,61/70970/61-70970-0012.flac,1320-122617-0038,61-70970-0012,/Users/davidmillard/Downloads/eval/our_SB_5/1320-122617-0038__to__61-70970-0012.wav,/Users/davidmillard/Downloads/eval/freevc/target/1320-122617-0038_to_61-70970-0012_target.flac,True,0.2868937253952026,2.769364595413208
166,our_SB_5,1320/122617/1320-122617-0040.flac,1580/141084/1580-141084-0028.flac,1320-122617-0040,1580-141084-0028,/Users/davidmillard/Downloads/eval/our_SB_5/1320-122617-0040__to__1580-141084-0028.wav,/Users/davidmillard/Downloads/eval/freevc/target/1320-122617-0040_to_1580-141084-0028_target.flac,True,0.5182632803916931,2.9743261337280273
167,our_SB_5,1580/141083/1580-141083-0000.flac,7021/79740/7021-79740-0001.flac,1580-141083-0000,7021-79740-0001,/Users/davidmillard/Downloads/eval/our_SB_5/1580-141083-0000__to__7021-79740-0001.wav,/Users/davidmillard/Downloads/eval/freevc/target/1580-141083-0000_to_7021-79740-0001_target.flac,True,0.2351406365633011,2.629704475402832
168,our_SB_5,1580/141083/1580-141083-0002.flac,5683/32866/5683-32866-0023.flac,1580-141083-0002,5683-32866-0023,/Users/davidmillard/Downloads/eval/our_SB_5/1580-141083-0002__to__5683-32866-0023.wav,/Users/davidmillard/Downloads/eval/freevc/target/1580-141083-0002_to_5683-32866-0023_target.flac,True,0.1610269695520401,3.3139140605926514
169,our_SB_5,1580/141083/1580-141083-0004.flac,4992/41797/4992-41797-0000.flac,1580-141083-0004,4992-41797-0000,/Users/davidmillard/Downloads/eval/our_SB_5/1580-141083-0004__to__4992-41797-0000.wav,/Users/davidmillard/Downloads/eval/freevc/target/1580-141083-0004_to_4992-41797-0000_target.flac,True,0.3594534695148468,3.2465014457702637
170,our_SB_5,1580/141083/1580-141083-0006.flac,672/122797/672-122797-0032.flac,1580-141083-0006,672-122797-0032,/Users/davidmillard/Downloads/eval/our_SB_5/1580-141083-0006__to__672-122797-0032.wav,/Users/davidmillard/Downloads/eval/freevc/target/1580-141083-0006_to_672-122797-0032_target.flac,True,0.2131389677524566,3.045927047729492
171,our_SB_5,1580/141083/1580-141083-0008.flac,1188/133604/1188-133604-0034.flac,1580-141083-0008,1188-133604-0034,/Users/davidmillard/Downloads/eval/our_SB_5/1580-141083-0008__to__1188-133604-0034.wav,/Users/davidmillard/Downloads/eval/freevc/target/1580-141083-0008_to_1188-133604-0034_target.flac,True,0.2092237621545791,3.427687644958496
172,our_SB_5,1580/141083/1580-141083-0010.flac,3575/170457/3575-170457-0041.flac,1580-141083-0010,3575-170457-0041,/Users/davidmillard/Downloads/eval/our_SB_5/1580-141083-0010__to__3575-170457-0041.wav,/Users/davidmillard/Downloads/eval/freevc/target/1580-141083-0010_to_3575-170457-0041_target.flac,True,0.3116446137428283,3.107485294342041
173,our_SB_5,1580/141083/1580-141083-0012.flac,121/127105/121-127105-0023.flac,1580-141083-0012,121-127105-0023,/Users/davidmillard/Downloads/eval/our_SB_5/1580-141083-0012__to__121-127105-0023.wav,/Users/davidmillard/Downloads/eval/freevc/target/1580-141083-0012_to_121-127105-0023_target.flac,True,0.1720211952924728,3.4725751876831055
174,our_SB_5,1580/141083/1580-141083-0014.flac,2961/960/2961-960-0001.flac,1580-141083-0014,2961-960-0001,/Users/davidmillard/Downloads/eval/our_SB_5/1580-141083-0014__to__2961-960-0001.wav,/Users/davidmillard/Downloads/eval/freevc/target/1580-141083-0014_to_2961-960-0001_target.flac,True,0.2195902019739151,3.1559081077575684
175,our_SB_5,1580/141083/1580-141083-0016.flac,2300/131720/2300-131720-0030.flac,1580-141083-0016,2300-131720-0030,/Users/davidmillard/Downloads/eval/our_SB_5/1580-141083-0016__to__2300-131720-0030.wav,/Users/davidmillard/Downloads/eval/freevc/target/1580-141083-0016_to_2300-131720-0030_target.flac,True,0.2070590555667877,3.667757511138916
176,our_SB_5,1580/141083/1580-141083-0018.flac,3570/5695/3570-5695-0006.flac,1580-141083-0018,3570-5695-0006,/Users/davidmillard/Downloads/eval/our_SB_5/1580-141083-0018__to__3570-5695-0006.wav,/Users/davidmillard/Downloads/eval/freevc/target/1580-141083-0018_to_3570-5695-0006_target.flac,True,0.228795051574707,3.2041428089141846
177,our_SB_5,1580/141083/1580-141083-0020.flac,260/123440/260-123440-0016.flac,1580-141083-0020,260-123440-0016,/Users/davidmillard/Downloads/eval/our_SB_5/1580-141083-0020__to__260-123440-0016.wav,/Users/davidmillard/Downloads/eval/freevc/target/1580-141083-0020_to_260-123440-0016_target.flac,True,0.3484651446342468,3.5288753509521484
178,our_SB_5,1580/141083/1580-141083-0022.flac,2094/142345/2094-142345-0049.flac,1580-141083-0022,2094-142345-0049,/Users/davidmillard/Downloads/eval/our_SB_5/1580-141083-0022__to__2094-142345-0049.wav,/Users/davidmillard/Downloads/eval/freevc/target/1580-141083-0022_to_2094-142345-0049_target.flac,True,0.4000903666019439,3.4423203468322754
179,our_SB_5,1580/141083/1580-141083-0024.flac,1995/1826/1995-1826-0003.flac,1580-141083-0024,1995-1826-0003,/Users/davidmillard/Downloads/eval/our_SB_5/1580-141083-0024__to__1995-1826-0003.wav,/Users/davidmillard/Downloads/eval/freevc/target/1580-141083-0024_to_1995-1826-0003_target.flac,True,0.0705530792474746,3.1599812507629395
180,our_SB_5,1580/141083/1580-141083-0026.flac,5683/32879/5683-32879-0001.flac,1580-141083-0026,5683-32879-0001,/Users/davidmillard/Downloads/eval/our_SB_5/1580-141083-0026__to__5683-32879-0001.wav,/Users/davidmillard/Downloads/eval/freevc/target/1580-141083-0026_to_5683-32879-0001_target.flac,True,0.0570975393056869,3.5595932006835938
181,our_SB_5,1580/141083/1580-141083-0028.flac,8555/284449/8555-284449-0019.flac,1580-141083-0028,8555-284449-0019,/Users/davidmillard/Downloads/eval/our_SB_5/1580-141083-0028__to__8555-284449-0019.wav,/Users/davidmillard/Downloads/eval/freevc/target/1580-141083-0028_to_8555-284449-0019_target.flac,True,0.1522107422351837,3.6842994689941406
182,our_SB_5,1580/141083/1580-141083-0030.flac,4970/29095/4970-29095-0030.flac,1580-141083-0030,4970-29095-0030,/Users/davidmillard/Downloads/eval/our_SB_5/1580-141083-0030__to__4970-29095-0030.wav,/Users/davidmillard/Downloads/eval/freevc/target/1580-141083-0030_to_4970-29095-0030_target.flac,True,0.2602036297321319,3.6178972721099854
183,our_SB_5,1580/141083/1580-141083-0032.flac,2094/142345/2094-142345-0050.flac,1580-141083-0032,2094-142345-0050,/Users/davidmillard/Downloads/eval/our_SB_5/1580-141083-0032__to__2094-142345-0050.wav,/Users/davidmillard/Downloads/eval/freevc/target/1580-141083-0032_to_2094-142345-0050_target.flac,True,0.3226782381534576,3.8600828647613525
184,our_SB_5,1580/141083/1580-141083-0034.flac,5142/33396/5142-33396-0068.flac,1580-141083-0034,5142-33396-0068,/Users/davidmillard/Downloads/eval/our_SB_5/1580-141083-0034__to__5142-33396-0068.wav,/Users/davidmillard/Downloads/eval/freevc/target/1580-141083-0034_to_5142-33396-0068_target.flac,True,0.1930985450744629,3.1932785511016846
185,our_SB_5,1580/141083/1580-141083-0036.flac,5639/40744/5639-40744-0004.flac,1580-141083-0036,5639-40744-0004,/Users/davidmillard/Downloads/eval/our_SB_5/1580-141083-0036__to__5639-40744-0004.wav,/Users/davidmillard/Downloads/eval/freevc/target/1580-141083-0036_to_5639-40744-0004_target.flac,True,0.3757423162460327,3.4434876441955566
186,our_SB_5,1580/141083/1580-141083-0038.flac,5105/28233/5105-28233-0000.flac,1580-141083-0038,5105-28233-0000,/Users/davidmillard/Downloads/eval/our_SB_5/1580-141083-0038__to__5105-28233-0000.wav,/Users/davidmillard/Downloads/eval/freevc/target/1580-141083-0038_to_5105-28233-0000_target.flac,True,0.2788898348808288,2.9626660346984863
187,our_SB_5,1580/141083/1580-141083-0040.flac,1995/1837/1995-1837-0013.flac,1580-141083-0040,1995-1837-0013,/Users/davidmillard/Downloads/eval/our_SB_5/1580-141083-0040__to__1995-1837-0013.wav,/Users/davidmillard/Downloads/eval/freevc/target/1580-141083-0040_to_1995-1837-0013_target.flac,True,0.2558093667030334,3.538295030593872
188,our_SB_5,1580/141083/1580-141083-0042.flac,7021/85628/7021-85628-0014.flac,1580-141083-0042,7021-85628-0014,/Users/davidmillard/Downloads/eval/our_SB_5/1580-141083-0042__to__7021-85628-0014.wav,/Users/davidmillard/Downloads/eval/freevc/target/1580-141083-0042_to_7021-85628-0014_target.flac,True,0.3107200264930725,3.2925496101379395
189,our_SB_5,1580/141083/1580-141083-0044.flac,2830/3980/2830-3980-0053.flac,1580-141083-0044,2830-3980-0053,/Users/davidmillard/Downloads/eval/our_SB_5/1580-141083-0044__to__2830-3980-0053.wav,/Users/davidmillard/Downloads/eval/freevc/target/1580-141083-0044_to_2830-3980-0053_target.flac,True,0.3303764164447784,2.8322248458862305
190,our_SB_5,1580/141083/1580-141083-0046.flac,8230/279154/8230-279154-0030.flac,1580-141083-0046,8230-279154-0030,/Users/davidmillard/Downloads/eval/our_SB_5/1580-141083-0046__to__8230-279154-0030.wav,/Users/davidmillard/Downloads/eval/freevc/target/1580-141083-0046_to_8230-279154-0030_target.flac,True,0.4402361214160919,3.4292187690734863
191,our_SB_5,1580/141083/1580-141083-0048.flac,8555/284447/8555-284447-0017.flac,1580-141083-0048,8555-284447-0017,/Users/davidmillard/Downloads/eval/our_SB_5/1580-141083-0048__to__8555-284447-0017.wav,/Users/davidmillard/Downloads/eval/freevc/target/1580-141083-0048_to_8555-284447-0017_target.flac,True,0.178908109664917,4.013427734375
192,our_SB_5,1580/141083/1580-141083-0050.flac,3729/6852/3729-6852-0005.flac,1580-141083-0050,3729-6852-0005,/Users/davidmillard/Downloads/eval/our_SB_5/1580-141083-0050__to__3729-6852-0005.wav,/Users/davidmillard/Downloads/eval/freevc/target/1580-141083-0050_to_3729-6852-0005_target.flac,True,0.3683949708938598,3.0227065086364746
193,our_SB_5,1580/141083/1580-141083-0052.flac,3729/6852/3729-6852-0029.flac,1580-141083-0052,3729-6852-0029,/Users/davidmillard/Downloads/eval/our_SB_5/1580-141083-0052__to__3729-6852-0029.wav,/Users/davidmillard/Downloads/eval/freevc/target/1580-141083-0052_to_3729-6852-0029_target.flac,True,0.319166898727417,2.2291336059570312
194,our_SB_5,1580/141084/1580-141084-0000.flac,5105/28233/5105-28233-0001.flac,1580-141084-0000,5105-28233-0001,/Users/davidmillard/Downloads/eval/our_SB_5/1580-141084-0000__to__5105-28233-0001.wav,/Users/davidmillard/Downloads/eval/freevc/target/1580-141084-0000_to_5105-28233-0001_target.flac,True,0.4908433556556701,3.929492235183716
195,our_SB_5,1580/141084/1580-141084-0002.flac,2830/3980/2830-3980-0049.flac,1580-141084-0002,2830-3980-0049,/Users/davidmillard/Downloads/eval/our_SB_5/1580-141084-0002__to__2830-3980-0049.wav,/Users/davidmillard/Downloads/eval/freevc/target/1580-141084-0002_to_2830-3980-0049_target.flac,True,0.4918529987335205,3.4471182823181152
196,our_SB_5,1580/141084/1580-141084-0004.flac,4077/13751/4077-13751-0021.flac,1580-141084-0004,4077-13751-0021,/Users/davidmillard/Downloads/eval/our_SB_5/1580-141084-0004__to__4077-13751-0021.wav,/Users/davidmillard/Downloads/eval/freevc/target/1580-141084-0004_to_4077-13751-0021_target.flac,True,0.3911615908145904,3.6086299419403076
197,our_SB_5,1580/141084/1580-141084-0006.flac,4446/2275/4446-2275-0009.flac,1580-141084-0006,4446-2275-0009,/Users/davidmillard/Downloads/eval/our_SB_5/1580-141084-0006__to__4446-2275-0009.wav,/Users/davidmillard/Downloads/eval/freevc/target/1580-141084-0006_to_4446-2275-0009_target.flac,True,0.194367304444313,3.177182674407959
198,our_SB_5,1580/141084/1580-141084-0008.flac,1320/122612/1320-122612-0015.flac,1580-141084-0008,1320-122612-0015,/Users/davidmillard/Downloads/eval/our_SB_5/1580-141084-0008__to__1320-122612-0015.wav,/Users/davidmillard/Downloads/eval/freevc/target/1580-141084-0008_to_1320-122612-0015_target.flac,True,0.3163764178752899,3.214266061782837
199,our_SB_5,1580/141084/1580-141084-0010.flac,8455/210777/8455-210777-0030.flac,1580-141084-0010,8455-210777-0030,/Users/davidmillard/Downloads/eval/our_SB_5/1580-141084-0010__to__8455-210777-0030.wav,/Users/davidmillard/Downloads/eval/freevc/target/1580-141084-0010_to_8455-210777-0030_target.flac,True,0.4129649698734283,2.9931344985961914
200,our_SB_5,1580/141084/1580-141084-0012.flac,6930/75918/6930-75918-0002.flac,1580-141084-0012,6930-75918-0002,/Users/davidmillard/Downloads/eval/our_SB_5/1580-141084-0012__to__6930-75918-0002.wav,/Users/davidmillard/Downloads/eval/freevc/target/1580-141084-0012_to_6930-75918-0002_target.flac,True,0.2961294054985046,1.7717281579971313
201,our_SB_5,1580/141084/1580-141084-0014.flac,3575/170457/3575-170457-0025.flac,1580-141084-0014,3575-170457-0025,/Users/davidmillard/Downloads/eval/our_SB_5/1580-141084-0014__to__3575-170457-0025.wav,/Users/davidmillard/Downloads/eval/freevc/target/1580-141084-0014_to_3575-170457-0025_target.flac,True,0.3497877418994903,3.3728318214416504
202,our_SB_5,1580/141084/1580-141084-0016.flac,8555/284447/8555-284447-0023.flac,1580-141084-0016,8555-284447-0023,/Users/davidmillard/Downloads/eval/our_SB_5/1580-141084-0016__to__8555-284447-0023.wav,/Users/davidmillard/Downloads/eval/freevc/target/1580-141084-0016_to_8555-284447-0023_target.flac,True,0.0542895309627056,3.5998940467834473
203,our_SB_5,1580/141084/1580-141084-0018.flac,8224/274384/8224-274384-0004.flac,1580-141084-0018,8224-274384-0004,/Users/davidmillard/Downloads/eval/our_SB_5/1580-141084-0018__to__8224-274384-0004.wav,/Users/davidmillard/Downloads/eval/freevc/target/1580-141084-0018_to_8224-274384-0004_target.flac,True,0.3520064651966095,2.5775365829467773
204,our_SB_5,1580/141084/1580-141084-0020.flac,5105/28240/5105-28240-0011.flac,1580-141084-0020,5105-28240-0011,/Users/davidmillard/Downloads/eval/our_SB_5/1580-141084-0020__to__5105-28240-0011.wav,/Users/davidmillard/Downloads/eval/freevc/target/1580-141084-0020_to_5105-28240-0011_target.flac,True,0.3145766854286194,3.4844751358032227
205,our_SB_5,1580/141084/1580-141084-0022.flac,4970/29093/4970-29093-0016.flac,1580-141084-0022,4970-29093-0016,/Users/davidmillard/Downloads/eval/our_SB_5/1580-141084-0022__to__4970-29093-0016.wav,/Users/davidmillard/Downloads/eval/freevc/target/1580-141084-0022_to_4970-29093-0016_target.flac,True,0.201735645532608,3.883704900741577
206,our_SB_5,1580/141084/1580-141084-0024.flac,2961/960/2961-960-0020.flac,1580-141084-0024,2961-960-0020,/Users/davidmillard/Downloads/eval/our_SB_5/1580-141084-0024__to__2961-960-0020.wav,/Users/davidmillard/Downloads/eval/freevc/target/1580-141084-0024_to_2961-960-0020_target.flac,True,0.2370608747005462,3.619053363800049
207,our_SB_5,1580/141084/1580-141084-0026.flac,8230/279154/8230-279154-0011.flac,1580-141084-0026,8230-279154-0011,/Users/davidmillard/Downloads/eval/our_SB_5/1580-141084-0026__to__8230-279154-0011.wav,/Users/davidmillard/Downloads/eval/freevc/target/1580-141084-0026_to_8230-279154-0011_target.flac,True,0.4344533085823059,3.066987991333008
208,our_SB_5,1580/141084/1580-141084-0028.flac,7127/75947/7127-75947-0005.flac,1580-141084-0028,7127-75947-0005,/Users/davidmillard/Downloads/eval/our_SB_5/1580-141084-0028__to__7127-75947-0005.wav,/Users/davidmillard/Downloads/eval/freevc/target/1580-141084-0028_to_7127-75947-0005_target.flac,True,0.2728971242904663,3.316387414932251
209,our_SB_5,1580/141084/1580-141084-0030.flac,8224/274384/8224-274384-0000.flac,1580-141084-0030,8224-274384-0000,/Users/davidmillard/Downloads/eval/our_SB_5/1580-141084-0030__to__8224-274384-0000.wav,/Users/davidmillard/Downloads/eval/freevc/target/1580-141084-0030_to_8224-274384-0000_target.flac,True,0.2844726741313934,3.3758840560913086
210,our_SB_5,1580/141084/1580-141084-0032.flac,4507/16021/4507-16021-0014.flac,1580-141084-0032,4507-16021-0014,/Users/davidmillard/Downloads/eval/our_SB_5/1580-141084-0032__to__4507-16021-0014.wav,/Users/davidmillard/Downloads/eval/freevc/target/1580-141084-0032_to_4507-16021-0014_target.flac,True,0.4281907081604004,3.9185729026794434
211,our_SB_5,1580/141084/1580-141084-0034.flac,4970/29093/4970-29093-0000.flac,1580-141084-0034,4970-29093-0000,/Users/davidmillard/Downloads/eval/our_SB_5/1580-141084-0034__to__4970-29093-0000.wav,/Users/davidmillard/Downloads/eval/freevc/target/1580-141084-0034_to_4970-29093-0000_target.flac,True,0.2080170512199401,3.566176176071167
212,our_SB_5,1580/141084/1580-141084-0036.flac,4446/2271/4446-2271-0005.flac,1580-141084-0036,4446-2271-0005,/Users/davidmillard/Downloads/eval/our_SB_5/1580-141084-0036__to__4446-2271-0005.wav,/Users/davidmillard/Downloads/eval/freevc/target/1580-141084-0036_to_4446-2271-0005_target.flac,True,0.156604379415512,3.322218418121338
213,our_SB_5,1580/141084/1580-141084-0038.flac,4507/16021/4507-16021-0044.flac,1580-141084-0038,4507-16021-0044,/Users/davidmillard/Downloads/eval/our_SB_5/1580-141084-0038__to__4507-16021-0044.wav,/Users/davidmillard/Downloads/eval/freevc/target/1580-141084-0038_to_4507-16021-0044_target.flac,True,0.3095382452011108,3.4564127922058105
214,our_SB_5,1580/141084/1580-141084-0040.flac,7176/88083/7176-88083-0013.flac,1580-141084-0040,7176-88083-0013,/Users/davidmillard/Downloads/eval/our_SB_5/1580-141084-0040__to__7176-88083-0013.wav,/Users/davidmillard/Downloads/eval/freevc/target/1580-141084-0040_to_7176-88083-0013_target.flac,True,0.3196045160293579,3.4269464015960693
215,our_SB_5,1580/141084/1580-141084-0042.flac,7127/75947/7127-75947-0031.flac,1580-141084-0042,7127-75947-0031,/Users/davidmillard/Downloads/eval/our_SB_5/1580-141084-0042__to__7127-75947-0031.wav,/Users/davidmillard/Downloads/eval/freevc/target/1580-141084-0042_to_7127-75947-0031_target.flac,True,0.2830239236354828,3.604693651199341
216,our_SB_5,1580/141084/1580-141084-0044.flac,2830/3979/2830-3979-0006.flac,1580-141084-0044,2830-3979-0006,/Users/davidmillard/Downloads/eval/our_SB_5/1580-141084-0044__to__2830-3979-0006.wav,/Users/davidmillard/Downloads/eval/freevc/target/1580-141084-0044_to_2830-3979-0006_target.flac,True,0.365484207868576,3.30873441696167
217,our_SB_5,1580/141084/1580-141084-0046.flac,2094/142345/2094-142345-0052.flac,1580-141084-0046,2094-142345-0052,/Users/davidmillard/Downloads/eval/our_SB_5/1580-141084-0046__to__2094-142345-0052.wav,/Users/davidmillard/Downloads/eval/freevc/target/1580-141084-0046_to_2094-142345-0052_target.flac,True,0.3243067264556885,3.3166890144348145
218,our_SB_5,1580/141084/1580-141084-0048.flac,7176/88083/7176-88083-0009.flac,1580-141084-0048,7176-88083-0009,/Users/davidmillard/Downloads/eval/our_SB_5/1580-141084-0048__to__7176-88083-0009.wav,/Users/davidmillard/Downloads/eval/freevc/target/1580-141084-0048_to_7176-88083-0009_target.flac,True,0.2578018307685852,3.0525519847869873
219,our_SB_5,1580/141084/1580-141084-0050.flac,237/126133/237-126133-0019.flac,1580-141084-0050,237-126133-0019,/Users/davidmillard/Downloads/eval/our_SB_5/1580-141084-0050__to__237-126133-0019.wav,/Users/davidmillard/Downloads/eval/freevc/target/1580-141084-0050_to_237-126133-0019_target.flac,True,0.3854201138019562,3.4544103145599365
220,our_SB_5,1995/1826/1995-1826-0001.flac,1320/122612/1320-122612-0015.flac,1995-1826-0001,1320-122612-0015,/Users/davidmillard/Downloads/eval/our_SB_5/1995-1826-0001__to__1320-122612-0015.wav,/Users/davidmillard/Downloads/eval/freevc/target/1995-1826-0001_to_1320-122612-0015_target.flac,True,0.4955841302871704,3.2755372524261475
221,our_SB_5,1995/1826/1995-1826-0003.flac,672/122797/672-122797-0028.flac,1995-1826-0003,672-122797-0028,/Users/davidmillard/Downloads/eval/our_SB_5/1995-1826-0003__to__672-122797-0028.wav,/Users/davidmillard/Downloads/eval/freevc/target/1995-1826-0003_to_672-122797-0028_target.flac,True,0.3201670348644256,3.0542550086975098
222,our_SB_5,1995/1826/1995-1826-0005.flac,6930/81414/6930-81414-0006.flac,1995-1826-0005,6930-81414-0006,/Users/davidmillard/Downloads/eval/our_SB_5/1995-1826-0005__to__6930-81414-0006.wav,/Users/davidmillard/Downloads/eval/freevc/target/1995-1826-0005_to_6930-81414-0006_target.flac,True,0.1582130938768386,3.0986804962158203
223,our_SB_5,1995/1826/1995-1826-0007.flac,8555/284449/8555-284449-0002.flac,1995-1826-0007,8555-284449-0002,/Users/davidmillard/Downloads/eval/our_SB_5/1995-1826-0007__to__8555-284449-0002.wav,/Users/davidmillard/Downloads/eval/freevc/target/1995-1826-0007_to_8555-284449-0002_target.flac,True,0.1428013741970062,3.5546767711639404
224,our_SB_5,1995/1826/1995-1826-0009.flac,1221/135767/1221-135767-0023.flac,1995-1826-0009,1221-135767-0023,/Users/davidmillard/Downloads/eval/our_SB_5/1995-1826-0009__to__1221-135767-0023.wav,/Users/davidmillard/Downloads/eval/freevc/target/1995-1826-0009_to_1221-135767-0023_target.flac,True,0.2206750661134719,3.3374438285827637
225,our_SB_5,1995/1826/1995-1826-0011.flac,3570/5696/3570-5696-0001.flac,1995-1826-0011,3570-5696-0001,/Users/davidmillard/Downloads/eval/our_SB_5/1995-1826-0011__to__3570-5696-0001.wav,/Users/davidmillard/Downloads/eval/freevc/target/1995-1826-0011_to_3570-5696-0001_target.flac,True,0.3444726169109344,3.4046857357025146
226,our_SB_5,1995/1826/1995-1826-0013.flac,1320/122612/1320-122612-0010.flac,1995-1826-0013,1320-122612-0010,/Users/davidmillard/Downloads/eval/our_SB_5/1995-1826-0013__to__1320-122612-0010.wav,/Users/davidmillard/Downloads/eval/freevc/target/1995-1826-0013_to_1320-122612-0010_target.flac,True,0.396341472864151,3.149069309234619
227,our_SB_5,1995/1826/1995-1826-0015.flac,8455/210777/8455-210777-0009.flac,1995-1826-0015,8455-210777-0009,/Users/davidmillard/Downloads/eval/our_SB_5/1995-1826-0015__to__8455-210777-0009.wav,/Users/davidmillard/Downloads/eval/freevc/target/1995-1826-0015_to_8455-210777-0009_target.flac,True,0.1957161128520965,3.505800724029541
228,our_SB_5,1995/1826/1995-1826-0017.flac,672/122797/672-122797-0057.flac,1995-1826-0017,672-122797-0057,/Users/davidmillard/Downloads/eval/our_SB_5/1995-1826-0017__to__672-122797-0057.wav,/Users/davidmillard/Downloads/eval/freevc/target/1995-1826-0017_to_672-122797-0057_target.flac,True,0.357925683259964,3.3408939838409424
229,our_SB_5,1995/1826/1995-1826-0019.flac,4507/16021/4507-16021-0002.flac,1995-1826-0019,4507-16021-0002,/Users/davidmillard/Downloads/eval/our_SB_5/1995-1826-0019__to__4507-16021-0002.wav,/Users/davidmillard/Downloads/eval/freevc/target/1995-1826-0019_to_4507-16021-0002_target.flac,True,0.2071573734283447,2.9384419918060303
230,our_SB_5,1995/1826/1995-1826-0021.flac,4507/16021/4507-16021-0044.flac,1995-1826-0021,4507-16021-0044,/Users/davidmillard/Downloads/eval/our_SB_5/1995-1826-0021__to__4507-16021-0044.wav,/Users/davidmillard/Downloads/eval/freevc/target/1995-1826-0021_to_4507-16021-0044_target.flac,True,0.2393228560686111,3.7034833431243896
231,our_SB_5,1995/1826/1995-1826-0023.flac,3575/170457/3575-170457-0016.flac,1995-1826-0023,3575-170457-0016,/Users/davidmillard/Downloads/eval/our_SB_5/1995-1826-0023__to__3575-170457-0016.wav,/Users/davidmillard/Downloads/eval/freevc/target/1995-1826-0023_to_3575-170457-0016_target.flac,True,0.1424047201871872,3.0341970920562744
232,our_SB_5,1995/1826/1995-1826-0025.flac,2961/961/2961-961-0004.flac,1995-1826-0025,2961-961-0004,/Users/davidmillard/Downloads/eval/our_SB_5/1995-1826-0025__to__2961-961-0004.wav,/Users/davidmillard/Downloads/eval/freevc/target/1995-1826-0025_to_2961-961-0004_target.flac,True,0.2199572324752807,2.386610507965088
233,our_SB_5,1995/1836/1995-1836-0000.flac,3575/170457/3575-170457-0041.flac,1995-1836-0000,3575-170457-0041,/Users/davidmillard/Downloads/eval/our_SB_5/1995-1836-0000__to__3575-170457-0041.wav,/Users/davidmillard/Downloads/eval/freevc/target/1995-1836-0000_to_3575-170457-0041_target.flac,True,0.3291876316070556,3.1475136280059814
234,our_SB_5,1995/1836/1995-1836-0002.flac,237/126133/237-126133-0009.flac,1995-1836-0002,237-126133-0009,/Users/davidmillard/Downloads/eval/our_SB_5/1995-1836-0002__to__237-126133-0009.wav,/Users/davidmillard/Downloads/eval/freevc/target/1995-1836-0002_to_237-126133-0009_target.flac,True,0.2893887460231781,3.4455273151397705
235,our_SB_5,1995/1836/1995-1836-0004.flac,4970/29095/4970-29095-0014.flac,1995-1836-0004,4970-29095-0014,/Users/davidmillard/Downloads/eval/our_SB_5/1995-1836-0004__to__4970-29095-0014.wav,/Users/davidmillard/Downloads/eval/freevc/target/1995-1836-0004_to_4970-29095-0014_target.flac,True,0.1584942638874054,2.9803431034088135
236,our_SB_5,1995/1836/1995-1836-0006.flac,6930/75918/6930-75918-0015.flac,1995-1836-0006,6930-75918-0015,/Users/davidmillard/Downloads/eval/our_SB_5/1995-1836-0006__to__6930-75918-0015.wav,/Users/davidmillard/Downloads/eval/freevc/target/1995-1836-0006_to_6930-75918-0015_target.flac,True,0.2768171429634094,3.474985122680664
237,our_SB_5,1995/1836/1995-1836-0008.flac,4970/29095/4970-29095-0020.flac,1995-1836-0008,4970-29095-0020,/Users/davidmillard/Downloads/eval/our_SB_5/1995-1836-0008__to__4970-29095-0020.wav,/Users/davidmillard/Downloads/eval/freevc/target/1995-1836-0008_to_4970-29095-0020_target.flac,True,0.175266146659851,3.205042839050293
238,our_SB_5,1995/1836/1995-1836-0010.flac,7729/102255/7729-102255-0034.flac,1995-1836-0010,7729-102255-0034,/Users/davidmillard/Downloads/eval/our_SB_5/1995-1836-0010__to__7729-102255-0034.wav,/Users/davidmillard/Downloads/eval/freevc/target/1995-1836-0010_to_7729-102255-0034_target.flac,True,0.1630739718675613,2.8267548084259033
239,our_SB_5,1995/1836/1995-1836-0012.flac,1320/122617/1320-122617-0021.flac,1995-1836-0012,1320-122617-0021,/Users/davidmillard/Downloads/eval/our_SB_5/1995-1836-0012__to__1320-122617-0021.wav,/Users/davidmillard/Downloads/eval/freevc/target/1995-1836-0012_to_1320-122617-0021_target.flac,True,0.1610718965530395,2.584078788757324
240,our_SB_5,1995/1836/1995-1836-0014.flac,6829/68769/6829-68769-0041.flac,1995-1836-0014,6829-68769-0041,/Users/davidmillard/Downloads/eval/our_SB_5/1995-1836-0014__to__6829-68769-0041.wav,/Users/davidmillard/Downloads/eval/freevc/target/1995-1836-0014_to_6829-68769-0041_target.flac,True,0.1369235068559646,3.373777389526367
241,our_SB_5,1995/1837/1995-1837-0001.flac,1188/133604/1188-133604-0005.flac,1995-1837-0001,1188-133604-0005,/Users/davidmillard/Downloads/eval/our_SB_5/1995-1837-0001__to__1188-133604-0005.wav,/Users/davidmillard/Downloads/eval/freevc/target/1995-1837-0001_to_1188-133604-0005_target.flac,True,0.2840545177459717,3.147653579711914
242,our_SB_5,1995/1837/1995-1837-0003.flac,8463/287645/8463-287645-0002.flac,1995-1837-0003,8463-287645-0002,/Users/davidmillard/Downloads/eval/our_SB_5/1995-1837-0003__to__8463-287645-0002.wav,/Users/davidmillard/Downloads/eval/freevc/target/1995-1837-0003_to_8463-287645-0002_target.flac,True,0.2605598568916321,2.9372799396514893
243,our_SB_5,1995/1837/1995-1837-0005.flac,121/127105/121-127105-0023.flac,1995-1837-0005,121-127105-0023,/Users/davidmillard/Downloads/eval/our_SB_5/1995-1837-0005__to__121-127105-0023.wav,/Users/davidmillard/Downloads/eval/freevc/target/1995-1837-0005_to_121-127105-0023_target.flac,True,0.36926931142807,3.0006179809570312
244,our_SB_5,1995/1837/1995-1837-0007.flac,8224/274384/8224-274384-0010.flac,1995-1837-0007,8224-274384-0010,/Users/davidmillard/Downloads/eval/our_SB_5/1995-1837-0007__to__8224-274384-0010.wav,/Users/davidmillard/Downloads/eval/freevc/target/1995-1837-0007_to_8224-274384-0010_target.flac,True,0.328754186630249,3.23332142829895
245,our_SB_5,1995/1837/1995-1837-0009.flac,8555/284449/8555-284449-0002.flac,1995-1837-0009,8555-284449-0002,/Users/davidmillard/Downloads/eval/our_SB_5/1995-1837-0009__to__8555-284449-0002.wav,/Users/davidmillard/Downloads/eval/freevc/target/1995-1837-0009_to_8555-284449-0002_target.flac,True,0.2771678566932678,3.352005958557129
246,our_SB_5,1995/1837/1995-1837-0011.flac,7127/75947/7127-75947-0014.flac,1995-1837-0011,7127-75947-0014,/Users/davidmillard/Downloads/eval/our_SB_5/1995-1837-0011__to__7127-75947-0014.wav,/Users/davidmillard/Downloads/eval/freevc/target/1995-1837-0011_to_7127-75947-0014_target.flac,True,0.303121268749237,3.16648268699646
247,our_SB_5,1995/1837/1995-1837-0013.flac,4992/41797/4992-41797-0021.flac,1995-1837-0013,4992-41797-0021,/Users/davidmillard/Downloads/eval/our_SB_5/1995-1837-0013__to__4992-41797-0021.wav,/Users/davidmillard/Downloads/eval/freevc/target/1995-1837-0013_to_4992-41797-0021_target.flac,True,0.2031836807727813,3.571690797805786
248,our_SB_5,1995/1837/1995-1837-0015.flac,5105/28240/5105-28240-0015.flac,1995-1837-0015,5105-28240-0015,/Users/davidmillard/Downloads/eval/our_SB_5/1995-1837-0015__to__5105-28240-0015.wav,/Users/davidmillard/Downloads/eval/freevc/target/1995-1837-0015_to_5105-28240-0015_target.flac,True,0.3383077383041382,3.110173225402832
249,our_SB_5,1995/1837/1995-1837-0017.flac,61/70970/61-70970-0034.flac,1995-1837-0017,61-70970-0034,/Users/davidmillard/Downloads/eval/our_SB_5/1995-1837-0017__to__61-70970-0034.wav,/Users/davidmillard/Downloads/eval/freevc/target/1995-1837-0017_to_61-70970-0034_target.flac,True,0.1934711039066314,3.0536558628082275
250,our_SB_5,1995/1837/1995-1837-0019.flac,7021/79730/7021-79730-0005.flac,1995-1837-0019,7021-79730-0005,/Users/davidmillard/Downloads/eval/our_SB_5/1995-1837-0019__to__7021-79730-0005.wav,/Users/davidmillard/Downloads/eval/freevc/target/1995-1837-0019_to_7021-79730-0005_target.flac,True,0.1200374066829681,2.788553237915039
251,our_SB_5,1995/1837/1995-1837-0021.flac,4992/23283/4992-23283-0007.flac,1995-1837-0021,4992-23283-0007,/Users/davidmillard/Downloads/eval/our_SB_5/1995-1837-0021__to__4992-23283-0007.wav,/Users/davidmillard/Downloads/eval/freevc/target/1995-1837-0021_to_4992-23283-0007_target.flac,True,0.219974011182785,3.1660518646240234
252,our_SB_5,1995/1837/1995-1837-0023.flac,1089/134691/1089-134691-0021.flac,1995-1837-0023,1089-134691-0021,/Users/davidmillard/Downloads/eval/our_SB_5/1995-1837-0023__to__1089-134691-0021.wav,/Users/davidmillard/Downloads/eval/freevc/target/1995-1837-0023_to_1089-134691-0021_target.flac,True,0.468353658914566,3.2261173725128174
253,our_SB_5,1995/1837/1995-1837-0025.flac,2961/961/2961-961-0010.flac,1995-1837-0025,2961-961-0010,/Users/davidmillard/Downloads/eval/our_SB_5/1995-1837-0025__to__2961-961-0010.wav,/Users/davidmillard/Downloads/eval/freevc/target/1995-1837-0025_to_2961-961-0010_target.flac,True,0.1404695361852646,3.056410074234009
254,our_SB_5,1995/1837/1995-1837-0027.flac,7176/92135/7176-92135-0028.flac,1995-1837-0027,7176-92135-0028,/Users/davidmillard/Downloads/eval/our_SB_5/1995-1837-0027__to__7176-92135-0028.wav,/Users/davidmillard/Downloads/eval/freevc/target/1995-1837-0027_to_7176-92135-0028_target.flac,True,0.2197798788547516,2.7684171199798584
255,our_SB_5,1995/1837/1995-1837-0029.flac,4446/2275/4446-2275-0008.flac,1995-1837-0029,4446-2275-0008,/Users/davidmillard/Downloads/eval/our_SB_5/1995-1837-0029__to__4446-2275-0008.wav,/Users/davidmillard/Downloads/eval/freevc/target/1995-1837-0029_to_4446-2275-0008_target.flac,True,0.1565787494182586,2.870978593826294
256,our_SB_5,2094/142345/2094-142345-0001.flac,6930/81414/6930-81414-0012.flac,2094-142345-0001,6930-81414-0012,/Users/davidmillard/Downloads/eval/our_SB_5/2094-142345-0001__to__6930-81414-0012.wav,/Users/davidmillard/Downloads/eval/freevc/target/2094-142345-0001_to_6930-81414-0012_target.flac,True,0.247830256819725,3.3817198276519775
257,our_SB_5,2094/142345/2094-142345-0003.flac,908/31957/908-31957-0020.flac,2094-142345-0003,908-31957-0020,/Users/davidmillard/Downloads/eval/our_SB_5/2094-142345-0003__to__908-31957-0020.wav,/Users/davidmillard/Downloads/eval/freevc/target/2094-142345-0003_to_908-31957-0020_target.flac,True,0.3457322120666504,2.935112953186035
258,our_SB_5,2094/142345/2094-142345-0005.flac,260/123288/260-123288-0007.flac,2094-142345-0005,260-123288-0007,/Users/davidmillard/Downloads/eval/our_SB_5/2094-142345-0005__to__260-123288-0007.wav,/Users/davidmillard/Downloads/eval/freevc/target/2094-142345-0005_to_260-123288-0007_target.flac,True,0.410423994064331,3.086989402770996
259,our_SB_5,2094/142345/2094-142345-0007.flac,8455/210777/8455-210777-0052.flac,2094-142345-0007,8455-210777-0052,/Users/davidmillard/Downloads/eval/our_SB_5/2094-142345-0007__to__8455-210777-0052.wav,/Users/davidmillard/Downloads/eval/freevc/target/2094-142345-0007_to_8455-210777-0052_target.flac,True,0.1259420812129974,3.614934206008911
260,our_SB_5,2094/142345/2094-142345-0009.flac,1995/1837/1995-1837-0017.flac,2094-142345-0009,1995-1837-0017,/Users/davidmillard/Downloads/eval/our_SB_5/2094-142345-0009__to__1995-1837-0017.wav,/Users/davidmillard/Downloads/eval/freevc/target/2094-142345-0009_to_1995-1837-0017_target.flac,True,0.4459432959556579,3.3805441856384277
261,our_SB_5,2094/142345/2094-142345-0011.flac,7176/92135/7176-92135-0009.flac,2094-142345-0011,7176-92135-0009,/Users/davidmillard/Downloads/eval/our_SB_5/2094-142345-0011__to__7176-92135-0009.wav,/Users/davidmillard/Downloads/eval/freevc/target/2094-142345-0011_to_7176-92135-0009_target.flac,True,0.2946671545505523,3.6019158363342285
262,our_SB_5,2094/142345/2094-142345-0013.flac,4446/2273/4446-2273-0028.flac,2094-142345-0013,4446-2273-0028,/Users/davidmillard/Downloads/eval/our_SB_5/2094-142345-0013__to__4446-2273-0028.wav,/Users/davidmillard/Downloads/eval/freevc/target/2094-142345-0013_to_4446-2273-0028_target.flac,True,0.3721424043178558,3.3323276042938232
263,our_SB_5,2094/142345/2094-142345-0015.flac,3729/6852/3729-6852-0029.flac,2094-142345-0015,3729-6852-0029,/Users/davidmillard/Downloads/eval/our_SB_5/2094-142345-0015__to__3729-6852-0029.wav,/Users/davidmillard/Downloads/eval/freevc/target/2094-142345-0015_to_3729-6852-0029_target.flac,True,0.423837810754776,3.285154342651367
264,our_SB_5,2094/142345/2094-142345-0017.flac,5683/32866/5683-32866-0006.flac,2094-142345-0017,5683-32866-0006,/Users/davidmillard/Downloads/eval/our_SB_5/2094-142345-0017__to__5683-32866-0006.wav,/Users/davidmillard/Downloads/eval/freevc/target/2094-142345-0017_to_5683-32866-0006_target.flac,True,0.2629020512104034,3.3847012519836426
265,our_SB_5,2094/142345/2094-142345-0019.flac,2300/131720/2300-131720-0004.flac,2094-142345-0019,2300-131720-0004,/Users/davidmillard/Downloads/eval/our_SB_5/2094-142345-0019__to__2300-131720-0004.wav,/Users/davidmillard/Downloads/eval/freevc/target/2094-142345-0019_to_2300-131720-0004_target.flac,True,0.3493828773498535,2.8385205268859863
266,our_SB_5,2094/142345/2094-142345-0021.flac,672/122797/672-122797-0043.flac,2094-142345-0021,672-122797-0043,/Users/davidmillard/Downloads/eval/our_SB_5/2094-142345-0021__to__672-122797-0043.wav,/Users/davidmillard/Downloads/eval/freevc/target/2094-142345-0021_to_672-122797-0043_target.flac,True,0.2145019173622131,3.3950839042663574
267,our_SB_5,2094/142345/2094-142345-0023.flac,1089/134686/1089-134686-0036.flac,2094-142345-0023,1089-134686-0036,/Users/davidmillard/Downloads/eval/our_SB_5/2094-142345-0023__to__1089-134686-0036.wav,/Users/davidmillard/Downloads/eval/freevc/target/2094-142345-0023_to_1089-134686-0036_target.flac,True,0.2900071442127228,2.796569347381592
268,our_SB_5,2094/142345/2094-142345-0025.flac,8555/284449/8555-284449-0012.flac,2094-142345-0025,8555-284449-0012,/Users/davidmillard/Downloads/eval/our_SB_5/2094-142345-0025__to__8555-284449-0012.wav,/Users/davidmillard/Downloads/eval/freevc/target/2094-142345-0025_to_8555-284449-0012_target.flac,True,0.140194833278656,3.0995750427246094
269,our_SB_5,2094/142345/2094-142345-0027.flac,6930/81414/6930-81414-0018.flac,2094-142345-0027,6930-81414-0018,/Users/davidmillard/Downloads/eval/our_SB_5/2094-142345-0027__to__6930-81414-0018.wav,/Users/davidmillard/Downloads/eval/freevc/target/2094-142345-0027_to_6930-81414-0018_target.flac,True,0.2365892380475998,2.7940945625305176
270,our_SB_5,2094/142345/2094-142345-0029.flac,5105/28240/5105-28240-0024.flac,2094-142345-0029,5105-28240-0024,/Users/davidmillard/Downloads/eval/our_SB_5/2094-142345-0029__to__5105-28240-0024.wav,/Users/davidmillard/Downloads/eval/freevc/target/2094-142345-0029_to_5105-28240-0024_target.flac,True,0.4480670690536499,3.7180774211883545
271,our_SB_5,2094/142345/2094-142345-0031.flac,7021/79740/7021-79740-0010.flac,2094-142345-0031,7021-79740-0010,/Users/davidmillard/Downloads/eval/our_SB_5/2094-142345-0031__to__7021-79740-0010.wav,/Users/davidmillard/Downloads/eval/freevc/target/2094-142345-0031_to_7021-79740-0010_target.flac,True,0.1504641622304916,3.07855224609375
272,our_SB_5,2094/142345/2094-142345-0033.flac,3729/6852/3729-6852-0036.flac,2094-142345-0033,3729-6852-0036,/Users/davidmillard/Downloads/eval/our_SB_5/2094-142345-0033__to__3729-6852-0036.wav,/Users/davidmillard/Downloads/eval/freevc/target/2094-142345-0033_to_3729-6852-0036_target.flac,True,0.3687162697315216,3.504340887069702
273,our_SB_5,2094/142345/2094-142345-0035.flac,672/122797/672-122797-0005.flac,2094-142345-0035,672-122797-0005,/Users/davidmillard/Downloads/eval/our_SB_5/2094-142345-0035__to__672-122797-0005.wav,/Users/davidmillard/Downloads/eval/freevc/target/2094-142345-0035_to_672-122797-0005_target.flac,True,0.2096711695194244,3.502227306365967
274,our_SB_5,2094/142345/2094-142345-0037.flac,7127/75947/7127-75947-0018.flac,2094-142345-0037,7127-75947-0018,/Users/davidmillard/Downloads/eval/our_SB_5/2094-142345-0037__to__7127-75947-0018.wav,/Users/davidmillard/Downloads/eval/freevc/target/2094-142345-0037_to_7127-75947-0018_target.flac,True,0.2906789183616638,3.6561546325683594
275,our_SB_5,2094/142345/2094-142345-0039.flac,7176/88083/7176-88083-0004.flac,2094-142345-0039,7176-88083-0004,/Users/davidmillard/Downloads/eval/our_SB_5/2094-142345-0039__to__7176-88083-0004.wav,/Users/davidmillard/Downloads/eval/freevc/target/2094-142345-0039_to_7176-88083-0004_target.flac,True,0.2665480971336365,3.1892142295837402
276,our_SB_5,2094/142345/2094-142345-0041.flac,8555/284447/8555-284447-0021.flac,2094-142345-0041,8555-284447-0021,/Users/davidmillard/Downloads/eval/our_SB_5/2094-142345-0041__to__8555-284447-0021.wav,/Users/davidmillard/Downloads/eval/freevc/target/2094-142345-0041_to_8555-284447-0021_target.flac,True,0.193062737584114,2.830648422241211
277,our_SB_5,2094/142345/2094-142345-0043.flac,1580/141084/1580-141084-0013.flac,2094-142345-0043,1580-141084-0013,/Users/davidmillard/Downloads/eval/our_SB_5/2094-142345-0043__to__1580-141084-0013.wav,/Users/davidmillard/Downloads/eval/freevc/target/2094-142345-0043_to_1580-141084-0013_target.flac,True,0.455480694770813,3.2639527320861816
278,our_SB_5,2094/142345/2094-142345-0045.flac,237/134500/237-134500-0007.flac,2094-142345-0045,237-134500-0007,/Users/davidmillard/Downloads/eval/our_SB_5/2094-142345-0045__to__237-134500-0007.wav,/Users/davidmillard/Downloads/eval/freevc/target/2094-142345-0045_to_237-134500-0007_target.flac,True,0.1493144482374191,3.576104164123535
279,our_SB_5,2094/142345/2094-142345-0047.flac,7127/75947/7127-75947-0003.flac,2094-142345-0047,7127-75947-0003,/Users/davidmillard/Downloads/eval/our_SB_5/2094-142345-0047__to__7127-75947-0003.wav,/Users/davidmillard/Downloads/eval/freevc/target/2094-142345-0047_to_7127-75947-0003_target.flac,True,0.240958034992218,3.222102403640747
280,our_SB_5,2094/142345/2094-142345-0049.flac,61/70970/61-70970-0020.flac,2094-142345-0049,61-70970-0020,/Users/davidmillard/Downloads/eval/our_SB_5/2094-142345-0049__to__61-70970-0020.wav,/Users/davidmillard/Downloads/eval/freevc/target/2094-142345-0049_to_61-70970-0020_target.flac,True,0.3889140784740448,3.6823153495788574
281,our_SB_5,2094/142345/2094-142345-0051.flac,5105/28241/5105-28241-0018.flac,2094-142345-0051,5105-28241-0018,/Users/davidmillard/Downloads/eval/our_SB_5/2094-142345-0051__to__5105-28241-0018.wav,/Users/davidmillard/Downloads/eval/freevc/target/2094-142345-0051_to_5105-28241-0018_target.flac,True,0.4551186859607696,3.444517135620117
282,our_SB_5,2094/142345/2094-142345-0053.flac,4992/41797/4992-41797-0019.flac,2094-142345-0053,4992-41797-0019,/Users/davidmillard/Downloads/eval/our_SB_5/2094-142345-0053__to__4992-41797-0019.wav,/Users/davidmillard/Downloads/eval/freevc/target/2094-142345-0053_to_4992-41797-0019_target.flac,True,0.3517554402351379,3.484902858734131
283,our_SB_5,2094/142345/2094-142345-0055.flac,121/127105/121-127105-0014.flac,2094-142345-0055,121-127105-0014,/Users/davidmillard/Downloads/eval/our_SB_5/2094-142345-0055__to__121-127105-0014.wav,/Users/davidmillard/Downloads/eval/freevc/target/2094-142345-0055_to_121-127105-0014_target.flac,True,0.0426552705466747,3.4197463989257812
284,our_SB_5,2094/142345/2094-142345-0057.flac,4507/16021/4507-16021-0014.flac,2094-142345-0057,4507-16021-0014,/Users/davidmillard/Downloads/eval/our_SB_5/2094-142345-0057__to__4507-16021-0014.wav,/Users/davidmillard/Downloads/eval/freevc/target/2094-142345-0057_to_4507-16021-0014_target.flac,True,0.4681926369667053,3.2883365154266357
285,our_SB_5,2094/142345/2094-142345-0059.flac,1580/141084/1580-141084-0043.flac,2094-142345-0059,1580-141084-0043,/Users/davidmillard/Downloads/eval/our_SB_5/2094-142345-0059__to__1580-141084-0043.wav,/Users/davidmillard/Downloads/eval/freevc/target/2094-142345-0059_to_1580-141084-0043_target.flac,True,0.30325448513031,3.095992088317871
286,our_SB_5,2300/131720/2300-131720-0000.flac,260/123288/260-123288-0006.flac,2300-131720-0000,260-123288-0006,/Users/davidmillard/Downloads/eval/our_SB_5/2300-131720-0000__to__260-123288-0006.wav,/Users/davidmillard/Downloads/eval/freevc/target/2300-131720-0000_to_260-123288-0006_target.flac,True,0.0677603483200073,2.8134214878082275
287,our_SB_5,2300/131720/2300-131720-0002.flac,4992/41806/4992-41806-0006.flac,2300-131720-0002,4992-41806-0006,/Users/davidmillard/Downloads/eval/our_SB_5/2300-131720-0002__to__4992-41806-0006.wav,/Users/davidmillard/Downloads/eval/freevc/target/2300-131720-0002_to_4992-41806-0006_target.flac,True,0.2974305748939514,3.3190622329711914
288,our_SB_5,2300/131720/2300-131720-0004.flac,5142/33396/5142-33396-0047.flac,2300-131720-0004,5142-33396-0047,/Users/davidmillard/Downloads/eval/our_SB_5/2300-131720-0004__to__5142-33396-0047.wav,/Users/davidmillard/Downloads/eval/freevc/target/2300-131720-0004_to_5142-33396-0047_target.flac,True,0.2535791397094726,2.9393537044525146
289,our_SB_5,2300/131720/2300-131720-0006.flac,3729/6852/3729-6852-0033.flac,2300-131720-0006,3729-6852-0033,/Users/davidmillard/Downloads/eval/our_SB_5/2300-131720-0006__to__3729-6852-0033.wav,/Users/davidmillard/Downloads/eval/freevc/target/2300-131720-0006_to_3729-6852-0033_target.flac,True,0.2793595790863037,3.5409505367279053
290,our_SB_5,2300/131720/2300-131720-0008.flac,2830/3980/2830-3980-0008.flac,2300-131720-0008,2830-3980-0008,/Users/davidmillard/Downloads/eval/our_SB_5/2300-131720-0008__to__2830-3980-0008.wav,/Users/davidmillard/Downloads/eval/freevc/target/2300-131720-0008_to_2830-3980-0008_target.flac,True,0.3049153685569763,3.1669039726257324
291,our_SB_5,2300/131720/2300-131720-0010.flac,5683/32866/5683-32866-0012.flac,2300-131720-0010,5683-32866-0012,/Users/davidmillard/Downloads/eval/our_SB_5/2300-131720-0010__to__5683-32866-0012.wav,/Users/davidmillard/Downloads/eval/freevc/target/2300-131720-0010_to_5683-32866-0012_target.flac,True,0.3425089120864868,3.7927629947662354
292,our_SB_5,2300/131720/2300-131720-0012.flac,3575/170457/3575-170457-0029.flac,2300-131720-0012,3575-170457-0029,/Users/davidmillard/Downloads/eval/our_SB_5/2300-131720-0012__to__3575-170457-0029.wav,/Users/davidmillard/Downloads/eval/freevc/target/2300-131720-0012_to_3575-170457-0029_target.flac,True,0.127359390258789,3.3828041553497314
293,our_SB_5,2300/131720/2300-131720-0014.flac,4077/13751/4077-13751-0000.flac,2300-131720-0014,4077-13751-0000,/Users/davidmillard/Downloads/eval/our_SB_5/2300-131720-0014__to__4077-13751-0000.wav,/Users/davidmillard/Downloads/eval/freevc/target/2300-131720-0014_to_4077-13751-0000_target.flac,True,0.3339806199073791,2.831780433654785
294,our_SB_5,2300/131720/2300-131720-0016.flac,4507/16021/4507-16021-0043.flac,2300-131720-0016,4507-16021-0043,/Users/davidmillard/Downloads/eval/our_SB_5/2300-131720-0016__to__4507-16021-0043.wav,/Users/davidmillard/Downloads/eval/freevc/target/2300-131720-0016_to_4507-16021-0043_target.flac,True,0.2986364066600799,3.2324042320251465
295,our_SB_5,2300/131720/2300-131720-0018.flac,1284/1180/1284-1180-0028.flac,2300-131720-0018,1284-1180-0028,/Users/davidmillard/Downloads/eval/our_SB_5/2300-131720-0018__to__1284-1180-0028.wav,/Users/davidmillard/Downloads/eval/freevc/target/2300-131720-0018_to_1284-1180-0028_target.flac,True,0.2966533005237579,3.0595827102661133
296,our_SB_5,2300/131720/2300-131720-0020.flac,4970/29095/4970-29095-0016.flac,2300-131720-0020,4970-29095-0016,/Users/davidmillard/Downloads/eval/our_SB_5/2300-131720-0020__to__4970-29095-0016.wav,/Users/davidmillard/Downloads/eval/freevc/target/2300-131720-0020_to_4970-29095-0016_target.flac,True,0.1643240302801132,3.4883317947387695
297,our_SB_5,2300/131720/2300-131720-0022.flac,4077/13754/4077-13754-0007.flac,2300-131720-0022,4077-13754-0007,/Users/davidmillard/Downloads/eval/our_SB_5/2300-131720-0022__to__4077-13754-0007.wav,/Users/davidmillard/Downloads/eval/freevc/target/2300-131720-0022_to_4077-13754-0007_target.flac,True,0.3898980915546417,2.7597079277038574
298,our_SB_5,2300/131720/2300-131720-0024.flac,5683/32879/5683-32879-0012.flac,2300-131720-0024,5683-32879-0012,/Users/davidmillard/Downloads/eval/our_SB_5/2300-131720-0024__to__5683-32879-0012.wav,/Users/davidmillard/Downloads/eval/freevc/target/2300-131720-0024_to_5683-32879-0012_target.flac,True,0.2244935780763626,3.2020959854125977
299,our_SB_5,2300/131720/2300-131720-0026.flac,5683/32879/5683-32879-0024.flac,2300-131720-0026,5683-32879-0024,/Users/davidmillard/Downloads/eval/our_SB_5/2300-131720-0026__to__5683-32879-0024.wav,/Users/davidmillard/Downloads/eval/freevc/target/2300-131720-0026_to_5683-32879-0024_target.flac,True,0.3571524620056152,3.343733549118042
300,our_SB_5,2300/131720/2300-131720-0028.flac,4507/16021/4507-16021-0044.flac,2300-131720-0028,4507-16021-0044,/Users/davidmillard/Downloads/eval/our_SB_5/2300-131720-0028__to__4507-16021-0044.wav,/Users/davidmillard/Downloads/eval/freevc/target/2300-131720-0028_to_4507-16021-0044_target.flac,True,0.2685061693191528,3.0166146755218506
301,our_SB_5,2300/131720/2300-131720-0030.flac,61/70968/61-70968-0035.flac,2300-131720-0030,61-70968-0035,/Users/davidmillard/Downloads/eval/our_SB_5/2300-131720-0030__to__61-70968-0035.wav,/Users/davidmillard/Downloads/eval/freevc/target/2300-131720-0030_to_61-70968-0035_target.flac,True,0.4995908141136169,2.661561965942383
302,our_SB_5,2300/131720/2300-131720-0032.flac,908/31957/908-31957-0016.flac,2300-131720-0032,908-31957-0016,/Users/davidmillard/Downloads/eval/our_SB_5/2300-131720-0032__to__908-31957-0016.wav,/Users/davidmillard/Downloads/eval/freevc/target/2300-131720-0032_to_908-31957-0016_target.flac,True,0.2167266309261322,3.492588520050049
303,our_SB_5,2300/131720/2300-131720-0034.flac,3575/170457/3575-170457-0038.flac,2300-131720-0034,3575-170457-0038,/Users/davidmillard/Downloads/eval/our_SB_5/2300-131720-0034__to__3575-170457-0038.wav,/Users/davidmillard/Downloads/eval/freevc/target/2300-131720-0034_to_3575-170457-0038_target.flac,True,0.1782399863004684,2.949723720550537
304,our_SB_5,2300/131720/2300-131720-0036.flac,2961/961/2961-961-0016.flac,2300-131720-0036,2961-961-0016,/Users/davidmillard/Downloads/eval/our_SB_5/2300-131720-0036__to__2961-961-0016.wav,/Users/davidmillard/Downloads/eval/freevc/target/2300-131720-0036_to_2961-961-0016_target.flac,True,0.2656143307685852,3.419477939605713
305,our_SB_5,2300/131720/2300-131720-0038.flac,1580/141084/1580-141084-0026.flac,2300-131720-0038,1580-141084-0026,/Users/davidmillard/Downloads/eval/our_SB_5/2300-131720-0038__to__1580-141084-0026.wav,/Users/davidmillard/Downloads/eval/freevc/target/2300-131720-0038_to_1580-141084-0026_target.flac,True,0.31026291847229,3.530097007751465
306,our_SB_5,2300/131720/2300-131720-0040.flac,6930/75918/6930-75918-0004.flac,2300-131720-0040,6930-75918-0004,/Users/davidmillard/Downloads/eval/our_SB_5/2300-131720-0040__to__6930-75918-0004.wav,/Users/davidmillard/Downloads/eval/freevc/target/2300-131720-0040_to_6930-75918-0004_target.flac,True,0.1867103576660156,2.2827324867248535
307,our_SB_5,237/126133/237-126133-0000.flac,2094/142345/2094-142345-0005.flac,237-126133-0000,2094-142345-0005,/Users/davidmillard/Downloads/eval/our_SB_5/237-126133-0000__to__2094-142345-0005.wav,/Users/davidmillard/Downloads/eval/freevc/target/237-126133-0000_to_2094-142345-0005_target.flac,True,0.3477603793144226,3.464099884033203
308,our_SB_5,237/126133/237-126133-0002.flac,672/122797/672-122797-0022.flac,237-126133-0002,672-122797-0022,/Users/davidmillard/Downloads/eval/our_SB_5/237-126133-0002__to__672-122797-0022.wav,/Users/davidmillard/Downloads/eval/freevc/target/237-126133-0002_to_672-122797-0022_target.flac,True,0.2869985997676849,3.372807741165161
309,our_SB_5,237/126133/237-126133-0004.flac,8230/279154/8230-279154-0023.flac,237-126133-0004,8230-279154-0023,/Users/davidmillard/Downloads/eval/our_SB_5/237-126133-0004__to__8230-279154-0023.wav,/Users/davidmillard/Downloads/eval/freevc/target/237-126133-0004_to_8230-279154-0023_target.flac,True,0.4376924037933349,2.595395088195801
310,our_SB_5,237/126133/237-126133-0006.flac,260/123288/260-123288-0000.flac,237-126133-0006,260-123288-0000,/Users/davidmillard/Downloads/eval/our_SB_5/237-126133-0006__to__260-123288-0000.wav,/Users/davidmillard/Downloads/eval/freevc/target/237-126133-0006_to_260-123288-0000_target.flac,True,0.3463864922523498,3.20940899848938
311,our_SB_5,237/126133/237-126133-0008.flac,5105/28241/5105-28241-0015.flac,237-126133-0008,5105-28241-0015,/Users/davidmillard/Downloads/eval/our_SB_5/237-126133-0008__to__5105-28241-0015.wav,/Users/davidmillard/Downloads/eval/freevc/target/237-126133-0008_to_5105-28241-0015_target.flac,True,0.4349606335163116,2.309800863265991
312,our_SB_5,237/126133/237-126133-0010.flac,1284/1180/1284-1180-0009.flac,237-126133-0010,1284-1180-0009,/Users/davidmillard/Downloads/eval/our_SB_5/237-126133-0010__to__1284-1180-0009.wav,/Users/davidmillard/Downloads/eval/freevc/target/237-126133-0010_to_1284-1180-0009_target.flac,True,0.4826934933662414,3.2959415912628174
313,our_SB_5,237/126133/237-126133-0012.flac,61/70970/61-70970-0039.flac,237-126133-0012,61-70970-0039,/Users/davidmillard/Downloads/eval/our_SB_5/237-126133-0012__to__61-70970-0039.wav,/Users/davidmillard/Downloads/eval/freevc/target/237-126133-0012_to_61-70970-0039_target.flac,True,0.2281709313392639,2.949157476425171
314,our_SB_5,237/126133/237-126133-0014.flac,1320/122617/1320-122617-0033.flac,237-126133-0014,1320-122617-0033,/Users/davidmillard/Downloads/eval/our_SB_5/237-126133-0014__to__1320-122617-0033.wav,/Users/davidmillard/Downloads/eval/freevc/target/237-126133-0014_to_1320-122617-0033_target.flac,True,0.4024670720100403,2.9254908561706543
315,our_SB_5,237/126133/237-126133-0016.flac,4077/13754/4077-13754-0012.flac,237-126133-0016,4077-13754-0012,/Users/davidmillard/Downloads/eval/our_SB_5/237-126133-0016__to__4077-13754-0012.wav,/Users/davidmillard/Downloads/eval/freevc/target/237-126133-0016_to_4077-13754-0012_target.flac,True,0.3345016241073608,2.8694870471954346
316,our_SB_5,237/126133/237-126133-0018.flac,5639/40744/5639-40744-0016.flac,237-126133-0018,5639-40744-0016,/Users/davidmillard/Downloads/eval/our_SB_5/237-126133-0018__to__5639-40744-0016.wav,/Users/davidmillard/Downloads/eval/freevc/target/237-126133-0018_to_5639-40744-0016_target.flac,True,0.4820371866226196,3.1920249462127686
317,our_SB_5,237/126133/237-126133-0020.flac,5639/40744/5639-40744-0006.flac,237-126133-0020,5639-40744-0006,/Users/davidmillard/Downloads/eval/our_SB_5/237-126133-0020__to__5639-40744-0006.wav,/Users/davidmillard/Downloads/eval/freevc/target/237-126133-0020_to_5639-40744-0006_target.flac,True,0.3391172587871551,2.980358123779297
318,our_SB_5,237/126133/237-126133-0022.flac,1188/133604/1188-133604-0039.flac,237-126133-0022,1188-133604-0039,/Users/davidmillard/Downloads/eval/our_SB_5/237-126133-0022__to__1188-133604-0039.wav,/Users/davidmillard/Downloads/eval/freevc/target/237-126133-0022_to_1188-133604-0039_target.flac,True,0.4167502820491791,2.4538424015045166
319,our_SB_5,237/126133/237-126133-0024.flac,3575/170457/3575-170457-0041.flac,237-126133-0024,3575-170457-0041,/Users/davidmillard/Downloads/eval/our_SB_5/237-126133-0024__to__3575-170457-0041.wav,/Users/davidmillard/Downloads/eval/freevc/target/237-126133-0024_to_3575-170457-0041_target.flac,True,0.452234148979187,3.4514408111572266
320,our_SB_5,237/134493/237-134493-0000.flac,7021/85628/7021-85628-0027.flac,237-134493-0000,7021-85628-0027,/Users/davidmillard/Downloads/eval/our_SB_5/237-134493-0000__to__7021-85628-0027.wav,/Users/davidmillard/Downloads/eval/freevc/target/237-134493-0000_to_7021-85628-0027_target.flac,True,0.3858821392059326,2.8043770790100098
321,our_SB_5,237/134493/237-134493-0002.flac,672/122797/672-122797-0014.flac,237-134493-0002,672-122797-0014,/Users/davidmillard/Downloads/eval/our_SB_5/237-134493-0002__to__672-122797-0014.wav,/Users/davidmillard/Downloads/eval/freevc/target/237-134493-0002_to_672-122797-0014_target.flac,True,0.2269557863473892,3.046921730041504
322,our_SB_5,237/134493/237-134493-0004.flac,121/123852/121-123852-0004.flac,237-134493-0004,121-123852-0004,/Users/davidmillard/Downloads/eval/our_SB_5/237-134493-0004__to__121-123852-0004.wav,/Users/davidmillard/Downloads/eval/freevc/target/237-134493-0004_to_121-123852-0004_target.flac,True,0.347038209438324,2.673966407775879
323,our_SB_5,237/134493/237-134493-0006.flac,1580/141083/1580-141083-0030.flac,237-134493-0006,1580-141083-0030,/Users/davidmillard/Downloads/eval/our_SB_5/237-134493-0006__to__1580-141083-0030.wav,/Users/davidmillard/Downloads/eval/freevc/target/237-134493-0006_to_1580-141083-0030_target.flac,True,0.3771537244319916,2.61887788772583
324,our_SB_5,237/134493/237-134493-0008.flac,5683/32879/5683-32879-0009.flac,237-134493-0008,5683-32879-0009,/Users/davidmillard/Downloads/eval/our_SB_5/237-134493-0008__to__5683-32879-0009.wav,/Users/davidmillard/Downloads/eval/freevc/target/237-134493-0008_to_5683-32879-0009_target.flac,True,0.2733938694000244,1.9304168224334717
325,our_SB_5,237/134493/237-134493-0010.flac,672/122797/672-122797-0019.flac,237-134493-0010,672-122797-0019,/Users/davidmillard/Downloads/eval/our_SB_5/237-134493-0010__to__672-122797-0019.wav,/Users/davidmillard/Downloads/eval/freevc/target/237-134493-0010_to_672-122797-0019_target.flac,True,0.2256632298231125,3.2966370582580566
326,our_SB_5,237/134493/237-134493-0012.flac,7176/92135/7176-92135-0024.flac,237-134493-0012,7176-92135-0024,/Users/davidmillard/Downloads/eval/our_SB_5/237-134493-0012__to__7176-92135-0024.wav,/Users/davidmillard/Downloads/eval/freevc/target/237-134493-0012_to_7176-92135-0024_target.flac,True,0.3483701646327972,3.0357468128204346
327,our_SB_5,237/134493/237-134493-0014.flac,5639/40744/5639-40744-0013.flac,237-134493-0014,5639-40744-0013,/Users/davidmillard/Downloads/eval/our_SB_5/237-134493-0014__to__5639-40744-0013.wav,/Users/davidmillard/Downloads/eval/freevc/target/237-134493-0014_to_5639-40744-0013_target.flac,True,0.5171853303909302,3.370243549346924
328,our_SB_5,237/134493/237-134493-0016.flac,3729/6852/3729-6852-0023.flac,237-134493-0016,3729-6852-0023,/Users/davidmillard/Downloads/eval/our_SB_5/237-134493-0016__to__3729-6852-0023.wav,/Users/davidmillard/Downloads/eval/freevc/target/237-134493-0016_to_3729-6852-0023_target.flac,True,0.4804987609386444,3.4871826171875
329,our_SB_5,237/134493/237-134493-0018.flac,5639/40744/5639-40744-0034.flac,237-134493-0018,5639-40744-0034,/Users/davidmillard/Downloads/eval/our_SB_5/237-134493-0018__to__5639-40744-0034.wav,/Users/davidmillard/Downloads/eval/freevc/target/237-134493-0018_to_5639-40744-0034_target.flac,True,0.4631938934326172,2.974778175354004
330,our_SB_5,237/134500/237-134500-0001.flac,61/70968/61-70968-0035.flac,237-134500-0001,61-70968-0035,/Users/davidmillard/Downloads/eval/our_SB_5/237-134500-0001__to__61-70968-0035.wav,/Users/davidmillard/Downloads/eval/freevc/target/237-134500-0001_to_61-70968-0035_target.flac,True,0.2539965212345123,3.385221242904663
331,our_SB_5,237/134500/237-134500-0003.flac,7021/79730/7021-79730-0005.flac,237-134500-0003,7021-79730-0005,/Users/davidmillard/Downloads/eval/our_SB_5/237-134500-0003__to__7021-79730-0005.wav,/Users/davidmillard/Downloads/eval/freevc/target/237-134500-0003_to_7021-79730-0005_target.flac,True,0.3116804361343384,2.5409815311431885
332,our_SB_5,237/134500/237-134500-0005.flac,908/157963/908-157963-0001.flac,237-134500-0005,908-157963-0001,/Users/davidmillard/Downloads/eval/our_SB_5/237-134500-0005__to__908-157963-0001.wav,/Users/davidmillard/Downloads/eval/freevc/target/237-134500-0005_to_908-157963-0001_target.flac,True,0.0579347945749759,2.2358787059783936
333,our_SB_5,237/134500/237-134500-0007.flac,3729/6852/3729-6852-0008.flac,237-134500-0007,3729-6852-0008,/Users/davidmillard/Downloads/eval/our_SB_5/237-134500-0007__to__3729-6852-0008.wav,/Users/davidmillard/Downloads/eval/freevc/target/237-134500-0007_to_3729-6852-0008_target.flac,True,0.3125820159912109,3.602281332015991
334,our_SB_5,237/134500/237-134500-0009.flac,1284/1181/1284-1181-0020.flac,237-134500-0009,1284-1181-0020,/Users/davidmillard/Downloads/eval/our_SB_5/237-134500-0009__to__1284-1181-0020.wav,/Users/davidmillard/Downloads/eval/freevc/target/237-134500-0009_to_1284-1181-0020_target.flac,True,0.1482818275690078,3.4276437759399414
335,our_SB_5,237/134500/237-134500-0011.flac,8555/284447/8555-284447-0013.flac,237-134500-0011,8555-284447-0013,/Users/davidmillard/Downloads/eval/our_SB_5/237-134500-0011__to__8555-284447-0013.wav,/Users/davidmillard/Downloads/eval/freevc/target/237-134500-0011_to_8555-284447-0013_target.flac,True,0.2075453698635101,2.4571738243103027
336,our_SB_5,237/134500/237-134500-0013.flac,2300/131720/2300-131720-0038.flac,237-134500-0013,2300-131720-0038,/Users/davidmillard/Downloads/eval/our_SB_5/237-134500-0013__to__2300-131720-0038.wav,/Users/davidmillard/Downloads/eval/freevc/target/237-134500-0013_to_2300-131720-0038_target.flac,True,0.2667303681373596,2.673665761947632
337,our_SB_5,237/134500/237-134500-0015.flac,2300/131720/2300-131720-0008.flac,237-134500-0015,2300-131720-0008,/Users/davidmillard/Downloads/eval/our_SB_5/237-134500-0015__to__2300-131720-0008.wav,/Users/davidmillard/Downloads/eval/freevc/target/237-134500-0015_to_2300-131720-0008_target.flac,True,0.4766601324081421,2.9733142852783203
338,our_SB_5,237/134500/237-134500-0017.flac,2830/3980/2830-3980-0001.flac,237-134500-0017,2830-3980-0001,/Users/davidmillard/Downloads/eval/our_SB_5/237-134500-0017__to__2830-3980-0001.wav,/Users/davidmillard/Downloads/eval/freevc/target/237-134500-0017_to_2830-3980-0001_target.flac,True,0.1859924793243408,2.1888320446014404
339,our_SB_5,237/134500/237-134500-0019.flac,1089/134691/1089-134691-0007.flac,237-134500-0019,1089-134691-0007,/Users/davidmillard/Downloads/eval/our_SB_5/237-134500-0019__to__1089-134691-0007.wav,/Users/davidmillard/Downloads/eval/freevc/target/237-134500-0019_to_1089-134691-0007_target.flac,True,0.3924875557422638,3.300528049468994
340,our_SB_5,237/134500/237-134500-0021.flac,4992/23283/4992-23283-0001.flac,237-134500-0021,4992-23283-0001,/Users/davidmillard/Downloads/eval/our_SB_5/237-134500-0021__to__4992-23283-0001.wav,/Users/davidmillard/Downloads/eval/freevc/target/237-134500-0021_to_4992-23283-0001_target.flac,True,0.1333761662244796,3.2604565620422363
341,our_SB_5,237/134500/237-134500-0023.flac,1221/135766/1221-135766-0008.flac,237-134500-0023,1221-135766-0008,/Users/davidmillard/Downloads/eval/our_SB_5/237-134500-0023__to__1221-135766-0008.wav,/Users/davidmillard/Downloads/eval/freevc/target/237-134500-0023_to_1221-135766-0008_target.flac,True,0.361523687839508,2.8667120933532715
342,our_SB_5,237/134500/237-134500-0025.flac,1995/1826/1995-1826-0008.flac,237-134500-0025,1995-1826-0008,/Users/davidmillard/Downloads/eval/our_SB_5/237-134500-0025__to__1995-1826-0008.wav,/Users/davidmillard/Downloads/eval/freevc/target/237-134500-0025_to_1995-1826-0008_target.flac,True,0.1303381919860839,3.310290575027466
343,our_SB_5,237/134500/237-134500-0027.flac,5639/40744/5639-40744-0032.flac,237-134500-0027,5639-40744-0032,/Users/davidmillard/Downloads/eval/our_SB_5/237-134500-0027__to__5639-40744-0032.wav,/Users/davidmillard/Downloads/eval/freevc/target/237-134500-0027_to_5639-40744-0032_target.flac,True,0.3591279983520508,2.8482553958892822
344,our_SB_5,237/134500/237-134500-0029.flac,6930/81414/6930-81414-0014.flac,237-134500-0029,6930-81414-0014,/Users/davidmillard/Downloads/eval/our_SB_5/237-134500-0029__to__6930-81414-0014.wav,/Users/davidmillard/Downloads/eval/freevc/target/237-134500-0029_to_6930-81414-0014_target.flac,True,0.203998178243637,1.4118897914886475
345,our_SB_5,237/134500/237-134500-0031.flac,121/127105/121-127105-0021.flac,237-134500-0031,121-127105-0021,/Users/davidmillard/Downloads/eval/our_SB_5/237-134500-0031__to__121-127105-0021.wav,/Users/davidmillard/Downloads/eval/freevc/target/237-134500-0031_to_121-127105-0021_target.flac,True,0.3767508864402771,3.02093768119812
346,our_SB_5,237/134500/237-134500-0033.flac,7021/85628/7021-85628-0010.flac,237-134500-0033,7021-85628-0010,/Users/davidmillard/Downloads/eval/our_SB_5/237-134500-0033__to__7021-85628-0010.wav,/Users/davidmillard/Downloads/eval/freevc/target/237-134500-0033_to_7021-85628-0010_target.flac,True,0.431240975856781,2.6037793159484863
347,our_SB_5,237/134500/237-134500-0035.flac,7127/75947/7127-75947-0021.flac,237-134500-0035,7127-75947-0021,/Users/davidmillard/Downloads/eval/our_SB_5/237-134500-0035__to__7127-75947-0021.wav,/Users/davidmillard/Downloads/eval/freevc/target/237-134500-0035_to_7127-75947-0021_target.flac,True,0.3513387739658355,2.400703191757202
348,our_SB_5,237/134500/237-134500-0037.flac,1580/141084/1580-141084-0008.flac,237-134500-0037,1580-141084-0008,/Users/davidmillard/Downloads/eval/our_SB_5/237-134500-0037__to__1580-141084-0008.wav,/Users/davidmillard/Downloads/eval/freevc/target/237-134500-0037_to_1580-141084-0008_target.flac,True,0.4449569284915924,2.323835611343384
349,our_SB_5,237/134500/237-134500-0039.flac,1320/122617/1320-122617-0003.flac,237-134500-0039,1320-122617-0003,/Users/davidmillard/Downloads/eval/our_SB_5/237-134500-0039__to__1320-122617-0003.wav,/Users/davidmillard/Downloads/eval/freevc/target/237-134500-0039_to_1320-122617-0003_target.flac,True,0.3136322498321533,3.0019724369049072
350,our_SB_5,237/134500/237-134500-0041.flac,1284/1180/1284-1180-0008.flac,237-134500-0041,1284-1180-0008,/Users/davidmillard/Downloads/eval/our_SB_5/237-134500-0041__to__1284-1180-0008.wav,/Users/davidmillard/Downloads/eval/freevc/target/237-134500-0041_to_1284-1180-0008_target.flac,True,0.3219577968120575,2.90712308883667
351,our_SB_5,260/123286/260-123286-0000.flac,8555/284449/8555-284449-0010.flac,260-123286-0000,8555-284449-0010,/Users/davidmillard/Downloads/eval/our_SB_5/260-123286-0000__to__8555-284449-0010.wav,/Users/davidmillard/Downloads/eval/freevc/target/260-123286-0000_to_8555-284449-0010_target.flac,True,0.0661958381533622,2.680546760559082
352,our_SB_5,260/123286/260-123286-0002.flac,908/31957/908-31957-0002.flac,260-123286-0002,908-31957-0002,/Users/davidmillard/Downloads/eval/our_SB_5/260-123286-0002__to__908-31957-0002.wav,/Users/davidmillard/Downloads/eval/freevc/target/260-123286-0002_to_908-31957-0002_target.flac,True,0.3130759298801422,2.992511510848999
353,our_SB_5,260/123286/260-123286-0004.flac,7729/102255/7729-102255-0038.flac,260-123286-0004,7729-102255-0038,/Users/davidmillard/Downloads/eval/our_SB_5/260-123286-0004__to__7729-102255-0038.wav,/Users/davidmillard/Downloads/eval/freevc/target/260-123286-0004_to_7729-102255-0038_target.flac,True,0.279193252325058,3.2502529621124268
354,our_SB_5,260/123286/260-123286-0006.flac,1995/1837/1995-1837-0028.flac,260-123286-0006,1995-1837-0028,/Users/davidmillard/Downloads/eval/our_SB_5/260-123286-0006__to__1995-1837-0028.wav,/Users/davidmillard/Downloads/eval/freevc/target/260-123286-0006_to_1995-1837-0028_target.flac,True,0.3034567832946777,3.2030844688415527
355,our_SB_5,260/123286/260-123286-0008.flac,6930/76324/6930-76324-0008.flac,260-123286-0008,6930-76324-0008,/Users/davidmillard/Downloads/eval/our_SB_5/260-123286-0008__to__6930-76324-0008.wav,/Users/davidmillard/Downloads/eval/freevc/target/260-123286-0008_to_6930-76324-0008_target.flac,True,0.2565731108188629,3.667156934738159
356,our_SB_5,260/123286/260-123286-0010.flac,7021/79759/7021-79759-0000.flac,260-123286-0010,7021-79759-0000,/Users/davidmillard/Downloads/eval/our_SB_5/260-123286-0010__to__7021-79759-0000.wav,/Users/davidmillard/Downloads/eval/freevc/target/260-123286-0010_to_7021-79759-0000_target.flac,True,0.4000677466392517,3.5363972187042236
357,our_SB_5,260/123286/260-123286-0012.flac,4992/41797/4992-41797-0006.flac,260-123286-0012,4992-41797-0006,/Users/davidmillard/Downloads/eval/our_SB_5/260-123286-0012__to__4992-41797-0006.wav,/Users/davidmillard/Downloads/eval/freevc/target/260-123286-0012_to_4992-41797-0006_target.flac,True,0.2345388680696487,3.4942688941955566
358,our_SB_5,260/123286/260-123286-0014.flac,4077/13754/4077-13754-0001.flac,260-123286-0014,4077-13754-0001,/Users/davidmillard/Downloads/eval/our_SB_5/260-123286-0014__to__4077-13754-0001.wav,/Users/davidmillard/Downloads/eval/freevc/target/260-123286-0014_to_4077-13754-0001_target.flac,True,0.3674597144126892,2.971813440322876
359,our_SB_5,260/123286/260-123286-0016.flac,1284/1180/1284-1180-0005.flac,260-123286-0016,1284-1180-0005,/Users/davidmillard/Downloads/eval/our_SB_5/260-123286-0016__to__1284-1180-0005.wav,/Users/davidmillard/Downloads/eval/freevc/target/260-123286-0016_to_1284-1180-0005_target.flac,True,0.3288490772247314,3.2133235931396484
360,our_SB_5,260/123286/260-123286-0018.flac,6829/68769/6829-68769-0012.flac,260-123286-0018,6829-68769-0012,/Users/davidmillard/Downloads/eval/our_SB_5/260-123286-0018__to__6829-68769-0012.wav,/Users/davidmillard/Downloads/eval/freevc/target/260-123286-0018_to_6829-68769-0012_target.flac,True,0.4124074578285217,3.3715996742248535
361,our_SB_5,260/123286/260-123286-0020.flac,8455/210777/8455-210777-0007.flac,260-123286-0020,8455-210777-0007,/Users/davidmillard/Downloads/eval/our_SB_5/260-123286-0020__to__8455-210777-0007.wav,/Users/davidmillard/Downloads/eval/freevc/target/260-123286-0020_to_8455-210777-0007_target.flac,True,0.3501136898994446,2.4794344902038574
362,our_SB_5,260/123286/260-123286-0022.flac,8455/210777/8455-210777-0042.flac,260-123286-0022,8455-210777-0042,/Users/davidmillard/Downloads/eval/our_SB_5/260-123286-0022__to__8455-210777-0042.wav,/Users/davidmillard/Downloads/eval/freevc/target/260-123286-0022_to_8455-210777-0042_target.flac,True,0.2097608745098114,2.92283296585083
363,our_SB_5,260/123286/260-123286-0024.flac,5142/36377/5142-36377-0016.flac,260-123286-0024,5142-36377-0016,/Users/davidmillard/Downloads/eval/our_SB_5/260-123286-0024__to__5142-36377-0016.wav,/Users/davidmillard/Downloads/eval/freevc/target/260-123286-0024_to_5142-36377-0016_target.flac,True,0.0918837338685989,3.2040021419525146
364,our_SB_5,260/123286/260-123286-0026.flac,4507/16021/4507-16021-0038.flac,260-123286-0026,4507-16021-0038,/Users/davidmillard/Downloads/eval/our_SB_5/260-123286-0026__to__4507-16021-0038.wav,/Users/davidmillard/Downloads/eval/freevc/target/260-123286-0026_to_4507-16021-0038_target.flac,True,0.3527993261814117,2.607736587524414
365,our_SB_5,260/123286/260-123286-0028.flac,1580/141084/1580-141084-0019.flac,260-123286-0028,1580-141084-0019,/Users/davidmillard/Downloads/eval/our_SB_5/260-123286-0028__to__1580-141084-0019.wav,/Users/davidmillard/Downloads/eval/freevc/target/260-123286-0028_to_1580-141084-0019_target.flac,True,0.4375554919242859,3.2121450901031494
366,our_SB_5,260/123286/260-123286-0030.flac,2300/131720/2300-131720-0030.flac,260-123286-0030,2300-131720-0030,/Users/davidmillard/Downloads/eval/our_SB_5/260-123286-0030__to__2300-131720-0030.wav,/Users/davidmillard/Downloads/eval/freevc/target/260-123286-0030_to_2300-131720-0030_target.flac,True,0.2005634307861328,3.0996994972229004
367,our_SB_5,260/123288/260-123288-0000.flac,1580/141083/1580-141083-0044.flac,260-123288-0000,1580-141083-0044,/Users/davidmillard/Downloads/eval/our_SB_5/260-123288-0000__to__1580-141083-0044.wav,/Users/davidmillard/Downloads/eval/freevc/target/260-123288-0000_to_1580-141083-0044_target.flac,True,0.3018218874931335,3.1524658203125
368,our_SB_5,260/123288/260-123288-0002.flac,1995/1836/1995-1836-0008.flac,260-123288-0002,1995-1836-0008,/Users/davidmillard/Downloads/eval/our_SB_5/260-123288-0002__to__1995-1836-0008.wav,/Users/davidmillard/Downloads/eval/freevc/target/260-123288-0002_to_1995-1836-0008_target.flac,True,0.4137188196182251,3.047457218170166
369,our_SB_5,260/123288/260-123288-0004.flac,6829/68771/6829-68771-0017.flac,260-123288-0004,6829-68771-0017,/Users/davidmillard/Downloads/eval/our_SB_5/260-123288-0004__to__6829-68771-0017.wav,/Users/davidmillard/Downloads/eval/freevc/target/260-123288-0004_to_6829-68771-0017_target.flac,True,0.2002490758895874,2.9707276821136475
370,our_SB_5,260/123288/260-123288-0006.flac,908/31957/908-31957-0011.flac,260-123288-0006,908-31957-0011,/Users/davidmillard/Downloads/eval/our_SB_5/260-123288-0006__to__908-31957-0011.wav,/Users/davidmillard/Downloads/eval/freevc/target/260-123288-0006_to_908-31957-0011_target.flac,True,0.2160182297229766,2.972151279449463
371,our_SB_5,260/123288/260-123288-0008.flac,2830/3980/2830-3980-0021.flac,260-123288-0008,2830-3980-0021,/Users/davidmillard/Downloads/eval/our_SB_5/260-123288-0008__to__2830-3980-0021.wav,/Users/davidmillard/Downloads/eval/freevc/target/260-123288-0008_to_2830-3980-0021_target.flac,True,0.3529157340526581,3.470151901245117
372,our_SB_5,260/123288/260-123288-0010.flac,5105/28240/5105-28240-0011.flac,260-123288-0010,5105-28240-0011,/Users/davidmillard/Downloads/eval/our_SB_5/260-123288-0010__to__5105-28240-0011.wav,/Users/davidmillard/Downloads/eval/freevc/target/260-123288-0010_to_5105-28240-0011_target.flac,True,0.3671942353248596,2.853297233581543
373,our_SB_5,260/123288/260-123288-0012.flac,2300/131720/2300-131720-0036.flac,260-123288-0012,2300-131720-0036,/Users/davidmillard/Downloads/eval/our_SB_5/260-123288-0012__to__2300-131720-0036.wav,/Users/davidmillard/Downloads/eval/freevc/target/260-123288-0012_to_2300-131720-0036_target.flac,True,0.3157954812049866,3.1234230995178223
374,our_SB_5,260/123288/260-123288-0014.flac,2300/131720/2300-131720-0040.flac,260-123288-0014,2300-131720-0040,/Users/davidmillard/Downloads/eval/our_SB_5/260-123288-0014__to__2300-131720-0040.wav,/Users/davidmillard/Downloads/eval/freevc/target/260-123288-0014_to_2300-131720-0040_target.flac,True,0.2830010056495666,3.004711866378784
375,our_SB_5,260/123288/260-123288-0016.flac,8224/274381/8224-274381-0013.flac,260-123288-0016,8224-274381-0013,/Users/davidmillard/Downloads/eval/our_SB_5/260-123288-0016__to__8224-274381-0013.wav,/Users/davidmillard/Downloads/eval/freevc/target/260-123288-0016_to_8224-274381-0013_target.flac,True,0.3140479922294616,2.9046146869659424
376,our_SB_5,260/123288/260-123288-0018.flac,7021/79740/7021-79740-0011.flac,260-123288-0018,7021-79740-0011,/Users/davidmillard/Downloads/eval/our_SB_5/260-123288-0018__to__7021-79740-0011.wav,/Users/davidmillard/Downloads/eval/freevc/target/260-123288-0018_to_7021-79740-0011_target.flac,True,0.3548730015754699,2.4005751609802246
377,our_SB_5,260/123288/260-123288-0020.flac,4970/29095/4970-29095-0022.flac,260-123288-0020,4970-29095-0022,/Users/davidmillard/Downloads/eval/our_SB_5/260-123288-0020__to__4970-29095-0022.wav,/Users/davidmillard/Downloads/eval/freevc/target/260-123288-0020_to_4970-29095-0022_target.flac,True,0.1555269211530685,3.158385753631592
378,our_SB_5,260/123288/260-123288-0022.flac,8463/287645/8463-287645-0010.flac,260-123288-0022,8463-287645-0010,/Users/davidmillard/Downloads/eval/our_SB_5/260-123288-0022__to__8463-287645-0010.wav,/Users/davidmillard/Downloads/eval/freevc/target/260-123288-0022_to_8463-287645-0010_target.flac,True,0.2189121842384338,3.019768476486206
379,our_SB_5,260/123288/260-123288-0024.flac,237/134500/237-134500-0034.flac,260-123288-0024,237-134500-0034,/Users/davidmillard/Downloads/eval/our_SB_5/260-123288-0024__to__237-134500-0034.wav,/Users/davidmillard/Downloads/eval/freevc/target/260-123288-0024_to_237-134500-0034_target.flac,True,0.1736643612384796,2.9063754081726074
380,our_SB_5,260/123288/260-123288-0026.flac,4446/2273/4446-2273-0031.flac,260-123288-0026,4446-2273-0031,/Users/davidmillard/Downloads/eval/our_SB_5/260-123288-0026__to__4446-2273-0031.wav,/Users/davidmillard/Downloads/eval/freevc/target/260-123288-0026_to_4446-2273-0031_target.flac,True,0.2107574492692947,2.7256100177764893
381,our_SB_5,260/123288/260-123288-0028.flac,908/157963/908-157963-0028.flac,260-123288-0028,908-157963-0028,/Users/davidmillard/Downloads/eval/our_SB_5/260-123288-0028__to__908-157963-0028.wav,/Users/davidmillard/Downloads/eval/freevc/target/260-123288-0028_to_908-157963-0028_target.flac,True,0.3030875921249389,2.6098480224609375
382,our_SB_5,260/123440/260-123440-0001.flac,3570/5696/3570-5696-0009.flac,260-123440-0001,3570-5696-0009,/Users/davidmillard/Downloads/eval/our_SB_5/260-123440-0001__to__3570-5696-0009.wav,/Users/davidmillard/Downloads/eval/freevc/target/260-123440-0001_to_3570-5696-0009_target.flac,True,0.1946147233247757,2.572749137878418
383,our_SB_5,260/123440/260-123440-0003.flac,5142/33396/5142-33396-0055.flac,260-123440-0003,5142-33396-0055,/Users/davidmillard/Downloads/eval/our_SB_5/260-123440-0003__to__5142-33396-0055.wav,/Users/davidmillard/Downloads/eval/freevc/target/260-123440-0003_to_5142-33396-0055_target.flac,True,0.0836917161941528,2.991077184677124
384,our_SB_5,260/123440/260-123440-0005.flac,8555/284449/8555-284449-0006.flac,260-123440-0005,8555-284449-0006,/Users/davidmillard/Downloads/eval/our_SB_5/260-123440-0005__to__8555-284449-0006.wav,/Users/davidmillard/Downloads/eval/freevc/target/260-123440-0005_to_8555-284449-0006_target.flac,True,0.1253376454114914,2.9321136474609375
385,our_SB_5,260/123440/260-123440-0007.flac,121/121726/121-121726-0014.flac,260-123440-0007,121-121726-0014,/Users/davidmillard/Downloads/eval/our_SB_5/260-123440-0007__to__121-121726-0014.wav,/Users/davidmillard/Downloads/eval/freevc/target/260-123440-0007_to_121-121726-0014_target.flac,True,0.0682067722082138,2.1638071537017822
386,our_SB_5,260/123440/260-123440-0009.flac,1221/135766/1221-135766-0000.flac,260-123440-0009,1221-135766-0000,/Users/davidmillard/Downloads/eval/our_SB_5/260-123440-0009__to__1221-135766-0000.wav,/Users/davidmillard/Downloads/eval/freevc/target/260-123440-0009_to_1221-135766-0000_target.flac,True,0.3453662991523742,2.875328540802002
387,our_SB_5,260/123440/260-123440-0011.flac,3570/5696/3570-5696-0010.flac,260-123440-0011,3570-5696-0010,/Users/davidmillard/Downloads/eval/our_SB_5/260-123440-0011__to__3570-5696-0010.wav,/Users/davidmillard/Downloads/eval/freevc/target/260-123440-0011_to_3570-5696-0010_target.flac,True,0.2361697852611541,2.4199750423431396
388,our_SB_5,260/123440/260-123440-0013.flac,4077/13751/4077-13751-0018.flac,260-123440-0013,4077-13751-0018,/Users/davidmillard/Downloads/eval/our_SB_5/260-123440-0013__to__4077-13751-0018.wav,/Users/davidmillard/Downloads/eval/freevc/target/260-123440-0013_to_4077-13751-0018_target.flac,True,0.3222509324550628,3.3769633769989014
389,our_SB_5,260/123440/260-123440-0015.flac,1089/134691/1089-134691-0025.flac,260-123440-0015,1089-134691-0025,/Users/davidmillard/Downloads/eval/our_SB_5/260-123440-0015__to__1089-134691-0025.wav,/Users/davidmillard/Downloads/eval/freevc/target/260-123440-0015_to_1089-134691-0025_target.flac,True,0.4376126825809479,3.819739580154419
390,our_SB_5,260/123440/260-123440-0017.flac,2094/142345/2094-142345-0024.flac,260-123440-0017,2094-142345-0024,/Users/davidmillard/Downloads/eval/our_SB_5/260-123440-0017__to__2094-142345-0024.wav,/Users/davidmillard/Downloads/eval/freevc/target/260-123440-0017_to_2094-142345-0024_target.flac,True,0.2858432233333587,2.439932346343994
391,our_SB_5,260/123440/260-123440-0019.flac,7729/102255/7729-102255-0035.flac,260-123440-0019,7729-102255-0035,/Users/davidmillard/Downloads/eval/our_SB_5/260-123440-0019__to__7729-102255-0035.wav,/Users/davidmillard/Downloads/eval/freevc/target/260-123440-0019_to_7729-102255-0035_target.flac,True,0.2881907820701599,2.387596845626831
392,our_SB_5,2830/3979/2830-3979-0000.flac,61/70970/61-70970-0031.flac,2830-3979-0000,61-70970-0031,/Users/davidmillard/Downloads/eval/our_SB_5/2830-3979-0000__to__61-70970-0031.wav,/Users/davidmillard/Downloads/eval/freevc/target/2830-3979-0000_to_61-70970-0031_target.flac,True,0.1481443643569946,3.633047342300415
393,our_SB_5,2830/3979/2830-3979-0002.flac,1188/133604/1188-133604-0029.flac,2830-3979-0002,1188-133604-0029,/Users/davidmillard/Downloads/eval/our_SB_5/2830-3979-0002__to__1188-133604-0029.wav,/Users/davidmillard/Downloads/eval/freevc/target/2830-3979-0002_to_1188-133604-0029_target.flac,True,0.4047883450984955,3.3238282203674316
394,our_SB_5,2830/3979/2830-3979-0004.flac,4992/41797/4992-41797-0015.flac,2830-3979-0004,4992-41797-0015,/Users/davidmillard/Downloads/eval/our_SB_5/2830-3979-0004__to__4992-41797-0015.wav,/Users/davidmillard/Downloads/eval/freevc/target/2830-3979-0004_to_4992-41797-0015_target.flac,True,0.2474371492862701,3.6212878227233887
395,our_SB_5,2830/3979/2830-3979-0006.flac,61/70970/61-70970-0027.flac,2830-3979-0006,61-70970-0027,/Users/davidmillard/Downloads/eval/our_SB_5/2830-3979-0006__to__61-70970-0027.wav,/Users/davidmillard/Downloads/eval/freevc/target/2830-3979-0006_to_61-70970-0027_target.flac,True,0.2970388233661651,3.8248589038848877
396,our_SB_5,2830/3979/2830-3979-0008.flac,1995/1837/1995-1837-0009.flac,2830-3979-0008,1995-1837-0009,/Users/davidmillard/Downloads/eval/our_SB_5/2830-3979-0008__to__1995-1837-0009.wav,/Users/davidmillard/Downloads/eval/freevc/target/2830-3979-0008_to_1995-1837-0009_target.flac,True,0.3238352537155151,3.3004517555236816
397,our_SB_5,2830/3979/2830-3979-0010.flac,237/134500/237-134500-0034.flac,2830-3979-0010,237-134500-0034,/Users/davidmillard/Downloads/eval/our_SB_5/2830-3979-0010__to__237-134500-0034.wav,/Users/davidmillard/Downloads/eval/freevc/target/2830-3979-0010_to_237-134500-0034_target.flac,True,0.1342190206050872,3.159912109375
398,our_SB_5,2830/3979/2830-3979-0012.flac,5639/40744/5639-40744-0005.flac,2830-3979-0012,5639-40744-0005,/Users/davidmillard/Downloads/eval/our_SB_5/2830-3979-0012__to__5639-40744-0005.wav,/Users/davidmillard/Downloads/eval/freevc/target/2830-3979-0012_to_5639-40744-0005_target.flac,True,0.2531258165836334,3.318066120147705
399,our_SB_5,2830/3980/2830-3980-0001.flac,3729/6852/3729-6852-0027.flac,2830-3980-0001,3729-6852-0027,/Users/davidmillard/Downloads/eval/our_SB_5/2830-3980-0001__to__3729-6852-0027.wav,/Users/davidmillard/Downloads/eval/freevc/target/2830-3980-0001_to_3729-6852-0027_target.flac,True,0.2071196734905243,3.16367769241333
400,our_SB_5,2830/3980/2830-3980-0003.flac,8224/274381/8224-274381-0005.flac,2830-3980-0003,8224-274381-0005,/Users/davidmillard/Downloads/eval/our_SB_5/2830-3980-0003__to__8224-274381-0005.wav,/Users/davidmillard/Downloads/eval/freevc/target/2830-3980-0003_to_8224-274381-0005_target.flac,True,0.1821195185184478,3.2500717639923096
401,our_SB_5,2830/3980/2830-3980-0005.flac,5105/28240/5105-28240-0003.flac,2830-3980-0005,5105-28240-0003,/Users/davidmillard/Downloads/eval/our_SB_5/2830-3980-0005__to__5105-28240-0003.wav,/Users/davidmillard/Downloads/eval/freevc/target/2830-3980-0005_to_5105-28240-0003_target.flac,True,0.3460248410701751,2.633150815963745
402,our_SB_5,2830/3980/2830-3980-0007.flac,237/126133/237-126133-0009.flac,2830-3980-0007,237-126133-0009,/Users/davidmillard/Downloads/eval/our_SB_5/2830-3980-0007__to__237-126133-0009.wav,/Users/davidmillard/Downloads/eval/freevc/target/2830-3980-0007_to_237-126133-0009_target.flac,True,0.3334099650382995,3.6392252445220947
403,our_SB_5,2830/3980/2830-3980-0009.flac,1995/1837/1995-1837-0025.flac,2830-3980-0009,1995-1837-0025,/Users/davidmillard/Downloads/eval/our_SB_5/2830-3980-0009__to__1995-1837-0025.wav,/Users/davidmillard/Downloads/eval/freevc/target/2830-3980-0009_to_1995-1837-0025_target.flac,True,0.2358209788799286,3.822456121444702
404,our_SB_5,2830/3980/2830-3980-0011.flac,5142/33396/5142-33396-0044.flac,2830-3980-0011,5142-33396-0044,/Users/davidmillard/Downloads/eval/our_SB_5/2830-3980-0011__to__5142-33396-0044.wav,/Users/davidmillard/Downloads/eval/freevc/target/2830-3980-0011_to_5142-33396-0044_target.flac,True,0.2867065668106079,3.3170106410980225
405,our_SB_5,2830/3980/2830-3980-0013.flac,1580/141083/1580-141083-0018.flac,2830-3980-0013,1580-141083-0018,/Users/davidmillard/Downloads/eval/our_SB_5/2830-3980-0013__to__1580-141083-0018.wav,/Users/davidmillard/Downloads/eval/freevc/target/2830-3980-0013_to_1580-141083-0018_target.flac,True,0.423161894083023,3.61569881439209
406,our_SB_5,2830/3980/2830-3980-0015.flac,260/123440/260-123440-0016.flac,2830-3980-0015,260-123440-0016,/Users/davidmillard/Downloads/eval/our_SB_5/2830-3980-0015__to__260-123440-0016.wav,/Users/davidmillard/Downloads/eval/freevc/target/2830-3980-0015_to_260-123440-0016_target.flac,True,0.4592630863189697,2.992260217666626
407,our_SB_5,2830/3980/2830-3980-0017.flac,1284/1180/1284-1180-0011.flac,2830-3980-0017,1284-1180-0011,/Users/davidmillard/Downloads/eval/our_SB_5/2830-3980-0017__to__1284-1180-0011.wav,/Users/davidmillard/Downloads/eval/freevc/target/2830-3980-0017_to_1284-1180-0011_target.flac,True,0.1739253997802734,3.6456069946289062
408,our_SB_5,2830/3980/2830-3980-0019.flac,8463/294828/8463-294828-0022.flac,2830-3980-0019,8463-294828-0022,/Users/davidmillard/Downloads/eval/our_SB_5/2830-3980-0019__to__8463-294828-0022.wav,/Users/davidmillard/Downloads/eval/freevc/target/2830-3980-0019_to_8463-294828-0022_target.flac,True,0.2939700186252594,3.7596499919891357
409,our_SB_5,2830/3980/2830-3980-0021.flac,4992/23283/4992-23283-0009.flac,2830-3980-0021,4992-23283-0009,/Users/davidmillard/Downloads/eval/our_SB_5/2830-3980-0021__to__4992-23283-0009.wav,/Users/davidmillard/Downloads/eval/freevc/target/2830-3980-0021_to_4992-23283-0009_target.flac,True,0.3848626017570495,3.4055795669555664
410,our_SB_5,2830/3980/2830-3980-0023.flac,7127/75947/7127-75947-0026.flac,2830-3980-0023,7127-75947-0026,/Users/davidmillard/Downloads/eval/our_SB_5/2830-3980-0023__to__7127-75947-0026.wav,/Users/davidmillard/Downloads/eval/freevc/target/2830-3980-0023_to_7127-75947-0026_target.flac,True,0.2305952161550521,3.051140308380127
411,our_SB_5,2830/3980/2830-3980-0025.flac,4446/2275/4446-2275-0013.flac,2830-3980-0025,4446-2275-0013,/Users/davidmillard/Downloads/eval/our_SB_5/2830-3980-0025__to__4446-2275-0013.wav,/Users/davidmillard/Downloads/eval/freevc/target/2830-3980-0025_to_4446-2275-0013_target.flac,True,0.1691944152116775,3.5665786266326904
412,our_SB_5,2830/3980/2830-3980-0027.flac,7729/102255/7729-102255-0004.flac,2830-3980-0027,7729-102255-0004,/Users/davidmillard/Downloads/eval/our_SB_5/2830-3980-0027__to__7729-102255-0004.wav,/Users/davidmillard/Downloads/eval/freevc/target/2830-3980-0027_to_7729-102255-0004_target.flac,True,0.2317744791507721,2.9543440341949463
413,our_SB_5,2830/3980/2830-3980-0029.flac,6930/75918/6930-75918-0004.flac,2830-3980-0029,6930-75918-0004,/Users/davidmillard/Downloads/eval/our_SB_5/2830-3980-0029__to__6930-75918-0004.wav,/Users/davidmillard/Downloads/eval/freevc/target/2830-3980-0029_to_6930-75918-0004_target.flac,True,0.2093243300914764,3.060887336730957
414,our_SB_5,2830/3980/2830-3980-0031.flac,4507/16021/4507-16021-0004.flac,2830-3980-0031,4507-16021-0004,/Users/davidmillard/Downloads/eval/our_SB_5/2830-3980-0031__to__4507-16021-0004.wav,/Users/davidmillard/Downloads/eval/freevc/target/2830-3980-0031_to_4507-16021-0004_target.flac,True,0.1499545574188232,3.300577402114868
415,our_SB_5,2830/3980/2830-3980-0033.flac,908/31957/908-31957-0001.flac,2830-3980-0033,908-31957-0001,/Users/davidmillard/Downloads/eval/our_SB_5/2830-3980-0033__to__908-31957-0001.wav,/Users/davidmillard/Downloads/eval/freevc/target/2830-3980-0033_to_908-31957-0001_target.flac,True,0.1588564068078994,3.5414505004882812
416,our_SB_5,2830/3980/2830-3980-0035.flac,8555/284449/8555-284449-0010.flac,2830-3980-0035,8555-284449-0010,/Users/davidmillard/Downloads/eval/our_SB_5/2830-3980-0035__to__8555-284449-0010.wav,/Users/davidmillard/Downloads/eval/freevc/target/2830-3980-0035_to_8555-284449-0010_target.flac,True,0.2872300744056701,3.307671308517456
417,our_SB_5,2830/3980/2830-3980-0037.flac,8463/294825/8463-294825-0009.flac,2830-3980-0037,8463-294825-0009,/Users/davidmillard/Downloads/eval/our_SB_5/2830-3980-0037__to__8463-294825-0009.wav,/Users/davidmillard/Downloads/eval/freevc/target/2830-3980-0037_to_8463-294825-0009_target.flac,True,0.2755423188209533,3.8746285438537598
418,our_SB_5,2830/3980/2830-3980-0039.flac,7127/75947/7127-75947-0034.flac,2830-3980-0039,7127-75947-0034,/Users/davidmillard/Downloads/eval/our_SB_5/2830-3980-0039__to__7127-75947-0034.wav,/Users/davidmillard/Downloads/eval/freevc/target/2830-3980-0039_to_7127-75947-0034_target.flac,True,0.2616142034530639,3.2023234367370605
419,our_SB_5,2830/3980/2830-3980-0041.flac,6930/75918/6930-75918-0013.flac,2830-3980-0041,6930-75918-0013,/Users/davidmillard/Downloads/eval/our_SB_5/2830-3980-0041__to__6930-75918-0013.wav,/Users/davidmillard/Downloads/eval/freevc/target/2830-3980-0041_to_6930-75918-0013_target.flac,True,0.1903601586818695,3.2270259857177734
420,our_SB_5,2830/3980/2830-3980-0043.flac,1320/122617/1320-122617-0015.flac,2830-3980-0043,1320-122617-0015,/Users/davidmillard/Downloads/eval/our_SB_5/2830-3980-0043__to__1320-122617-0015.wav,/Users/davidmillard/Downloads/eval/freevc/target/2830-3980-0043_to_1320-122617-0015_target.flac,True,0.309224009513855,3.2815890312194824
421,our_SB_5,2830/3980/2830-3980-0045.flac,3729/6852/3729-6852-0045.flac,2830-3980-0045,3729-6852-0045,/Users/davidmillard/Downloads/eval/our_SB_5/2830-3980-0045__to__3729-6852-0045.wav,/Users/davidmillard/Downloads/eval/freevc/target/2830-3980-0045_to_3729-6852-0045_target.flac,True,0.3921815454959869,3.887143135070801
422,our_SB_5,2830/3980/2830-3980-0047.flac,8224/274381/8224-274381-0010.flac,2830-3980-0047,8224-274381-0010,/Users/davidmillard/Downloads/eval/our_SB_5/2830-3980-0047__to__8224-274381-0010.wav,/Users/davidmillard/Downloads/eval/freevc/target/2830-3980-0047_to_8224-274381-0010_target.flac,True,0.3493674099445343,2.927842617034912
423,our_SB_5,2830/3980/2830-3980-0049.flac,4507/16021/4507-16021-0024.flac,2830-3980-0049,4507-16021-0024,/Users/davidmillard/Downloads/eval/our_SB_5/2830-3980-0049__to__4507-16021-0024.wav,/Users/davidmillard/Downloads/eval/freevc/target/2830-3980-0049_to_4507-16021-0024_target.flac,True,0.2609902918338775,2.739567995071411
424,our_SB_5,2830/3980/2830-3980-0051.flac,908/157963/908-157963-0003.flac,2830-3980-0051,908-157963-0003,/Users/davidmillard/Downloads/eval/our_SB_5/2830-3980-0051__to__908-157963-0003.wav,/Users/davidmillard/Downloads/eval/freevc/target/2830-3980-0051_to_908-157963-0003_target.flac,True,0.2022656500339508,3.3368489742279053
425,our_SB_5,2830/3980/2830-3980-0053.flac,5105/28233/5105-28233-0006.flac,2830-3980-0053,5105-28233-0006,/Users/davidmillard/Downloads/eval/our_SB_5/2830-3980-0053__to__5105-28233-0006.wav,/Users/davidmillard/Downloads/eval/freevc/target/2830-3980-0053_to_5105-28233-0006_target.flac,True,0.4543917179107666,2.959890365600586
426,our_SB_5,2830/3980/2830-3980-0055.flac,4507/16021/4507-16021-0016.flac,2830-3980-0055,4507-16021-0016,/Users/davidmillard/Downloads/eval/our_SB_5/2830-3980-0055__to__4507-16021-0016.wav,/Users/davidmillard/Downloads/eval/freevc/target/2830-3980-0055_to_4507-16021-0016_target.flac,True,0.3830320239067077,3.4645636081695557
427,our_SB_5,2830/3980/2830-3980-0057.flac,2300/131720/2300-131720-0021.flac,2830-3980-0057,2300-131720-0021,/Users/davidmillard/Downloads/eval/our_SB_5/2830-3980-0057__to__2300-131720-0021.wav,/Users/davidmillard/Downloads/eval/freevc/target/2830-3980-0057_to_2300-131720-0021_target.flac,True,0.2183360755443573,3.0894153118133545
428,our_SB_5,2830/3980/2830-3980-0059.flac,2300/131720/2300-131720-0022.flac,2830-3980-0059,2300-131720-0022,/Users/davidmillard/Downloads/eval/our_SB_5/2830-3980-0059__to__2300-131720-0022.wav,/Users/davidmillard/Downloads/eval/freevc/target/2830-3980-0059_to_2300-131720-0022_target.flac,True,0.1516796946525573,3.463016986846924
429,our_SB_5,2830/3980/2830-3980-0061.flac,61/70968/61-70968-0016.flac,2830-3980-0061,61-70968-0016,/Users/davidmillard/Downloads/eval/our_SB_5/2830-3980-0061__to__61-70968-0016.wav,/Users/davidmillard/Downloads/eval/freevc/target/2830-3980-0061_to_61-70968-0016_target.flac,True,0.3540467619895935,3.512138843536377
430,our_SB_5,2830/3980/2830-3980-0063.flac,1320/122617/1320-122617-0002.flac,2830-3980-0063,1320-122617-0002,/Users/davidmillard/Downloads/eval/our_SB_5/2830-3980-0063__to__1320-122617-0002.wav,/Users/davidmillard/Downloads/eval/freevc/target/2830-3980-0063_to_1320-122617-0002_target.flac,True,0.3581934571266174,3.330980062484741
431,our_SB_5,2830/3980/2830-3980-0065.flac,5105/28241/5105-28241-0016.flac,2830-3980-0065,5105-28241-0016,/Users/davidmillard/Downloads/eval/our_SB_5/2830-3980-0065__to__5105-28241-0016.wav,/Users/davidmillard/Downloads/eval/freevc/target/2830-3980-0065_to_5105-28241-0016_target.flac,True,0.4205064177513122,3.7013869285583496
432,our_SB_5,2830/3980/2830-3980-0067.flac,8224/274381/8224-274381-0005.flac,2830-3980-0067,8224-274381-0005,/Users/davidmillard/Downloads/eval/our_SB_5/2830-3980-0067__to__8224-274381-0005.wav,/Users/davidmillard/Downloads/eval/freevc/target/2830-3980-0067_to_8224-274381-0005_target.flac,True,0.2062009572982788,2.7805871963500977
433,our_SB_5,2830/3980/2830-3980-0069.flac,5639/40744/5639-40744-0001.flac,2830-3980-0069,5639-40744-0001,/Users/davidmillard/Downloads/eval/our_SB_5/2830-3980-0069__to__5639-40744-0001.wav,/Users/davidmillard/Downloads/eval/freevc/target/2830-3980-0069_to_5639-40744-0001_target.flac,True,0.2919527590274811,3.3681437969207764
434,our_SB_5,2830/3980/2830-3980-0071.flac,260/123286/260-123286-0027.flac,2830-3980-0071,260-123286-0027,/Users/davidmillard/Downloads/eval/our_SB_5/2830-3980-0071__to__260-123286-0027.wav,/Users/davidmillard/Downloads/eval/freevc/target/2830-3980-0071_to_260-123286-0027_target.flac,True,0.2446000427007675,2.405594825744629
435,our_SB_5,2830/3980/2830-3980-0073.flac,7176/88083/7176-88083-0024.flac,2830-3980-0073,7176-88083-0024,/Users/davidmillard/Downloads/eval/our_SB_5/2830-3980-0073__to__7176-88083-0024.wav,/Users/davidmillard/Downloads/eval/freevc/target/2830-3980-0073_to_7176-88083-0024_target.flac,True,0.4143827259540558,3.027223587036133
436,our_SB_5,2830/3980/2830-3980-0075.flac,2300/131720/2300-131720-0004.flac,2830-3980-0075,2300-131720-0004,/Users/davidmillard/Downloads/eval/our_SB_5/2830-3980-0075__to__2300-131720-0004.wav,/Users/davidmillard/Downloads/eval/freevc/target/2830-3980-0075_to_2300-131720-0004_target.flac,True,0.2958832681179046,3.5068588256835938
437,our_SB_5,2961/960/2961-960-0000.flac,1580/141084/1580-141084-0010.flac,2961-960-0000,1580-141084-0010,/Users/davidmillard/Downloads/eval/our_SB_5/2961-960-0000__to__1580-141084-0010.wav,/Users/davidmillard/Downloads/eval/freevc/target/2961-960-0000_to_1580-141084-0010_target.flac,True,0.4207289516925812,2.5784571170806885
438,our_SB_5,2961/960/2961-960-0002.flac,121/127105/121-127105-0017.flac,2961-960-0002,121-127105-0017,/Users/davidmillard/Downloads/eval/our_SB_5/2961-960-0002__to__121-127105-0017.wav,/Users/davidmillard/Downloads/eval/freevc/target/2961-960-0002_to_121-127105-0017_target.flac,True,0.1477721929550171,2.7389402389526367
439,our_SB_5,2961/960/2961-960-0004.flac,2094/142345/2094-142345-0038.flac,2961-960-0004,2094-142345-0038,/Users/davidmillard/Downloads/eval/our_SB_5/2961-960-0004__to__2094-142345-0038.wav,/Users/davidmillard/Downloads/eval/freevc/target/2961-960-0004_to_2094-142345-0038_target.flac,True,0.2995417416095733,3.1797685623168945
440,our_SB_5,2961/960/2961-960-0006.flac,237/126133/237-126133-0023.flac,2961-960-0006,237-126133-0023,/Users/davidmillard/Downloads/eval/our_SB_5/2961-960-0006__to__237-126133-0023.wav,/Users/davidmillard/Downloads/eval/freevc/target/2961-960-0006_to_237-126133-0023_target.flac,True,0.2488365024328231,3.0446972846984863
441,our_SB_5,2961/960/2961-960-0008.flac,121/127105/121-127105-0001.flac,2961-960-0008,121-127105-0001,/Users/davidmillard/Downloads/eval/our_SB_5/2961-960-0008__to__121-127105-0001.wav,/Users/davidmillard/Downloads/eval/freevc/target/2961-960-0008_to_121-127105-0001_target.flac,True,0.180267795920372,2.692324161529541
442,our_SB_5,2961/960/2961-960-0010.flac,6930/76324/6930-76324-0015.flac,2961-960-0010,6930-76324-0015,/Users/davidmillard/Downloads/eval/our_SB_5/2961-960-0010__to__6930-76324-0015.wav,/Users/davidmillard/Downloads/eval/freevc/target/2961-960-0010_to_6930-76324-0015_target.flac,True,0.2792174816131592,2.783729076385498
443,our_SB_5,2961/960/2961-960-0012.flac,8230/279154/8230-279154-0015.flac,2961-960-0012,8230-279154-0015,/Users/davidmillard/Downloads/eval/our_SB_5/2961-960-0012__to__8230-279154-0015.wav,/Users/davidmillard/Downloads/eval/freevc/target/2961-960-0012_to_8230-279154-0015_target.flac,True,0.2628232538700104,2.9174904823303223
444,our_SB_5,2961/960/2961-960-0014.flac,7127/75946/7127-75946-0024.flac,2961-960-0014,7127-75946-0024,/Users/davidmillard/Downloads/eval/our_SB_5/2961-960-0014__to__7127-75946-0024.wav,/Users/davidmillard/Downloads/eval/freevc/target/2961-960-0014_to_7127-75946-0024_target.flac,True,0.0956139788031578,3.0597150325775146
445,our_SB_5,2961/960/2961-960-0016.flac,6930/81414/6930-81414-0009.flac,2961-960-0016,6930-81414-0009,/Users/davidmillard/Downloads/eval/our_SB_5/2961-960-0016__to__6930-81414-0009.wav,/Users/davidmillard/Downloads/eval/freevc/target/2961-960-0016_to_6930-81414-0009_target.flac,True,0.2990280985832214,2.8562889099121094
446,our_SB_5,2961/960/2961-960-0018.flac,5683/32879/5683-32879-0015.flac,2961-960-0018,5683-32879-0015,/Users/davidmillard/Downloads/eval/our_SB_5/2961-960-0018__to__5683-32879-0015.wav,/Users/davidmillard/Downloads/eval/freevc/target/2961-960-0018_to_5683-32879-0015_target.flac,True,-0.0781498327851295,3.2049312591552734
447,our_SB_5,2961/960/2961-960-0020.flac,237/126133/237-126133-0025.flac,2961-960-0020,237-126133-0025,/Users/davidmillard/Downloads/eval/our_SB_5/2961-960-0020__to__237-126133-0025.wav,/Users/davidmillard/Downloads/eval/freevc/target/2961-960-0020_to_237-126133-0025_target.flac,True,0.2130732238292694,3.3933959007263184
448,our_SB_5,2961/960/2961-960-0022.flac,4077/13751/4077-13751-0003.flac,2961-960-0022,4077-13751-0003,/Users/davidmillard/Downloads/eval/our_SB_5/2961-960-0022__to__4077-13751-0003.wav,/Users/davidmillard/Downloads/eval/freevc/target/2961-960-0022_to_4077-13751-0003_target.flac,True,0.3355771005153656,2.737680435180664
449,our_SB_5,2961/961/2961-961-0001.flac,8455/210777/8455-210777-0013.flac,2961-961-0001,8455-210777-0013,/Users/davidmillard/Downloads/eval/our_SB_5/2961-961-0001__to__8455-210777-0013.wav,/Users/davidmillard/Downloads/eval/freevc/target/2961-961-0001_to_8455-210777-0013_target.flac,True,0.2818328142166137,3.26574969291687
450,our_SB_5,2961/961/2961-961-0003.flac,4507/16021/4507-16021-0005.flac,2961-961-0003,4507-16021-0005,/Users/davidmillard/Downloads/eval/our_SB_5/2961-961-0003__to__4507-16021-0005.wav,/Users/davidmillard/Downloads/eval/freevc/target/2961-961-0003_to_4507-16021-0005_target.flac,True,0.4677097797393799,3.1228792667388916
451,our_SB_5,2961/961/2961-961-0005.flac,6930/81414/6930-81414-0015.flac,2961-961-0005,6930-81414-0015,/Users/davidmillard/Downloads/eval/our_SB_5/2961-961-0005__to__6930-81414-0015.wav,/Users/davidmillard/Downloads/eval/freevc/target/2961-961-0005_to_6930-81414-0015_target.flac,True,0.192194402217865,2.4486935138702393
452,our_SB_5,2961/961/2961-961-0007.flac,1320/122617/1320-122617-0041.flac,2961-961-0007,1320-122617-0041,/Users/davidmillard/Downloads/eval/our_SB_5/2961-961-0007__to__1320-122617-0041.wav,/Users/davidmillard/Downloads/eval/freevc/target/2961-961-0007_to_1320-122617-0041_target.flac,True,0.345736563205719,3.469421148300171
453,our_SB_5,2961/961/2961-961-0009.flac,6930/76324/6930-76324-0023.flac,2961-961-0009,6930-76324-0023,/Users/davidmillard/Downloads/eval/our_SB_5/2961-961-0009__to__6930-76324-0023.wav,/Users/davidmillard/Downloads/eval/freevc/target/2961-961-0009_to_6930-76324-0023_target.flac,True,0.356294572353363,3.1533074378967285
454,our_SB_5,2961/961/2961-961-0011.flac,1221/135767/1221-135767-0009.flac,2961-961-0011,1221-135767-0009,/Users/davidmillard/Downloads/eval/our_SB_5/2961-961-0011__to__1221-135767-0009.wav,/Users/davidmillard/Downloads/eval/freevc/target/2961-961-0011_to_1221-135767-0009_target.flac,True,0.2752967774868011,3.0277931690216064
455,our_SB_5,2961/961/2961-961-0013.flac,3729/6852/3729-6852-0024.flac,2961-961-0013,3729-6852-0024,/Users/davidmillard/Downloads/eval/our_SB_5/2961-961-0013__to__3729-6852-0024.wav,/Users/davidmillard/Downloads/eval/freevc/target/2961-961-0013_to_3729-6852-0024_target.flac,True,0.3614330887794494,3.7572405338287354
456,our_SB_5,2961/961/2961-961-0015.flac,3575/170457/3575-170457-0001.flac,2961-961-0015,3575-170457-0001,/Users/davidmillard/Downloads/eval/our_SB_5/2961-961-0015__to__3575-170457-0001.wav,/Users/davidmillard/Downloads/eval/freevc/target/2961-961-0015_to_3575-170457-0001_target.flac,True,0.2993848621845245,3.181208372116089
457,our_SB_5,2961/961/2961-961-0017.flac,1580/141084/1580-141084-0037.flac,2961-961-0017,1580-141084-0037,/Users/davidmillard/Downloads/eval/our_SB_5/2961-961-0017__to__1580-141084-0037.wav,/Users/davidmillard/Downloads/eval/freevc/target/2961-961-0017_to_1580-141084-0037_target.flac,True,0.3625858724117279,2.6600279808044434
458,our_SB_5,2961/961/2961-961-0019.flac,2300/131720/2300-131720-0008.flac,2961-961-0019,2300-131720-0008,/Users/davidmillard/Downloads/eval/our_SB_5/2961-961-0019__to__2300-131720-0008.wav,/Users/davidmillard/Downloads/eval/freevc/target/2961-961-0019_to_2300-131720-0008_target.flac,True,0.3551474213600158,2.946993112564087
459,our_SB_5,2961/961/2961-961-0021.flac,7127/75946/7127-75946-0017.flac,2961-961-0021,7127-75946-0017,/Users/davidmillard/Downloads/eval/our_SB_5/2961-961-0021__to__7127-75946-0017.wav,/Users/davidmillard/Downloads/eval/freevc/target/2961-961-0021_to_7127-75946-0017_target.flac,True,0.0821746289730072,3.0413286685943604
460,our_SB_5,3570/5694/3570-5694-0000.flac,1089/134686/1089-134686-0010.flac,3570-5694-0000,1089-134686-0010,/Users/davidmillard/Downloads/eval/our_SB_5/3570-5694-0000__to__1089-134686-0010.wav,/Users/davidmillard/Downloads/eval/freevc/target/3570-5694-0000_to_1089-134686-0010_target.flac,True,0.4393408000469208,3.235276222229004
461,our_SB_5,3570/5694/3570-5694-0002.flac,2961/960/2961-960-0009.flac,3570-5694-0002,2961-960-0009,/Users/davidmillard/Downloads/eval/our_SB_5/3570-5694-0002__to__2961-960-0009.wav,/Users/davidmillard/Downloads/eval/freevc/target/3570-5694-0002_to_2961-960-0009_target.flac,True,0.2777576446533203,2.7007174491882324
462,our_SB_5,3570/5694/3570-5694-0004.flac,6829/68769/6829-68769-0014.flac,3570-5694-0004,6829-68769-0014,/Users/davidmillard/Downloads/eval/our_SB_5/3570-5694-0004__to__6829-68769-0014.wav,/Users/davidmillard/Downloads/eval/freevc/target/3570-5694-0004_to_6829-68769-0014_target.flac,True,0.2653239965438843,3.8112893104553223
463,our_SB_5,3570/5694/3570-5694-0006.flac,4970/29093/4970-29093-0007.flac,3570-5694-0006,4970-29093-0007,/Users/davidmillard/Downloads/eval/our_SB_5/3570-5694-0006__to__4970-29093-0007.wav,/Users/davidmillard/Downloads/eval/freevc/target/3570-5694-0006_to_4970-29093-0007_target.flac,True,0.2653607130050659,3.6345667839050293
464,our_SB_5,3570/5694/3570-5694-0008.flac,672/122797/672-122797-0058.flac,3570-5694-0008,672-122797-0058,/Users/davidmillard/Downloads/eval/our_SB_5/3570-5694-0008__to__672-122797-0058.wav,/Users/davidmillard/Downloads/eval/freevc/target/3570-5694-0008_to_672-122797-0058_target.flac,True,0.2569590508937835,3.141920566558838
465,our_SB_5,3570/5694/3570-5694-0010.flac,7176/92135/7176-92135-0040.flac,3570-5694-0010,7176-92135-0040,/Users/davidmillard/Downloads/eval/our_SB_5/3570-5694-0010__to__7176-92135-0040.wav,/Users/davidmillard/Downloads/eval/freevc/target/3570-5694-0010_to_7176-92135-0040_target.flac,True,0.3936747014522552,3.2265212535858154
466,our_SB_5,3570/5694/3570-5694-0012.flac,7729/102255/7729-102255-0036.flac,3570-5694-0012,7729-102255-0036,/Users/davidmillard/Downloads/eval/our_SB_5/3570-5694-0012__to__7729-102255-0036.wav,/Users/davidmillard/Downloads/eval/freevc/target/3570-5694-0012_to_7729-102255-0036_target.flac,True,0.0960949212312698,3.0065481662750244
467,our_SB_5,3570/5694/3570-5694-0014.flac,2300/131720/2300-131720-0018.flac,3570-5694-0014,2300-131720-0018,/Users/davidmillard/Downloads/eval/our_SB_5/3570-5694-0014__to__2300-131720-0018.wav,/Users/davidmillard/Downloads/eval/freevc/target/3570-5694-0014_to_2300-131720-0018_target.flac,True,0.1470276117324829,3.052130937576294
468,our_SB_5,3570/5694/3570-5694-0016.flac,5142/33396/5142-33396-0030.flac,3570-5694-0016,5142-33396-0030,/Users/davidmillard/Downloads/eval/our_SB_5/3570-5694-0016__to__5142-33396-0030.wav,/Users/davidmillard/Downloads/eval/freevc/target/3570-5694-0016_to_5142-33396-0030_target.flac,True,0.217196837067604,3.8658831119537354
469,our_SB_5,3570/5694/3570-5694-0018.flac,260/123286/260-123286-0010.flac,3570-5694-0018,260-123286-0010,/Users/davidmillard/Downloads/eval/our_SB_5/3570-5694-0018__to__260-123286-0010.wav,/Users/davidmillard/Downloads/eval/freevc/target/3570-5694-0018_to_260-123286-0010_target.flac,True,0.3743906617164612,3.297358751296997
470,our_SB_5,3570/5694/3570-5694-0020.flac,1284/134647/1284-134647-0006.flac,3570-5694-0020,1284-134647-0006,/Users/davidmillard/Downloads/eval/our_SB_5/3570-5694-0020__to__1284-134647-0006.wav,/Users/davidmillard/Downloads/eval/freevc/target/3570-5694-0020_to_1284-134647-0006_target.flac,True,0.4820948839187622,3.0262677669525146
471,our_SB_5,3570/5694/3570-5694-0022.flac,5683/32879/5683-32879-0011.flac,3570-5694-0022,5683-32879-0011,/Users/davidmillard/Downloads/eval/our_SB_5/3570-5694-0022__to__5683-32879-0011.wav,/Users/davidmillard/Downloads/eval/freevc/target/3570-5694-0022_to_5683-32879-0011_target.flac,True,0.17792409658432,3.438849449157715
472,our_SB_5,3570/5695/3570-5695-0001.flac,5683/32866/5683-32866-0029.flac,3570-5695-0001,5683-32866-0029,/Users/davidmillard/Downloads/eval/our_SB_5/3570-5695-0001__to__5683-32866-0029.wav,/Users/davidmillard/Downloads/eval/freevc/target/3570-5695-0001_to_5683-32866-0029_target.flac,True,0.074612021446228,3.3955178260803223
473,our_SB_5,3570/5695/3570-5695-0003.flac,5142/36600/5142-36600-0000.flac,3570-5695-0003,5142-36600-0000,/Users/davidmillard/Downloads/eval/our_SB_5/3570-5695-0003__to__5142-36600-0000.wav,/Users/davidmillard/Downloads/eval/freevc/target/3570-5695-0003_to_5142-36600-0000_target.flac,True,0.1656769812107086,3.515507936477661
474,our_SB_5,3570/5695/3570-5695-0005.flac,3729/6852/3729-6852-0046.flac,3570-5695-0005,3729-6852-0046,/Users/davidmillard/Downloads/eval/our_SB_5/3570-5695-0005__to__3729-6852-0046.wav,/Users/davidmillard/Downloads/eval/freevc/target/3570-5695-0005_to_3729-6852-0046_target.flac,True,0.384525716304779,3.6206462383270264
475,our_SB_5,3570/5695/3570-5695-0007.flac,8555/292519/8555-292519-0001.flac,3570-5695-0007,8555-292519-0001,/Users/davidmillard/Downloads/eval/our_SB_5/3570-5695-0007__to__8555-292519-0001.wav,/Users/davidmillard/Downloads/eval/freevc/target/3570-5695-0007_to_8555-292519-0001_target.flac,True,0.2670796513557434,3.2701873779296875
476,our_SB_5,3570/5695/3570-5695-0009.flac,121/123859/121-123859-0002.flac,3570-5695-0009,121-123859-0002,/Users/davidmillard/Downloads/eval/our_SB_5/3570-5695-0009__to__121-123859-0002.wav,/Users/davidmillard/Downloads/eval/freevc/target/3570-5695-0009_to_121-123859-0002_target.flac,True,0.3445281088352203,2.8879339694976807
477,our_SB_5,3570/5695/3570-5695-0011.flac,260/123288/260-123288-0027.flac,3570-5695-0011,260-123288-0027,/Users/davidmillard/Downloads/eval/our_SB_5/3570-5695-0011__to__260-123288-0027.wav,/Users/davidmillard/Downloads/eval/freevc/target/3570-5695-0011_to_260-123288-0027_target.flac,True,0.3863138556480407,2.4582104682922363
478,our_SB_5,3570/5695/3570-5695-0013.flac,2094/142345/2094-142345-0004.flac,3570-5695-0013,2094-142345-0004,/Users/davidmillard/Downloads/eval/our_SB_5/3570-5695-0013__to__2094-142345-0004.wav,/Users/davidmillard/Downloads/eval/freevc/target/3570-5695-0013_to_2094-142345-0004_target.flac,True,0.1823197454214096,3.0443456172943115
479,our_SB_5,3570/5695/3570-5695-0015.flac,4507/16021/4507-16021-0012.flac,3570-5695-0015,4507-16021-0012,/Users/davidmillard/Downloads/eval/our_SB_5/3570-5695-0015__to__4507-16021-0012.wav,/Users/davidmillard/Downloads/eval/freevc/target/3570-5695-0015_to_4507-16021-0012_target.flac,True,0.3683194518089294,3.2941322326660156
480,our_SB_5,3570/5696/3570-5696-0001.flac,2830/3979/2830-3979-0005.flac,3570-5696-0001,2830-3979-0005,/Users/davidmillard/Downloads/eval/our_SB_5/3570-5696-0001__to__2830-3979-0005.wav,/Users/davidmillard/Downloads/eval/freevc/target/3570-5696-0001_to_2830-3979-0005_target.flac,True,0.3554573059082031,3.0794055461883545
481,our_SB_5,3570/5696/3570-5696-0003.flac,4970/29095/4970-29095-0008.flac,3570-5696-0003,4970-29095-0008,/Users/davidmillard/Downloads/eval/our_SB_5/3570-5696-0003__to__4970-29095-0008.wav,/Users/davidmillard/Downloads/eval/freevc/target/3570-5696-0003_to_4970-29095-0008_target.flac,True,0.202539712190628,3.021145820617676
482,our_SB_5,3570/5696/3570-5696-0005.flac,7127/75947/7127-75947-0002.flac,3570-5696-0005,7127-75947-0002,/Users/davidmillard/Downloads/eval/our_SB_5/3570-5696-0005__to__7127-75947-0002.wav,/Users/davidmillard/Downloads/eval/freevc/target/3570-5696-0005_to_7127-75947-0002_target.flac,True,0.2737065255641937,2.904820442199707
483,our_SB_5,3570/5696/3570-5696-0007.flac,2830/3980/2830-3980-0023.flac,3570-5696-0007,2830-3980-0023,/Users/davidmillard/Downloads/eval/our_SB_5/3570-5696-0007__to__2830-3980-0023.wav,/Users/davidmillard/Downloads/eval/freevc/target/3570-5696-0007_to_2830-3980-0023_target.flac,True,0.2615141272544861,3.2018463611602783
484,our_SB_5,3570/5696/3570-5696-0009.flac,1221/135767/1221-135767-0005.flac,3570-5696-0009,1221-135767-0005,/Users/davidmillard/Downloads/eval/our_SB_5/3570-5696-0009__to__1221-135767-0005.wav,/Users/davidmillard/Downloads/eval/freevc/target/3570-5696-0009_to_1221-135767-0005_target.flac,True,0.3323781192302704,3.545684576034546
485,our_SB_5,3575/170457/3575-170457-0000.flac,5639/40744/5639-40744-0027.flac,3575-170457-0000,5639-40744-0027,/Users/davidmillard/Downloads/eval/our_SB_5/3575-170457-0000__to__5639-40744-0027.wav,/Users/davidmillard/Downloads/eval/freevc/target/3575-170457-0000_to_5639-40744-0027_target.flac,True,0.2648147642612457,3.266525983810425
486,our_SB_5,3575/170457/3575-170457-0002.flac,6930/76324/6930-76324-0028.flac,3575-170457-0002,6930-76324-0028,/Users/davidmillard/Downloads/eval/our_SB_5/3575-170457-0002__to__6930-76324-0028.wav,/Users/davidmillard/Downloads/eval/freevc/target/3575-170457-0002_to_6930-76324-0028_target.flac,True,0.1656636297702789,3.5336015224456787
487,our_SB_5,3575/170457/3575-170457-0004.flac,7176/92135/7176-92135-0035.flac,3575-170457-0004,7176-92135-0035,/Users/davidmillard/Downloads/eval/our_SB_5/3575-170457-0004__to__7176-92135-0035.wav,/Users/davidmillard/Downloads/eval/freevc/target/3575-170457-0004_to_7176-92135-0035_target.flac,True,0.2734264731407165,3.0650837421417236
488,our_SB_5,3575/170457/3575-170457-0006.flac,4446/2275/4446-2275-0040.flac,3575-170457-0006,4446-2275-0040,/Users/davidmillard/Downloads/eval/our_SB_5/3575-170457-0006__to__4446-2275-0040.wav,/Users/davidmillard/Downloads/eval/freevc/target/3575-170457-0006_to_4446-2275-0040_target.flac,True,0.1058790236711502,3.632460594177246
489,our_SB_5,3575/170457/3575-170457-0008.flac,6829/68769/6829-68769-0010.flac,3575-170457-0008,6829-68769-0010,/Users/davidmillard/Downloads/eval/our_SB_5/3575-170457-0008__to__6829-68769-0010.wav,/Users/davidmillard/Downloads/eval/freevc/target/3575-170457-0008_to_6829-68769-0010_target.flac,True,0.3258310556411743,3.5313720703125
490,our_SB_5,3575/170457/3575-170457-0010.flac,260/123440/260-123440-0008.flac,3575-170457-0010,260-123440-0008,/Users/davidmillard/Downloads/eval/our_SB_5/3575-170457-0010__to__260-123440-0008.wav,/Users/davidmillard/Downloads/eval/freevc/target/3575-170457-0010_to_260-123440-0008_target.flac,True,0.4100992977619171,2.852006435394287
491,our_SB_5,3575/170457/3575-170457-0012.flac,1580/141083/1580-141083-0010.flac,3575-170457-0012,1580-141083-0010,/Users/davidmillard/Downloads/eval/our_SB_5/3575-170457-0012__to__1580-141083-0010.wav,/Users/davidmillard/Downloads/eval/freevc/target/3575-170457-0012_to_1580-141083-0010_target.flac,True,0.4013381600379944,3.5633978843688965
492,our_SB_5,3575/170457/3575-170457-0014.flac,4507/16021/4507-16021-0019.flac,3575-170457-0014,4507-16021-0019,/Users/davidmillard/Downloads/eval/our_SB_5/3575-170457-0014__to__4507-16021-0019.wav,/Users/davidmillard/Downloads/eval/freevc/target/3575-170457-0014_to_4507-16021-0019_target.flac,True,0.1939817667007446,3.4108352661132812
493,our_SB_5,3575/170457/3575-170457-0016.flac,6829/68769/6829-68769-0021.flac,3575-170457-0016,6829-68769-0021,/Users/davidmillard/Downloads/eval/our_SB_5/3575-170457-0016__to__6829-68769-0021.wav,/Users/davidmillard/Downloads/eval/freevc/target/3575-170457-0016_to_6829-68769-0021_target.flac,True,0.2291502058506012,2.0385382175445557
494,our_SB_5,3575/170457/3575-170457-0018.flac,6930/75918/6930-75918-0005.flac,3575-170457-0018,6930-75918-0005,/Users/davidmillard/Downloads/eval/our_SB_5/3575-170457-0018__to__6930-75918-0005.wav,/Users/davidmillard/Downloads/eval/freevc/target/3575-170457-0018_to_6930-75918-0005_target.flac,True,0.2746928036212921,3.0725247859954834
495,our_SB_5,3575/170457/3575-170457-0020.flac,6829/68769/6829-68769-0035.flac,3575-170457-0020,6829-68769-0035,/Users/davidmillard/Downloads/eval/our_SB_5/3575-170457-0020__to__6829-68769-0035.wav,/Users/davidmillard/Downloads/eval/freevc/target/3575-170457-0020_to_6829-68769-0035_target.flac,True,0.3624387979507446,3.332944869995117
496,our_SB_5,3575/170457/3575-170457-0022.flac,61/70968/61-70968-0046.flac,3575-170457-0022,61-70968-0046,/Users/davidmillard/Downloads/eval/our_SB_5/3575-170457-0022__to__61-70968-0046.wav,/Users/davidmillard/Downloads/eval/freevc/target/3575-170457-0022_to_61-70968-0046_target.flac,True,0.3946403264999389,3.2977161407470703
497,our_SB_5,3575/170457/3575-170457-0024.flac,237/126133/237-126133-0003.flac,3575-170457-0024,237-126133-0003,/Users/davidmillard/Downloads/eval/our_SB_5/3575-170457-0024__to__237-126133-0003.wav,/Users/davidmillard/Downloads/eval/freevc/target/3575-170457-0024_to_237-126133-0003_target.flac,True,0.4772720336914062,2.809725761413574
498,our_SB_5,3575/170457/3575-170457-0026.flac,6930/75918/6930-75918-0004.flac,3575-170457-0026,6930-75918-0004,/Users/davidmillard/Downloads/eval/our_SB_5/3575-170457-0026__to__6930-75918-0004.wav,/Users/davidmillard/Downloads/eval/freevc/target/3575-170457-0026_to_6930-75918-0004_target.flac,True,0.3937335312366485,2.0196938514709473
499,our_SB_5,3575/170457/3575-170457-0028.flac,3729/6852/3729-6852-0041.flac,3575-170457-0028,3729-6852-0041,/Users/davidmillard/Downloads/eval/our_SB_5/3575-170457-0028__to__3729-6852-0041.wav,/Users/davidmillard/Downloads/eval/freevc/target/3575-170457-0028_to_3729-6852-0041_target.flac,True,0.2994264364242553,3.5594050884246826
500,our_SB_5,3575/170457/3575-170457-0030.flac,5683/32879/5683-32879-0023.flac,3575-170457-0030,5683-32879-0023,/Users/davidmillard/Downloads/eval/our_SB_5/3575-170457-0030__to__5683-32879-0023.wav,/Users/davidmillard/Downloads/eval/freevc/target/3575-170457-0030_to_5683-32879-0023_target.flac,True,0.3844504654407501,2.8220715522766113
501,our_SB_5,3575/170457/3575-170457-0032.flac,2300/131720/2300-131720-0028.flac,3575-170457-0032,2300-131720-0028,/Users/davidmillard/Downloads/eval/our_SB_5/3575-170457-0032__to__2300-131720-0028.wav,/Users/davidmillard/Downloads/eval/freevc/target/3575-170457-0032_to_2300-131720-0028_target.flac,True,0.1729001402854919,3.644859790802002
502,our_SB_5,3575/170457/3575-170457-0034.flac,6930/75918/6930-75918-0009.flac,3575-170457-0034,6930-75918-0009,/Users/davidmillard/Downloads/eval/our_SB_5/3575-170457-0034__to__6930-75918-0009.wav,/Users/davidmillard/Downloads/eval/freevc/target/3575-170457-0034_to_6930-75918-0009_target.flac,True,0.3451820611953735,3.544628381729126
503,our_SB_5,3575/170457/3575-170457-0036.flac,8224/274384/8224-274384-0005.flac,3575-170457-0036,8224-274384-0005,/Users/davidmillard/Downloads/eval/our_SB_5/3575-170457-0036__to__8224-274384-0005.wav,/Users/davidmillard/Downloads/eval/freevc/target/3575-170457-0036_to_8224-274384-0005_target.flac,True,0.4570537209510803,2.8030478954315186
504,our_SB_5,3575/170457/3575-170457-0038.flac,4446/2273/4446-2273-0006.flac,3575-170457-0038,4446-2273-0006,/Users/davidmillard/Downloads/eval/our_SB_5/3575-170457-0038__to__4446-2273-0006.wav,/Users/davidmillard/Downloads/eval/freevc/target/3575-170457-0038_to_4446-2273-0006_target.flac,True,0.1384444236755371,4.004143238067627
505,our_SB_5,3575/170457/3575-170457-0040.flac,260/123440/260-123440-0002.flac,3575-170457-0040,260-123440-0002,/Users/davidmillard/Downloads/eval/our_SB_5/3575-170457-0040__to__260-123440-0002.wav,/Users/davidmillard/Downloads/eval/freevc/target/3575-170457-0040_to_260-123440-0002_target.flac,True,0.3117575645446777,3.125511407852173
506,our_SB_5,3575/170457/3575-170457-0042.flac,8455/210777/8455-210777-0015.flac,3575-170457-0042,8455-210777-0015,/Users/davidmillard/Downloads/eval/our_SB_5/3575-170457-0042__to__8455-210777-0015.wav,/Users/davidmillard/Downloads/eval/freevc/target/3575-170457-0042_to_8455-210777-0015_target.flac,True,0.3136735558509826,3.5441219806671143
507,our_SB_5,3575/170457/3575-170457-0044.flac,6930/76324/6930-76324-0006.flac,3575-170457-0044,6930-76324-0006,/Users/davidmillard/Downloads/eval/our_SB_5/3575-170457-0044__to__6930-76324-0006.wav,/Users/davidmillard/Downloads/eval/freevc/target/3575-170457-0044_to_6930-76324-0006_target.flac,True,0.3101288080215454,3.3390934467315674
508,our_SB_5,3575/170457/3575-170457-0046.flac,7176/88083/7176-88083-0025.flac,3575-170457-0046,7176-88083-0025,/Users/davidmillard/Downloads/eval/our_SB_5/3575-170457-0046__to__7176-88083-0025.wav,/Users/davidmillard/Downloads/eval/freevc/target/3575-170457-0046_to_7176-88083-0025_target.flac,True,0.3417645990848541,2.678502082824707
509,our_SB_5,3575/170457/3575-170457-0048.flac,1284/1180/1284-1180-0028.flac,3575-170457-0048,1284-1180-0028,/Users/davidmillard/Downloads/eval/our_SB_5/3575-170457-0048__to__1284-1180-0028.wav,/Users/davidmillard/Downloads/eval/freevc/target/3575-170457-0048_to_1284-1180-0028_target.flac,True,0.2937819063663482,3.0332140922546387
510,our_SB_5,3575/170457/3575-170457-0050.flac,1320/122617/1320-122617-0034.flac,3575-170457-0050,1320-122617-0034,/Users/davidmillard/Downloads/eval/our_SB_5/3575-170457-0050__to__1320-122617-0034.wav,/Users/davidmillard/Downloads/eval/freevc/target/3575-170457-0050_to_1320-122617-0034_target.flac,True,0.386437326669693,2.637451648712158
511,our_SB_5,3575/170457/3575-170457-0052.flac,5142/36377/5142-36377-0021.flac,3575-170457-0052,5142-36377-0021,/Users/davidmillard/Downloads/eval/our_SB_5/3575-170457-0052__to__5142-36377-0021.wav,/Users/davidmillard/Downloads/eval/freevc/target/3575-170457-0052_to_5142-36377-0021_target.flac,True,0.1585205942392349,3.9851131439208984
512,our_SB_5,3575/170457/3575-170457-0054.flac,8230/279154/8230-279154-0018.flac,3575-170457-0054,8230-279154-0018,/Users/davidmillard/Downloads/eval/our_SB_5/3575-170457-0054__to__8230-279154-0018.wav,/Users/davidmillard/Downloads/eval/freevc/target/3575-170457-0054_to_8230-279154-0018_target.flac,True,0.3933899998664856,2.2498459815979004
513,our_SB_5,3575/170457/3575-170457-0056.flac,237/134500/237-134500-0036.flac,3575-170457-0056,237-134500-0036,/Users/davidmillard/Downloads/eval/our_SB_5/3575-170457-0056__to__237-134500-0036.wav,/Users/davidmillard/Downloads/eval/freevc/target/3575-170457-0056_to_237-134500-0036_target.flac,True,0.2847691178321838,3.3580379486083984
514,our_SB_5,3729/6852/3729-6852-0001.flac,7729/102255/7729-102255-0014.flac,3729-6852-0001,7729-102255-0014,/Users/davidmillard/Downloads/eval/our_SB_5/3729-6852-0001__to__7729-102255-0014.wav,/Users/davidmillard/Downloads/eval/freevc/target/3729-6852-0001_to_7729-102255-0014_target.flac,True,0.3724265098571777,2.6928012371063232
515,our_SB_5,3729/6852/3729-6852-0003.flac,2094/142345/2094-142345-0015.flac,3729-6852-0003,2094-142345-0015,/Users/davidmillard/Downloads/eval/our_SB_5/3729-6852-0003__to__2094-142345-0015.wav,/Users/davidmillard/Downloads/eval/freevc/target/3729-6852-0003_to_2094-142345-0015_target.flac,True,0.3531665205955505,3.136845111846924
516,our_SB_5,3729/6852/3729-6852-0005.flac,5639/40744/5639-40744-0035.flac,3729-6852-0005,5639-40744-0035,/Users/davidmillard/Downloads/eval/our_SB_5/3729-6852-0005__to__5639-40744-0035.wav,/Users/davidmillard/Downloads/eval/freevc/target/3729-6852-0005_to_5639-40744-0035_target.flac,True,0.4076365232467651,3.367945432662964
517,our_SB_5,3729/6852/3729-6852-0007.flac,7021/85628/7021-85628-0020.flac,3729-6852-0007,7021-85628-0020,/Users/davidmillard/Downloads/eval/our_SB_5/3729-6852-0007__to__7021-85628-0020.wav,/Users/davidmillard/Downloads/eval/freevc/target/3729-6852-0007_to_7021-85628-0020_target.flac,True,0.3602427244186401,3.5825955867767334
518,our_SB_5,3729/6852/3729-6852-0009.flac,1320/122612/1320-122612-0004.flac,3729-6852-0009,1320-122612-0004,/Users/davidmillard/Downloads/eval/our_SB_5/3729-6852-0009__to__1320-122612-0004.wav,/Users/davidmillard/Downloads/eval/freevc/target/3729-6852-0009_to_1320-122612-0004_target.flac,True,0.3463728427886963,2.8548777103424072
519,our_SB_5,3729/6852/3729-6852-0011.flac,7127/75947/7127-75947-0037.flac,3729-6852-0011,7127-75947-0037,/Users/davidmillard/Downloads/eval/our_SB_5/3729-6852-0011__to__7127-75947-0037.wav,/Users/davidmillard/Downloads/eval/freevc/target/3729-6852-0011_to_7127-75947-0037_target.flac,True,0.3934226334095001,2.9677155017852783
520,our_SB_5,3729/6852/3729-6852-0013.flac,8463/287645/8463-287645-0009.flac,3729-6852-0013,8463-287645-0009,/Users/davidmillard/Downloads/eval/our_SB_5/3729-6852-0013__to__8463-287645-0009.wav,/Users/davidmillard/Downloads/eval/freevc/target/3729-6852-0013_to_8463-287645-0009_target.flac,True,0.2609184682369232,2.59515380859375
521,our_SB_5,3729/6852/3729-6852-0015.flac,1284/1180/1284-1180-0028.flac,3729-6852-0015,1284-1180-0028,/Users/davidmillard/Downloads/eval/our_SB_5/3729-6852-0015__to__1284-1180-0028.wav,/Users/davidmillard/Downloads/eval/freevc/target/3729-6852-0015_to_1284-1180-0028_target.flac,True,0.0712653696537017,2.2491674423217773
522,our_SB_5,3729/6852/3729-6852-0017.flac,8224/274384/8224-274384-0004.flac,3729-6852-0017,8224-274384-0004,/Users/davidmillard/Downloads/eval/our_SB_5/3729-6852-0017__to__8224-274384-0004.wav,/Users/davidmillard/Downloads/eval/freevc/target/3729-6852-0017_to_8224-274384-0004_target.flac,True,0.4121314287185669,2.956112861633301
523,our_SB_5,3729/6852/3729-6852-0019.flac,8455/210777/8455-210777-0023.flac,3729-6852-0019,8455-210777-0023,/Users/davidmillard/Downloads/eval/our_SB_5/3729-6852-0019__to__8455-210777-0023.wav,/Users/davidmillard/Downloads/eval/freevc/target/3729-6852-0019_to_8455-210777-0023_target.flac,True,0.2018328160047531,3.296950101852417
524,our_SB_5,3729/6852/3729-6852-0021.flac,7729/102255/7729-102255-0003.flac,3729-6852-0021,7729-102255-0003,/Users/davidmillard/Downloads/eval/our_SB_5/3729-6852-0021__to__7729-102255-0003.wav,/Users/davidmillard/Downloads/eval/freevc/target/3729-6852-0021_to_7729-102255-0003_target.flac,True,0.3330098390579223,2.758594512939453
525,our_SB_5,3729/6852/3729-6852-0023.flac,2300/131720/2300-131720-0019.flac,3729-6852-0023,2300-131720-0019,/Users/davidmillard/Downloads/eval/our_SB_5/3729-6852-0023__to__2300-131720-0019.wav,/Users/davidmillard/Downloads/eval/freevc/target/3729-6852-0023_to_2300-131720-0019_target.flac,True,0.2975654900074005,3.0880379676818848
526,our_SB_5,3729/6852/3729-6852-0025.flac,4992/41806/4992-41806-0015.flac,3729-6852-0025,4992-41806-0015,/Users/davidmillard/Downloads/eval/our_SB_5/3729-6852-0025__to__4992-41806-0015.wav,/Users/davidmillard/Downloads/eval/freevc/target/3729-6852-0025_to_4992-41806-0015_target.flac,True,0.3112316131591797,3.5945658683776855
527,our_SB_5,3729/6852/3729-6852-0027.flac,8224/274384/8224-274384-0000.flac,3729-6852-0027,8224-274384-0000,/Users/davidmillard/Downloads/eval/our_SB_5/3729-6852-0027__to__8224-274384-0000.wav,/Users/davidmillard/Downloads/eval/freevc/target/3729-6852-0027_to_8224-274384-0000_target.flac,True,0.0616890229284763,2.0695412158966064
528,our_SB_5,3729/6852/3729-6852-0029.flac,2830/3980/2830-3980-0068.flac,3729-6852-0029,2830-3980-0068,/Users/davidmillard/Downloads/eval/our_SB_5/3729-6852-0029__to__2830-3980-0068.wav,/Users/davidmillard/Downloads/eval/freevc/target/3729-6852-0029_to_2830-3980-0068_target.flac,True,0.2979127466678619,3.508784770965576
529,our_SB_5,3729/6852/3729-6852-0031.flac,2094/142345/2094-142345-0040.flac,3729-6852-0031,2094-142345-0040,/Users/davidmillard/Downloads/eval/our_SB_5/3729-6852-0031__to__2094-142345-0040.wav,/Users/davidmillard/Downloads/eval/freevc/target/3729-6852-0031_to_2094-142345-0040_target.flac,True,0.2900471091270447,2.8082401752471924
530,our_SB_5,3729/6852/3729-6852-0033.flac,8230/279154/8230-279154-0005.flac,3729-6852-0033,8230-279154-0005,/Users/davidmillard/Downloads/eval/our_SB_5/3729-6852-0033__to__8230-279154-0005.wav,/Users/davidmillard/Downloads/eval/freevc/target/3729-6852-0033_to_8230-279154-0005_target.flac,True,0.5675427317619324,3.2157468795776367
531,our_SB_5,3729/6852/3729-6852-0035.flac,237/134500/237-134500-0030.flac,3729-6852-0035,237-134500-0030,/Users/davidmillard/Downloads/eval/our_SB_5/3729-6852-0035__to__237-134500-0030.wav,/Users/davidmillard/Downloads/eval/freevc/target/3729-6852-0035_to_237-134500-0030_target.flac,True,0.234422355890274,3.34206223487854
532,our_SB_5,3729/6852/3729-6852-0037.flac,237/134500/237-134500-0039.flac,3729-6852-0037,237-134500-0039,/Users/davidmillard/Downloads/eval/our_SB_5/3729-6852-0037__to__237-134500-0039.wav,/Users/davidmillard/Downloads/eval/freevc/target/3729-6852-0037_to_237-134500-0039_target.flac,True,0.2381998300552368,3.3286585807800293
533,our_SB_5,3729/6852/3729-6852-0039.flac,8463/287645/8463-287645-0005.flac,3729-6852-0039,8463-287645-0005,/Users/davidmillard/Downloads/eval/our_SB_5/3729-6852-0039__to__8463-287645-0005.wav,/Users/davidmillard/Downloads/eval/freevc/target/3729-6852-0039_to_8463-287645-0005_target.flac,True,0.3780309855937958,3.411980390548706
534,our_SB_5,3729/6852/3729-6852-0041.flac,121/127105/121-127105-0035.flac,3729-6852-0041,121-127105-0035,/Users/davidmillard/Downloads/eval/our_SB_5/3729-6852-0041__to__121-127105-0035.wav,/Users/davidmillard/Downloads/eval/freevc/target/3729-6852-0041_to_121-127105-0035_target.flac,True,0.1685200929641723,3.663045883178711
535,our_SB_5,3729/6852/3729-6852-0043.flac,2961/961/2961-961-0013.flac,3729-6852-0043,2961-961-0013,/Users/davidmillard/Downloads/eval/our_SB_5/3729-6852-0043__to__2961-961-0013.wav,/Users/davidmillard/Downloads/eval/freevc/target/3729-6852-0043_to_2961-961-0013_target.flac,True,0.2874866724014282,3.2733209133148193
536,our_SB_5,3729/6852/3729-6852-0045.flac,7176/92135/7176-92135-0041.flac,3729-6852-0045,7176-92135-0041,/Users/davidmillard/Downloads/eval/our_SB_5/3729-6852-0045__to__7176-92135-0041.wav,/Users/davidmillard/Downloads/eval/freevc/target/3729-6852-0045_to_7176-92135-0041_target.flac,True,0.405911386013031,3.338927984237671
537,our_SB_5,4077/13751/4077-13751-0000.flac,4970/29095/4970-29095-0006.flac,4077-13751-0000,4970-29095-0006,/Users/davidmillard/Downloads/eval/our_SB_5/4077-13751-0000__to__4970-29095-0006.wav,/Users/davidmillard/Downloads/eval/freevc/target/4077-13751-0000_to_4970-29095-0006_target.flac,True,0.4840632975101471,3.035712957382202
538,our_SB_5,4077/13751/4077-13751-0002.flac,61/70968/61-70968-0038.flac,4077-13751-0002,61-70968-0038,/Users/davidmillard/Downloads/eval/our_SB_5/4077-13751-0002__to__61-70968-0038.wav,/Users/davidmillard/Downloads/eval/freevc/target/4077-13751-0002_to_61-70968-0038_target.flac,True,0.2950558662414551,3.3357856273651123
539,our_SB_5,4077/13751/4077-13751-0004.flac,1221/135766/1221-135766-0010.flac,4077-13751-0004,1221-135766-0010,/Users/davidmillard/Downloads/eval/our_SB_5/4077-13751-0004__to__1221-135766-0010.wav,/Users/davidmillard/Downloads/eval/freevc/target/4077-13751-0004_to_1221-135766-0010_target.flac,True,0.4425870776176452,3.7406723499298096
540,our_SB_5,4077/13751/4077-13751-0006.flac,7127/75947/7127-75947-0029.flac,4077-13751-0006,7127-75947-0029,/Users/davidmillard/Downloads/eval/our_SB_5/4077-13751-0006__to__7127-75947-0029.wav,/Users/davidmillard/Downloads/eval/freevc/target/4077-13751-0006_to_7127-75947-0029_target.flac,True,0.3453431129455566,2.9736177921295166
541,our_SB_5,4077/13751/4077-13751-0008.flac,908/157963/908-157963-0009.flac,4077-13751-0008,908-157963-0009,/Users/davidmillard/Downloads/eval/our_SB_5/4077-13751-0008__to__908-157963-0009.wav,/Users/davidmillard/Downloads/eval/freevc/target/4077-13751-0008_to_908-157963-0009_target.flac,True,0.3007592558860779,2.874722480773926
542,our_SB_5,4077/13751/4077-13751-0010.flac,4992/41806/4992-41806-0002.flac,4077-13751-0010,4992-41806-0002,/Users/davidmillard/Downloads/eval/our_SB_5/4077-13751-0010__to__4992-41806-0002.wav,/Users/davidmillard/Downloads/eval/freevc/target/4077-13751-0010_to_4992-41806-0002_target.flac,True,0.2709823548793793,3.552251100540161
543,our_SB_5,4077/13751/4077-13751-0012.flac,2094/142345/2094-142345-0048.flac,4077-13751-0012,2094-142345-0048,/Users/davidmillard/Downloads/eval/our_SB_5/4077-13751-0012__to__2094-142345-0048.wav,/Users/davidmillard/Downloads/eval/freevc/target/4077-13751-0012_to_2094-142345-0048_target.flac,True,0.3978758752346039,3.5238609313964844
544,our_SB_5,4077/13751/4077-13751-0014.flac,8455/210777/8455-210777-0013.flac,4077-13751-0014,8455-210777-0013,/Users/davidmillard/Downloads/eval/our_SB_5/4077-13751-0014__to__8455-210777-0013.wav,/Users/davidmillard/Downloads/eval/freevc/target/4077-13751-0014_to_8455-210777-0013_target.flac,True,0.4855557382106781,2.610142230987549
545,our_SB_5,4077/13751/4077-13751-0016.flac,7021/79730/7021-79730-0007.flac,4077-13751-0016,7021-79730-0007,/Users/davidmillard/Downloads/eval/our_SB_5/4077-13751-0016__to__7021-79730-0007.wav,/Users/davidmillard/Downloads/eval/freevc/target/4077-13751-0016_to_7021-79730-0007_target.flac,True,0.2959796786308288,3.4218406677246094
546,our_SB_5,4077/13751/4077-13751-0018.flac,3575/170457/3575-170457-0009.flac,4077-13751-0018,3575-170457-0009,/Users/davidmillard/Downloads/eval/our_SB_5/4077-13751-0018__to__3575-170457-0009.wav,/Users/davidmillard/Downloads/eval/freevc/target/4077-13751-0018_to_3575-170457-0009_target.flac,True,0.2651966214179992,3.321455717086792
547,our_SB_5,4077/13751/4077-13751-0020.flac,4507/16021/4507-16021-0024.flac,4077-13751-0020,4507-16021-0024,/Users/davidmillard/Downloads/eval/our_SB_5/4077-13751-0020__to__4507-16021-0024.wav,/Users/davidmillard/Downloads/eval/freevc/target/4077-13751-0020_to_4507-16021-0024_target.flac,True,0.3294440805912018,3.414231777191162
548,our_SB_5,4077/13754/4077-13754-0000.flac,237/134493/237-134493-0015.flac,4077-13754-0000,237-134493-0015,/Users/davidmillard/Downloads/eval/our_SB_5/4077-13754-0000__to__237-134493-0015.wav,/Users/davidmillard/Downloads/eval/freevc/target/4077-13754-0000_to_237-134493-0015_target.flac,True,0.531005859375,3.351823091506958
549,our_SB_5,4077/13754/4077-13754-0002.flac,2830/3980/2830-3980-0007.flac,4077-13754-0002,2830-3980-0007,/Users/davidmillard/Downloads/eval/our_SB_5/4077-13754-0002__to__2830-3980-0007.wav,/Users/davidmillard/Downloads/eval/freevc/target/4077-13754-0002_to_2830-3980-0007_target.flac,True,0.1988571882247924,3.277129650115967
550,our_SB_5,4077/13754/4077-13754-0004.flac,7021/85628/7021-85628-0000.flac,4077-13754-0004,7021-85628-0000,/Users/davidmillard/Downloads/eval/our_SB_5/4077-13754-0004__to__7021-85628-0000.wav,/Users/davidmillard/Downloads/eval/freevc/target/4077-13754-0004_to_7021-85628-0000_target.flac,True,0.1644207388162613,3.213764190673828
551,our_SB_5,4077/13754/4077-13754-0006.flac,1188/133604/1188-133604-0005.flac,4077-13754-0006,1188-133604-0005,/Users/davidmillard/Downloads/eval/our_SB_5/4077-13754-0006__to__1188-133604-0005.wav,/Users/davidmillard/Downloads/eval/freevc/target/4077-13754-0006_to_1188-133604-0005_target.flac,True,0.438749611377716,2.869831085205078
552,our_SB_5,4077/13754/4077-13754-0008.flac,7021/79740/7021-79740-0005.flac,4077-13754-0008,7021-79740-0005,/Users/davidmillard/Downloads/eval/our_SB_5/4077-13754-0008__to__7021-79740-0005.wav,/Users/davidmillard/Downloads/eval/freevc/target/4077-13754-0008_to_7021-79740-0005_target.flac,True,0.2917240858078003,3.4425411224365234
553,our_SB_5,4077/13754/4077-13754-0010.flac,5142/33396/5142-33396-0006.flac,4077-13754-0010,5142-33396-0006,/Users/davidmillard/Downloads/eval/our_SB_5/4077-13754-0010__to__5142-33396-0006.wav,/Users/davidmillard/Downloads/eval/freevc/target/4077-13754-0010_to_5142-33396-0006_target.flac,True,0.3446604013442993,3.5317602157592773
554,our_SB_5,4077/13754/4077-13754-0012.flac,7176/92135/7176-92135-0032.flac,4077-13754-0012,7176-92135-0032,/Users/davidmillard/Downloads/eval/our_SB_5/4077-13754-0012__to__7176-92135-0032.wav,/Users/davidmillard/Downloads/eval/freevc/target/4077-13754-0012_to_7176-92135-0032_target.flac,True,0.4443397223949432,3.1595962047576904
555,our_SB_5,4077/13754/4077-13754-0014.flac,1089/134686/1089-134686-0013.flac,4077-13754-0014,1089-134686-0013,/Users/davidmillard/Downloads/eval/our_SB_5/4077-13754-0014__to__1089-134686-0013.wav,/Users/davidmillard/Downloads/eval/freevc/target/4077-13754-0014_to_1089-134686-0013_target.flac,True,0.4520344138145447,3.0970191955566406
556,our_SB_5,4077/13754/4077-13754-0016.flac,3729/6852/3729-6852-0046.flac,4077-13754-0016,3729-6852-0046,/Users/davidmillard/Downloads/eval/our_SB_5/4077-13754-0016__to__3729-6852-0046.wav,/Users/davidmillard/Downloads/eval/freevc/target/4077-13754-0016_to_3729-6852-0046_target.flac,True,0.3456659018993377,3.803466320037842
557,our_SB_5,4446/2271/4446-2271-0001.flac,5639/40744/5639-40744-0002.flac,4446-2271-0001,5639-40744-0002,/Users/davidmillard/Downloads/eval/our_SB_5/4446-2271-0001__to__5639-40744-0002.wav,/Users/davidmillard/Downloads/eval/freevc/target/4446-2271-0001_to_5639-40744-0002_target.flac,True,0.4142972230911255,2.891016960144043
558,our_SB_5,4446/2271/4446-2271-0003.flac,8463/294828/8463-294828-0036.flac,4446-2271-0003,8463-294828-0036,/Users/davidmillard/Downloads/eval/our_SB_5/4446-2271-0003__to__8463-294828-0036.wav,/Users/davidmillard/Downloads/eval/freevc/target/4446-2271-0003_to_8463-294828-0036_target.flac,True,0.2532756328582763,3.1193761825561523
559,our_SB_5,4446/2271/4446-2271-0005.flac,8455/210777/8455-210777-0036.flac,4446-2271-0005,8455-210777-0036,/Users/davidmillard/Downloads/eval/our_SB_5/4446-2271-0005__to__8455-210777-0036.wav,/Users/davidmillard/Downloads/eval/freevc/target/4446-2271-0005_to_8455-210777-0036_target.flac,True,0.4001986384391784,3.3446710109710693
560,our_SB_5,4446/2271/4446-2271-0007.flac,7729/102255/7729-102255-0028.flac,4446-2271-0007,7729-102255-0028,/Users/davidmillard/Downloads/eval/our_SB_5/4446-2271-0007__to__7729-102255-0028.wav,/Users/davidmillard/Downloads/eval/freevc/target/4446-2271-0007_to_7729-102255-0028_target.flac,True,0.1989177167415619,3.3116965293884277
561,our_SB_5,4446/2271/4446-2271-0009.flac,1995/1826/1995-1826-0016.flac,4446-2271-0009,1995-1826-0016,/Users/davidmillard/Downloads/eval/our_SB_5/4446-2271-0009__to__1995-1826-0016.wav,/Users/davidmillard/Downloads/eval/freevc/target/4446-2271-0009_to_1995-1826-0016_target.flac,True,0.3028563857078552,2.8691046237945557
562,our_SB_5,4446/2271/4446-2271-0011.flac,5639/40744/5639-40744-0021.flac,4446-2271-0011,5639-40744-0021,/Users/davidmillard/Downloads/eval/our_SB_5/4446-2271-0011__to__5639-40744-0021.wav,/Users/davidmillard/Downloads/eval/freevc/target/4446-2271-0011_to_5639-40744-0021_target.flac,True,0.5133707523345947,3.0824806690216064
563,our_SB_5,4446/2271/4446-2271-0013.flac,2300/131720/2300-131720-0012.flac,4446-2271-0013,2300-131720-0012,/Users/davidmillard/Downloads/eval/our_SB_5/4446-2271-0013__to__2300-131720-0012.wav,/Users/davidmillard/Downloads/eval/freevc/target/4446-2271-0013_to_2300-131720-0012_target.flac,True,0.3403449356555938,2.4193661212921143
564,our_SB_5,4446/2271/4446-2271-0015.flac,61/70970/61-70970-0001.flac,4446-2271-0015,61-70970-0001,/Users/davidmillard/Downloads/eval/our_SB_5/4446-2271-0015__to__61-70970-0001.wav,/Users/davidmillard/Downloads/eval/freevc/target/4446-2271-0015_to_61-70970-0001_target.flac,True,0.3422824144363403,3.031461715698242
565,our_SB_5,4446/2271/4446-2271-0017.flac,121/121726/121-121726-0008.flac,4446-2271-0017,121-121726-0008,/Users/davidmillard/Downloads/eval/our_SB_5/4446-2271-0017__to__121-121726-0008.wav,/Users/davidmillard/Downloads/eval/freevc/target/4446-2271-0017_to_121-121726-0008_target.flac,True,0.1702917516231537,3.3754775524139404
566,our_SB_5,4446/2271/4446-2271-0019.flac,7127/75947/7127-75947-0036.flac,4446-2271-0019,7127-75947-0036,/Users/davidmillard/Downloads/eval/our_SB_5/4446-2271-0019__to__7127-75947-0036.wav,/Users/davidmillard/Downloads/eval/freevc/target/4446-2271-0019_to_7127-75947-0036_target.flac,True,0.1444164812564849,2.503413438796997
567,our_SB_5,4446/2271/4446-2271-0021.flac,908/31957/908-31957-0001.flac,4446-2271-0021,908-31957-0001,/Users/davidmillard/Downloads/eval/our_SB_5/4446-2271-0021__to__908-31957-0001.wav,/Users/davidmillard/Downloads/eval/freevc/target/4446-2271-0021_to_908-31957-0001_target.flac,True,0.3336129486560821,2.969681739807129
568,our_SB_5,4446/2271/4446-2271-0023.flac,4992/23283/4992-23283-0010.flac,4446-2271-0023,4992-23283-0010,/Users/davidmillard/Downloads/eval/our_SB_5/4446-2271-0023__to__4992-23283-0010.wav,/Users/davidmillard/Downloads/eval/freevc/target/4446-2271-0023_to_4992-23283-0010_target.flac,True,0.2899409532546997,3.270066499710083
569,our_SB_5,4446/2273/4446-2273-0000.flac,4970/29095/4970-29095-0013.flac,4446-2273-0000,4970-29095-0013,/Users/davidmillard/Downloads/eval/our_SB_5/4446-2273-0000__to__4970-29095-0013.wav,/Users/davidmillard/Downloads/eval/freevc/target/4446-2273-0000_to_4970-29095-0013_target.flac,True,0.2419524192810058,3.5908241271972656
570,our_SB_5,4446/2273/4446-2273-0002.flac,7729/102255/7729-102255-0034.flac,4446-2273-0002,7729-102255-0034,/Users/davidmillard/Downloads/eval/our_SB_5/4446-2273-0002__to__7729-102255-0034.wav,/Users/davidmillard/Downloads/eval/freevc/target/4446-2273-0002_to_7729-102255-0034_target.flac,True,0.3362532556056976,2.7508482933044434
571,our_SB_5,4446/2273/4446-2273-0004.flac,4970/29095/4970-29095-0006.flac,4446-2273-0004,4970-29095-0006,/Users/davidmillard/Downloads/eval/our_SB_5/4446-2273-0004__to__4970-29095-0006.wav,/Users/davidmillard/Downloads/eval/freevc/target/4446-2273-0004_to_4970-29095-0006_target.flac,True,0.4334161877632141,3.7240686416625977
572,our_SB_5,4446/2273/4446-2273-0006.flac,5105/28241/5105-28241-0007.flac,4446-2273-0006,5105-28241-0007,/Users/davidmillard/Downloads/eval/our_SB_5/4446-2273-0006__to__5105-28241-0007.wav,/Users/davidmillard/Downloads/eval/freevc/target/4446-2273-0006_to_5105-28241-0007_target.flac,True,0.277029424905777,3.4601476192474365
573,our_SB_5,4446/2273/4446-2273-0008.flac,8555/284447/8555-284447-0019.flac,4446-2273-0008,8555-284447-0019,/Users/davidmillard/Downloads/eval/our_SB_5/4446-2273-0008__to__8555-284447-0019.wav,/Users/davidmillard/Downloads/eval/freevc/target/4446-2273-0008_to_8555-284447-0019_target.flac,True,0.23453389108181,3.7471652030944824
574,our_SB_5,4446/2273/4446-2273-0010.flac,7127/75947/7127-75947-0003.flac,4446-2273-0010,7127-75947-0003,/Users/davidmillard/Downloads/eval/our_SB_5/4446-2273-0010__to__7127-75947-0003.wav,/Users/davidmillard/Downloads/eval/freevc/target/4446-2273-0010_to_7127-75947-0003_target.flac,True,0.3463455140590668,3.525155782699585
575,our_SB_5,4446/2273/4446-2273-0012.flac,3570/5696/3570-5696-0007.flac,4446-2273-0012,3570-5696-0007,/Users/davidmillard/Downloads/eval/our_SB_5/4446-2273-0012__to__3570-5696-0007.wav,/Users/davidmillard/Downloads/eval/freevc/target/4446-2273-0012_to_3570-5696-0007_target.flac,True,0.3488147854804992,3.1257405281066895
576,our_SB_5,4446/2273/4446-2273-0014.flac,7127/75946/7127-75946-0021.flac,4446-2273-0014,7127-75946-0021,/Users/davidmillard/Downloads/eval/our_SB_5/4446-2273-0014__to__7127-75946-0021.wav,/Users/davidmillard/Downloads/eval/freevc/target/4446-2273-0014_to_7127-75946-0021_target.flac,True,0.4548535645008087,3.8435943126678467
577,our_SB_5,4446/2273/4446-2273-0016.flac,2300/131720/2300-131720-0015.flac,4446-2273-0016,2300-131720-0015,/Users/davidmillard/Downloads/eval/our_SB_5/4446-2273-0016__to__2300-131720-0015.wav,/Users/davidmillard/Downloads/eval/freevc/target/4446-2273-0016_to_2300-131720-0015_target.flac,True,0.2779709100723266,3.4516775608062744
578,our_SB_5,4446/2273/4446-2273-0018.flac,1995/1826/1995-1826-0024.flac,4446-2273-0018,1995-1826-0024,/Users/davidmillard/Downloads/eval/our_SB_5/4446-2273-0018__to__1995-1826-0024.wav,/Users/davidmillard/Downloads/eval/freevc/target/4446-2273-0018_to_1995-1826-0024_target.flac,True,0.2431159913539886,3.5971615314483643
579,our_SB_5,4446/2273/4446-2273-0020.flac,4992/41797/4992-41797-0005.flac,4446-2273-0020,4992-41797-0005,/Users/davidmillard/Downloads/eval/our_SB_5/4446-2273-0020__to__4992-41797-0005.wav,/Users/davidmillard/Downloads/eval/freevc/target/4446-2273-0020_to_4992-41797-0005_target.flac,True,0.2915157675743103,3.792705535888672
580,our_SB_5,4446/2273/4446-2273-0022.flac,2961/961/2961-961-0003.flac,4446-2273-0022,2961-961-0003,/Users/davidmillard/Downloads/eval/our_SB_5/4446-2273-0022__to__2961-961-0003.wav,/Users/davidmillard/Downloads/eval/freevc/target/4446-2273-0022_to_2961-961-0003_target.flac,True,0.2478288263082504,3.5676417350769043
581,our_SB_5,4446/2273/4446-2273-0024.flac,7127/75946/7127-75946-0007.flac,4446-2273-0024,7127-75946-0007,/Users/davidmillard/Downloads/eval/our_SB_5/4446-2273-0024__to__7127-75946-0007.wav,/Users/davidmillard/Downloads/eval/freevc/target/4446-2273-0024_to_7127-75946-0007_target.flac,True,0.2636080980300903,2.7935948371887207
582,our_SB_5,4446/2273/4446-2273-0026.flac,2961/961/2961-961-0012.flac,4446-2273-0026,2961-961-0012,/Users/davidmillard/Downloads/eval/our_SB_5/4446-2273-0026__to__2961-961-0012.wav,/Users/davidmillard/Downloads/eval/freevc/target/4446-2273-0026_to_2961-961-0012_target.flac,True,0.1142935305833816,3.478149652481079
583,our_SB_5,4446/2273/4446-2273-0028.flac,7127/75947/7127-75947-0037.flac,4446-2273-0028,7127-75947-0037,/Users/davidmillard/Downloads/eval/our_SB_5/4446-2273-0028__to__7127-75947-0037.wav,/Users/davidmillard/Downloads/eval/freevc/target/4446-2273-0028_to_7127-75947-0037_target.flac,True,0.4052152335643768,3.557182788848877
584,our_SB_5,4446/2273/4446-2273-0030.flac,260/123288/260-123288-0026.flac,4446-2273-0030,260-123288-0026,/Users/davidmillard/Downloads/eval/our_SB_5/4446-2273-0030__to__260-123288-0026.wav,/Users/davidmillard/Downloads/eval/freevc/target/4446-2273-0030_to_260-123288-0026_target.flac,True,0.2137633860111236,3.2690346240997314
585,our_SB_5,4446/2273/4446-2273-0032.flac,8230/279154/8230-279154-0022.flac,4446-2273-0032,8230-279154-0022,/Users/davidmillard/Downloads/eval/our_SB_5/4446-2273-0032__to__8230-279154-0022.wav,/Users/davidmillard/Downloads/eval/freevc/target/4446-2273-0032_to_8230-279154-0022_target.flac,True,0.5643689632415771,2.9513332843780518
586,our_SB_5,4446/2273/4446-2273-0034.flac,7127/75946/7127-75946-0024.flac,4446-2273-0034,7127-75946-0024,/Users/davidmillard/Downloads/eval/our_SB_5/4446-2273-0034__to__7127-75946-0024.wav,/Users/davidmillard/Downloads/eval/freevc/target/4446-2273-0034_to_7127-75946-0024_target.flac,True,0.3703839182853699,3.073734760284424
587,our_SB_5,4446/2273/4446-2273-0036.flac,8455/210777/8455-210777-0038.flac,4446-2273-0036,8455-210777-0038,/Users/davidmillard/Downloads/eval/our_SB_5/4446-2273-0036__to__8455-210777-0038.wav,/Users/davidmillard/Downloads/eval/freevc/target/4446-2273-0036_to_8455-210777-0038_target.flac,True,0.4187787175178528,3.03682279586792
588,our_SB_5,4446/2275/4446-2275-0001.flac,4507/16021/4507-16021-0045.flac,4446-2275-0001,4507-16021-0045,/Users/davidmillard/Downloads/eval/our_SB_5/4446-2275-0001__to__4507-16021-0045.wav,/Users/davidmillard/Downloads/eval/freevc/target/4446-2275-0001_to_4507-16021-0045_target.flac,True,0.6539684534072876,3.383190155029297
589,our_SB_5,4446/2275/4446-2275-0003.flac,7176/92135/7176-92135-0012.flac,4446-2275-0003,7176-92135-0012,/Users/davidmillard/Downloads/eval/our_SB_5/4446-2275-0003__to__7176-92135-0012.wav,/Users/davidmillard/Downloads/eval/freevc/target/4446-2275-0003_to_7176-92135-0012_target.flac,True,0.2787017226219177,3.9523379802703857
590,our_SB_5,4446/2275/4446-2275-0005.flac,8455/210777/8455-210777-0035.flac,4446-2275-0005,8455-210777-0035,/Users/davidmillard/Downloads/eval/our_SB_5/4446-2275-0005__to__8455-210777-0035.wav,/Users/davidmillard/Downloads/eval/freevc/target/4446-2275-0005_to_8455-210777-0035_target.flac,True,0.3863422572612762,3.085879325866699
591,our_SB_5,4446/2275/4446-2275-0007.flac,8463/294828/8463-294828-0034.flac,4446-2275-0007,8463-294828-0034,/Users/davidmillard/Downloads/eval/our_SB_5/4446-2275-0007__to__8463-294828-0034.wav,/Users/davidmillard/Downloads/eval/freevc/target/4446-2275-0007_to_8463-294828-0034_target.flac,True,0.3050647675991058,3.3555052280426025
592,our_SB_5,4446/2275/4446-2275-0009.flac,5142/36586/5142-36586-0003.flac,4446-2275-0009,5142-36586-0003,/Users/davidmillard/Downloads/eval/our_SB_5/4446-2275-0009__to__5142-36586-0003.wav,/Users/davidmillard/Downloads/eval/freevc/target/4446-2275-0009_to_5142-36586-0003_target.flac,True,0.2144765555858612,2.9828128814697266
593,our_SB_5,4446/2275/4446-2275-0011.flac,121/123852/121-123852-0003.flac,4446-2275-0011,121-123852-0003,/Users/davidmillard/Downloads/eval/our_SB_5/4446-2275-0011__to__121-123852-0003.wav,/Users/davidmillard/Downloads/eval/freevc/target/4446-2275-0011_to_121-123852-0003_target.flac,True,0.2003359198570251,3.5866832733154297
594,our_SB_5,4446/2275/4446-2275-0013.flac,6930/76324/6930-76324-0011.flac,4446-2275-0013,6930-76324-0011,/Users/davidmillard/Downloads/eval/our_SB_5/4446-2275-0013__to__6930-76324-0011.wav,/Users/davidmillard/Downloads/eval/freevc/target/4446-2275-0013_to_6930-76324-0011_target.flac,True,0.192278653383255,2.908602476119995
595,our_SB_5,4446/2275/4446-2275-0015.flac,2830/3980/2830-3980-0055.flac,4446-2275-0015,2830-3980-0055,/Users/davidmillard/Downloads/eval/our_SB_5/4446-2275-0015__to__2830-3980-0055.wav,/Users/davidmillard/Downloads/eval/freevc/target/4446-2275-0015_to_2830-3980-0055_target.flac,True,0.4058180153369903,3.5552008152008057
596,our_SB_5,4446/2275/4446-2275-0017.flac,4077/13751/4077-13751-0008.flac,4446-2275-0017,4077-13751-0008,/Users/davidmillard/Downloads/eval/our_SB_5/4446-2275-0017__to__4077-13751-0008.wav,/Users/davidmillard/Downloads/eval/freevc/target/4446-2275-0017_to_4077-13751-0008_target.flac,True,0.2773249745368957,3.649020195007324
597,our_SB_5,4446/2275/4446-2275-0019.flac,8555/284447/8555-284447-0015.flac,4446-2275-0019,8555-284447-0015,/Users/davidmillard/Downloads/eval/our_SB_5/4446-2275-0019__to__8555-284447-0015.wav,/Users/davidmillard/Downloads/eval/freevc/target/4446-2275-0019_to_8555-284447-0015_target.flac,True,0.0507915765047073,2.995532512664795
598,our_SB_5,4446/2275/4446-2275-0021.flac,8224/274381/8224-274381-0014.flac,4446-2275-0021,8224-274381-0014,/Users/davidmillard/Downloads/eval/our_SB_5/4446-2275-0021__to__8224-274381-0014.wav,/Users/davidmillard/Downloads/eval/freevc/target/4446-2275-0021_to_8224-274381-0014_target.flac,True,0.3028352856636047,3.047745704650879
599,our_SB_5,4446/2275/4446-2275-0023.flac,1580/141083/1580-141083-0052.flac,4446-2275-0023,1580-141083-0052,/Users/davidmillard/Downloads/eval/our_SB_5/4446-2275-0023__to__1580-141083-0052.wav,/Users/davidmillard/Downloads/eval/freevc/target/4446-2275-0023_to_1580-141083-0052_target.flac,True,0.3210471570491791,3.3387107849121094
600,our_SB_5,4446/2275/4446-2275-0025.flac,7127/75946/7127-75946-0012.flac,4446-2275-0025,7127-75946-0012,/Users/davidmillard/Downloads/eval/our_SB_5/4446-2275-0025__to__7127-75946-0012.wav,/Users/davidmillard/Downloads/eval/freevc/target/4446-2275-0025_to_7127-75946-0012_target.flac,True,0.3332592844963074,2.7658913135528564
601,our_SB_5,4446/2275/4446-2275-0027.flac,8455/210777/8455-210777-0020.flac,4446-2275-0027,8455-210777-0020,/Users/davidmillard/Downloads/eval/our_SB_5/4446-2275-0027__to__8455-210777-0020.wav,/Users/davidmillard/Downloads/eval/freevc/target/4446-2275-0027_to_8455-210777-0020_target.flac,True,0.2400245666503906,3.4425415992736816
602,our_SB_5,4446/2275/4446-2275-0029.flac,7127/75946/7127-75946-0025.flac,4446-2275-0029,7127-75946-0025,/Users/davidmillard/Downloads/eval/our_SB_5/4446-2275-0029__to__7127-75946-0025.wav,/Users/davidmillard/Downloads/eval/freevc/target/4446-2275-0029_to_7127-75946-0025_target.flac,True,0.3439173698425293,3.0371663570404053
603,our_SB_5,4446/2275/4446-2275-0031.flac,4507/16021/4507-16021-0041.flac,4446-2275-0031,4507-16021-0041,/Users/davidmillard/Downloads/eval/our_SB_5/4446-2275-0031__to__4507-16021-0041.wav,/Users/davidmillard/Downloads/eval/freevc/target/4446-2275-0031_to_4507-16021-0041_target.flac,True,0.2956939339637756,3.41725492477417
604,our_SB_5,4446/2275/4446-2275-0033.flac,8463/294825/8463-294825-0014.flac,4446-2275-0033,8463-294825-0014,/Users/davidmillard/Downloads/eval/our_SB_5/4446-2275-0033__to__8463-294825-0014.wav,/Users/davidmillard/Downloads/eval/freevc/target/4446-2275-0033_to_8463-294825-0014_target.flac,True,0.333865612745285,3.258089303970337
605,our_SB_5,4446/2275/4446-2275-0035.flac,260/123288/260-123288-0021.flac,4446-2275-0035,260-123288-0021,/Users/davidmillard/Downloads/eval/our_SB_5/4446-2275-0035__to__260-123288-0021.wav,/Users/davidmillard/Downloads/eval/freevc/target/4446-2275-0035_to_260-123288-0021_target.flac,True,0.2286385595798492,3.2748472690582275
606,our_SB_5,4446/2275/4446-2275-0037.flac,61/70970/61-70970-0037.flac,4446-2275-0037,61-70970-0037,/Users/davidmillard/Downloads/eval/our_SB_5/4446-2275-0037__to__61-70970-0037.wav,/Users/davidmillard/Downloads/eval/freevc/target/4446-2275-0037_to_61-70970-0037_target.flac,True,0.1765822023153305,2.5801849365234375
607,our_SB_5,4446/2275/4446-2275-0039.flac,4507/16021/4507-16021-0056.flac,4446-2275-0039,4507-16021-0056,/Users/davidmillard/Downloads/eval/our_SB_5/4446-2275-0039__to__4507-16021-0056.wav,/Users/davidmillard/Downloads/eval/freevc/target/4446-2275-0039_to_4507-16021-0056_target.flac,True,0.205140545964241,3.870725631713867
608,our_SB_5,4446/2275/4446-2275-0041.flac,4970/29095/4970-29095-0012.flac,4446-2275-0041,4970-29095-0012,/Users/davidmillard/Downloads/eval/our_SB_5/4446-2275-0041__to__4970-29095-0012.wav,/Users/davidmillard/Downloads/eval/freevc/target/4446-2275-0041_to_4970-29095-0012_target.flac,True,0.3069386482238769,2.8866703510284424
609,our_SB_5,4446/2275/4446-2275-0043.flac,5105/28240/5105-28240-0007.flac,4446-2275-0043,5105-28240-0007,/Users/davidmillard/Downloads/eval/our_SB_5/4446-2275-0043__to__5105-28240-0007.wav,/Users/davidmillard/Downloads/eval/freevc/target/4446-2275-0043_to_5105-28240-0007_target.flac,True,0.2927940487861633,2.531299352645874
610,our_SB_5,4446/2275/4446-2275-0045.flac,8230/279154/8230-279154-0033.flac,4446-2275-0045,8230-279154-0033,/Users/davidmillard/Downloads/eval/our_SB_5/4446-2275-0045__to__8230-279154-0033.wav,/Users/davidmillard/Downloads/eval/freevc/target/4446-2275-0045_to_8230-279154-0033_target.flac,True,0.178234651684761,1.9948405027389526
611,our_SB_5,4507/16021/4507-16021-0001.flac,7729/102255/7729-102255-0029.flac,4507-16021-0001,7729-102255-0029,/Users/davidmillard/Downloads/eval/our_SB_5/4507-16021-0001__to__7729-102255-0029.wav,/Users/davidmillard/Downloads/eval/freevc/target/4507-16021-0001_to_7729-102255-0029_target.flac,True,0.3736670017242431,3.327852249145508
612,our_SB_5,4507/16021/4507-16021-0003.flac,1995/1837/1995-1837-0000.flac,4507-16021-0003,1995-1837-0000,/Users/davidmillard/Downloads/eval/our_SB_5/4507-16021-0003__to__1995-1837-0000.wav,/Users/davidmillard/Downloads/eval/freevc/target/4507-16021-0003_to_1995-1837-0000_target.flac,True,0.2727851867675781,2.9507715702056885
613,our_SB_5,4507/16021/4507-16021-0005.flac,3729/6852/3729-6852-0045.flac,4507-16021-0005,3729-6852-0045,/Users/davidmillard/Downloads/eval/our_SB_5/4507-16021-0005__to__3729-6852-0045.wav,/Users/davidmillard/Downloads/eval/freevc/target/4507-16021-0005_to_3729-6852-0045_target.flac,True,0.4414165318012237,3.445174217224121
614,our_SB_5,4507/16021/4507-16021-0007.flac,5105/28241/5105-28241-0014.flac,4507-16021-0007,5105-28241-0014,/Users/davidmillard/Downloads/eval/our_SB_5/4507-16021-0007__to__5105-28241-0014.wav,/Users/davidmillard/Downloads/eval/freevc/target/4507-16021-0007_to_5105-28241-0014_target.flac,True,0.2475850880146026,2.7846763134002686
615,our_SB_5,4507/16021/4507-16021-0009.flac,2830/3980/2830-3980-0009.flac,4507-16021-0009,2830-3980-0009,/Users/davidmillard/Downloads/eval/our_SB_5/4507-16021-0009__to__2830-3980-0009.wav,/Users/davidmillard/Downloads/eval/freevc/target/4507-16021-0009_to_2830-3980-0009_target.flac,True,0.2918066382408142,3.4420244693756104
616,our_SB_5,4507/16021/4507-16021-0011.flac,7729/102255/7729-102255-0020.flac,4507-16021-0011,7729-102255-0020,/Users/davidmillard/Downloads/eval/our_SB_5/4507-16021-0011__to__7729-102255-0020.wav,/Users/davidmillard/Downloads/eval/freevc/target/4507-16021-0011_to_7729-102255-0020_target.flac,True,0.3402628898620605,3.536090850830078
617,our_SB_5,4507/16021/4507-16021-0013.flac,1580/141083/1580-141083-0023.flac,4507-16021-0013,1580-141083-0023,/Users/davidmillard/Downloads/eval/our_SB_5/4507-16021-0013__to__1580-141083-0023.wav,/Users/davidmillard/Downloads/eval/freevc/target/4507-16021-0013_to_1580-141083-0023_target.flac,True,0.423808753490448,3.718456745147705
618,our_SB_5,4507/16021/4507-16021-0015.flac,4992/41806/4992-41806-0015.flac,4507-16021-0015,4992-41806-0015,/Users/davidmillard/Downloads/eval/our_SB_5/4507-16021-0015__to__4992-41806-0015.wav,/Users/davidmillard/Downloads/eval/freevc/target/4507-16021-0015_to_4992-41806-0015_target.flac,True,0.4231606125831604,3.1829564571380615
619,our_SB_5,4507/16021/4507-16021-0017.flac,3729/6852/3729-6852-0024.flac,4507-16021-0017,3729-6852-0024,/Users/davidmillard/Downloads/eval/our_SB_5/4507-16021-0017__to__3729-6852-0024.wav,/Users/davidmillard/Downloads/eval/freevc/target/4507-16021-0017_to_3729-6852-0024_target.flac,True,0.5510379076004028,3.426258087158203
620,our_SB_5,4507/16021/4507-16021-0019.flac,4077/13751/4077-13751-0021.flac,4507-16021-0019,4077-13751-0021,/Users/davidmillard/Downloads/eval/our_SB_5/4507-16021-0019__to__4077-13751-0021.wav,/Users/davidmillard/Downloads/eval/freevc/target/4507-16021-0019_to_4077-13751-0021_target.flac,True,0.3466710448265075,3.514646053314209
621,our_SB_5,4507/16021/4507-16021-0021.flac,8463/287645/8463-287645-0001.flac,4507-16021-0021,8463-287645-0001,/Users/davidmillard/Downloads/eval/our_SB_5/4507-16021-0021__to__8463-287645-0001.wav,/Users/davidmillard/Downloads/eval/freevc/target/4507-16021-0021_to_8463-287645-0001_target.flac,True,0.2876044809818268,3.5039572715759277
622,our_SB_5,4507/16021/4507-16021-0023.flac,5639/40744/5639-40744-0015.flac,4507-16021-0023,5639-40744-0015,/Users/davidmillard/Downloads/eval/our_SB_5/4507-16021-0023__to__5639-40744-0015.wav,/Users/davidmillard/Downloads/eval/freevc/target/4507-16021-0023_to_5639-40744-0015_target.flac,True,0.504001796245575,2.963104724884033
623,our_SB_5,4507/16021/4507-16021-0025.flac,7021/79740/7021-79740-0009.flac,4507-16021-0025,7021-79740-0009,/Users/davidmillard/Downloads/eval/our_SB_5/4507-16021-0025__to__7021-79740-0009.wav,/Users/davidmillard/Downloads/eval/freevc/target/4507-16021-0025_to_7021-79740-0009_target.flac,True,0.1370868384838104,3.3499107360839844
624,our_SB_5,4507/16021/4507-16021-0027.flac,7729/102255/7729-102255-0045.flac,4507-16021-0027,7729-102255-0045,/Users/davidmillard/Downloads/eval/our_SB_5/4507-16021-0027__to__7729-102255-0045.wav,/Users/davidmillard/Downloads/eval/freevc/target/4507-16021-0027_to_7729-102255-0045_target.flac,True,0.4482701420783996,2.561845541000366
625,our_SB_5,4507/16021/4507-16021-0029.flac,1995/1836/1995-1836-0010.flac,4507-16021-0029,1995-1836-0010,/Users/davidmillard/Downloads/eval/our_SB_5/4507-16021-0029__to__1995-1836-0010.wav,/Users/davidmillard/Downloads/eval/freevc/target/4507-16021-0029_to_1995-1836-0010_target.flac,True,0.1886170208454132,2.6880970001220703
626,our_SB_5,4507/16021/4507-16021-0031.flac,3570/5694/3570-5694-0014.flac,4507-16021-0031,3570-5694-0014,/Users/davidmillard/Downloads/eval/our_SB_5/4507-16021-0031__to__3570-5694-0014.wav,/Users/davidmillard/Downloads/eval/freevc/target/4507-16021-0031_to_3570-5694-0014_target.flac,True,0.5250675678253174,3.5982491970062256
627,our_SB_5,4507/16021/4507-16021-0033.flac,2300/131720/2300-131720-0029.flac,4507-16021-0033,2300-131720-0029,/Users/davidmillard/Downloads/eval/our_SB_5/4507-16021-0033__to__2300-131720-0029.wav,/Users/davidmillard/Downloads/eval/freevc/target/4507-16021-0033_to_2300-131720-0029_target.flac,True,0.3173848092556,2.934117555618286
628,our_SB_5,4507/16021/4507-16021-0035.flac,672/122797/672-122797-0070.flac,4507-16021-0035,672-122797-0070,/Users/davidmillard/Downloads/eval/our_SB_5/4507-16021-0035__to__672-122797-0070.wav,/Users/davidmillard/Downloads/eval/freevc/target/4507-16021-0035_to_672-122797-0070_target.flac,True,0.3141997456550598,3.109056234359741
629,our_SB_5,4507/16021/4507-16021-0037.flac,2961/960/2961-960-0015.flac,4507-16021-0037,2961-960-0015,/Users/davidmillard/Downloads/eval/our_SB_5/4507-16021-0037__to__2961-960-0015.wav,/Users/davidmillard/Downloads/eval/freevc/target/4507-16021-0037_to_2961-960-0015_target.flac,True,0.1766720414161682,2.61798095703125
630,our_SB_5,4507/16021/4507-16021-0039.flac,1320/122617/1320-122617-0016.flac,4507-16021-0039,1320-122617-0016,/Users/davidmillard/Downloads/eval/our_SB_5/4507-16021-0039__to__1320-122617-0016.wav,/Users/davidmillard/Downloads/eval/freevc/target/4507-16021-0039_to_1320-122617-0016_target.flac,True,0.3065482378005981,2.728954553604126
631,our_SB_5,4507/16021/4507-16021-0041.flac,5639/40744/5639-40744-0004.flac,4507-16021-0041,5639-40744-0004,/Users/davidmillard/Downloads/eval/our_SB_5/4507-16021-0041__to__5639-40744-0004.wav,/Users/davidmillard/Downloads/eval/freevc/target/4507-16021-0041_to_5639-40744-0004_target.flac,True,0.3038670718669891,3.715904712677002
632,our_SB_5,4507/16021/4507-16021-0043.flac,1221/135767/1221-135767-0019.flac,4507-16021-0043,1221-135767-0019,/Users/davidmillard/Downloads/eval/our_SB_5/4507-16021-0043__to__1221-135767-0019.wav,/Users/davidmillard/Downloads/eval/freevc/target/4507-16021-0043_to_1221-135767-0019_target.flac,True,0.1466844826936721,3.560197353363037
633,our_SB_5,4507/16021/4507-16021-0045.flac,8463/294828/8463-294828-0033.flac,4507-16021-0045,8463-294828-0033,/Users/davidmillard/Downloads/eval/our_SB_5/4507-16021-0045__to__8463-294828-0033.wav,/Users/davidmillard/Downloads/eval/freevc/target/4507-16021-0045_to_8463-294828-0033_target.flac,True,0.4700393080711365,3.5983753204345703
634,our_SB_5,4507/16021/4507-16021-0047.flac,4992/41806/4992-41806-0010.flac,4507-16021-0047,4992-41806-0010,/Users/davidmillard/Downloads/eval/our_SB_5/4507-16021-0047__to__4992-41806-0010.wav,/Users/davidmillard/Downloads/eval/freevc/target/4507-16021-0047_to_4992-41806-0010_target.flac,True,0.3375692665576935,2.9999051094055176
635,our_SB_5,4507/16021/4507-16021-0049.flac,1995/1826/1995-1826-0026.flac,4507-16021-0049,1995-1826-0026,/Users/davidmillard/Downloads/eval/our_SB_5/4507-16021-0049__to__1995-1826-0026.wav,/Users/davidmillard/Downloads/eval/freevc/target/4507-16021-0049_to_1995-1826-0026_target.flac,True,0.1767311096191406,3.3066275119781494
636,our_SB_5,4507/16021/4507-16021-0051.flac,1320/122617/1320-122617-0040.flac,4507-16021-0051,1320-122617-0040,/Users/davidmillard/Downloads/eval/our_SB_5/4507-16021-0051__to__1320-122617-0040.wav,/Users/davidmillard/Downloads/eval/freevc/target/4507-16021-0051_to_1320-122617-0040_target.flac,True,0.423913300037384,3.0047245025634766
637,our_SB_5,4507/16021/4507-16021-0053.flac,1221/135767/1221-135767-0013.flac,4507-16021-0053,1221-135767-0013,/Users/davidmillard/Downloads/eval/our_SB_5/4507-16021-0053__to__1221-135767-0013.wav,/Users/davidmillard/Downloads/eval/freevc/target/4507-16021-0053_to_1221-135767-0013_target.flac,True,0.1481399238109588,1.8913143873214722
638,our_SB_5,4507/16021/4507-16021-0055.flac,672/122797/672-122797-0058.flac,4507-16021-0055,672-122797-0058,/Users/davidmillard/Downloads/eval/our_SB_5/4507-16021-0055__to__672-122797-0058.wav,/Users/davidmillard/Downloads/eval/freevc/target/4507-16021-0055_to_672-122797-0058_target.flac,True,0.2092927694320678,2.501901149749756
639,our_SB_5,4507/16021/4507-16021-0057.flac,8455/210777/8455-210777-0059.flac,4507-16021-0057,8455-210777-0059,/Users/davidmillard/Downloads/eval/our_SB_5/4507-16021-0057__to__8455-210777-0059.wav,/Users/davidmillard/Downloads/eval/freevc/target/4507-16021-0057_to_8455-210777-0059_target.flac,True,0.1143668889999389,2.365426540374756
640,our_SB_5,4507/16021/4507-16021-0059.flac,1188/133604/1188-133604-0025.flac,4507-16021-0059,1188-133604-0025,/Users/davidmillard/Downloads/eval/our_SB_5/4507-16021-0059__to__1188-133604-0025.wav,/Users/davidmillard/Downloads/eval/freevc/target/4507-16021-0059_to_1188-133604-0025_target.flac,True,0.2206972241401672,3.3160877227783203
641,our_SB_5,4970/29093/4970-29093-0001.flac,2961/961/2961-961-0014.flac,4970-29093-0001,2961-961-0014,/Users/davidmillard/Downloads/eval/our_SB_5/4970-29093-0001__to__2961-961-0014.wav,/Users/davidmillard/Downloads/eval/freevc/target/4970-29093-0001_to_2961-961-0014_target.flac,True,0.1754792630672454,3.4541854858398438
642,our_SB_5,4970/29093/4970-29093-0003.flac,6829/68769/6829-68769-0044.flac,4970-29093-0003,6829-68769-0044,/Users/davidmillard/Downloads/eval/our_SB_5/4970-29093-0003__to__6829-68769-0044.wav,/Users/davidmillard/Downloads/eval/freevc/target/4970-29093-0003_to_6829-68769-0044_target.flac,True,0.2354674041271209,2.962078332901001
643,our_SB_5,4970/29093/4970-29093-0005.flac,1221/135766/1221-135766-0004.flac,4970-29093-0005,1221-135766-0004,/Users/davidmillard/Downloads/eval/our_SB_5/4970-29093-0005__to__1221-135766-0004.wav,/Users/davidmillard/Downloads/eval/freevc/target/4970-29093-0005_to_1221-135766-0004_target.flac,True,0.2597541213035583,3.3520162105560303
644,our_SB_5,4970/29093/4970-29093-0007.flac,4446/2273/4446-2273-0027.flac,4970-29093-0007,4446-2273-0027,/Users/davidmillard/Downloads/eval/our_SB_5/4970-29093-0007__to__4446-2273-0027.wav,/Users/davidmillard/Downloads/eval/freevc/target/4970-29093-0007_to_4446-2273-0027_target.flac,True,0.3409375846385956,3.3317785263061523
645,our_SB_5,4970/29093/4970-29093-0009.flac,672/122797/672-122797-0047.flac,4970-29093-0009,672-122797-0047,/Users/davidmillard/Downloads/eval/our_SB_5/4970-29093-0009__to__672-122797-0047.wav,/Users/davidmillard/Downloads/eval/freevc/target/4970-29093-0009_to_672-122797-0047_target.flac,True,0.2917568683624267,2.6083178520202637
646,our_SB_5,4970/29093/4970-29093-0011.flac,5683/32866/5683-32866-0030.flac,4970-29093-0011,5683-32866-0030,/Users/davidmillard/Downloads/eval/our_SB_5/4970-29093-0011__to__5683-32866-0030.wav,/Users/davidmillard/Downloads/eval/freevc/target/4970-29093-0011_to_5683-32866-0030_target.flac,True,0.346920758485794,2.0488483905792236
647,our_SB_5,4970/29093/4970-29093-0013.flac,8230/279154/8230-279154-0008.flac,4970-29093-0013,8230-279154-0008,/Users/davidmillard/Downloads/eval/our_SB_5/4970-29093-0013__to__8230-279154-0008.wav,/Users/davidmillard/Downloads/eval/freevc/target/4970-29093-0013_to_8230-279154-0008_target.flac,True,0.3439896404743194,2.0534565448760986
648,our_SB_5,4970/29093/4970-29093-0015.flac,260/123440/260-123440-0007.flac,4970-29093-0015,260-123440-0007,/Users/davidmillard/Downloads/eval/our_SB_5/4970-29093-0015__to__260-123440-0007.wav,/Users/davidmillard/Downloads/eval/freevc/target/4970-29093-0015_to_260-123440-0007_target.flac,True,0.2158978283405304,3.2184722423553467
649,our_SB_5,4970/29093/4970-29093-0017.flac,2094/142345/2094-142345-0046.flac,4970-29093-0017,2094-142345-0046,/Users/davidmillard/Downloads/eval/our_SB_5/4970-29093-0017__to__2094-142345-0046.wav,/Users/davidmillard/Downloads/eval/freevc/target/4970-29093-0017_to_2094-142345-0046_target.flac,True,0.2518854439258575,3.34598445892334
650,our_SB_5,4970/29093/4970-29093-0019.flac,1188/133604/1188-133604-0019.flac,4970-29093-0019,1188-133604-0019,/Users/davidmillard/Downloads/eval/our_SB_5/4970-29093-0019__to__1188-133604-0019.wav,/Users/davidmillard/Downloads/eval/freevc/target/4970-29093-0019_to_1188-133604-0019_target.flac,True,0.3782080709934234,3.101915121078491
651,our_SB_5,4970/29093/4970-29093-0021.flac,8230/279154/8230-279154-0027.flac,4970-29093-0021,8230-279154-0027,/Users/davidmillard/Downloads/eval/our_SB_5/4970-29093-0021__to__8230-279154-0027.wav,/Users/davidmillard/Downloads/eval/freevc/target/4970-29093-0021_to_8230-279154-0027_target.flac,True,0.2868377268314361,2.668215274810791
652,our_SB_5,4970/29093/4970-29093-0023.flac,3570/5694/3570-5694-0015.flac,4970-29093-0023,3570-5694-0015,/Users/davidmillard/Downloads/eval/our_SB_5/4970-29093-0023__to__3570-5694-0015.wav,/Users/davidmillard/Downloads/eval/freevc/target/4970-29093-0023_to_3570-5694-0015_target.flac,True,0.1531160920858383,2.837982654571533
653,our_SB_5,4970/29095/4970-29095-0001.flac,2300/131720/2300-131720-0017.flac,4970-29095-0001,2300-131720-0017,/Users/davidmillard/Downloads/eval/our_SB_5/4970-29095-0001__to__2300-131720-0017.wav,/Users/davidmillard/Downloads/eval/freevc/target/4970-29095-0001_to_2300-131720-0017_target.flac,True,0.3282378613948822,2.6436843872070312
654,our_SB_5,4970/29095/4970-29095-0003.flac,121/127105/121-127105-0026.flac,4970-29095-0003,121-127105-0026,/Users/davidmillard/Downloads/eval/our_SB_5/4970-29095-0003__to__121-127105-0026.wav,/Users/davidmillard/Downloads/eval/freevc/target/4970-29095-0003_to_121-127105-0026_target.flac,True,0.121848814189434,3.784569025039673
655,our_SB_5,4970/29095/4970-29095-0005.flac,3575/170457/3575-170457-0013.flac,4970-29095-0005,3575-170457-0013,/Users/davidmillard/Downloads/eval/our_SB_5/4970-29095-0005__to__3575-170457-0013.wav,/Users/davidmillard/Downloads/eval/freevc/target/4970-29095-0005_to_3575-170457-0013_target.flac,True,0.5112991333007812,3.9325037002563477
656,our_SB_5,4970/29095/4970-29095-0007.flac,908/157963/908-157963-0002.flac,4970-29095-0007,908-157963-0002,/Users/davidmillard/Downloads/eval/our_SB_5/4970-29095-0007__to__908-157963-0002.wav,/Users/davidmillard/Downloads/eval/freevc/target/4970-29095-0007_to_908-157963-0002_target.flac,True,0.3467965126037597,2.7045884132385254
657,our_SB_5,4970/29095/4970-29095-0009.flac,1221/135766/1221-135766-0015.flac,4970-29095-0009,1221-135766-0015,/Users/davidmillard/Downloads/eval/our_SB_5/4970-29095-0009__to__1221-135766-0015.wav,/Users/davidmillard/Downloads/eval/freevc/target/4970-29095-0009_to_1221-135766-0015_target.flac,True,0.1597507297992706,3.064811944961548
658,our_SB_5,4970/29095/4970-29095-0011.flac,6930/76324/6930-76324-0008.flac,4970-29095-0011,6930-76324-0008,/Users/davidmillard/Downloads/eval/our_SB_5/4970-29095-0011__to__6930-76324-0008.wav,/Users/davidmillard/Downloads/eval/freevc/target/4970-29095-0011_to_6930-76324-0008_target.flac,True,0.1081786453723907,1.9019097089767456
659,our_SB_5,4970/29095/4970-29095-0013.flac,1221/135766/1221-135766-0008.flac,4970-29095-0013,1221-135766-0008,/Users/davidmillard/Downloads/eval/our_SB_5/4970-29095-0013__to__1221-135766-0008.wav,/Users/davidmillard/Downloads/eval/freevc/target/4970-29095-0013_to_1221-135766-0008_target.flac,True,0.0378727354109287,1.8671401739120483
660,our_SB_5,4970/29095/4970-29095-0015.flac,3570/5696/3570-5696-0007.flac,4970-29095-0015,3570-5696-0007,/Users/davidmillard/Downloads/eval/our_SB_5/4970-29095-0015__to__3570-5696-0007.wav,/Users/davidmillard/Downloads/eval/freevc/target/4970-29095-0015_to_3570-5696-0007_target.flac,True,0.3550781607627868,3.4816699028015137
661,our_SB_5,4970/29095/4970-29095-0017.flac,8463/294828/8463-294828-0006.flac,4970-29095-0017,8463-294828-0006,/Users/davidmillard/Downloads/eval/our_SB_5/4970-29095-0017__to__8463-294828-0006.wav,/Users/davidmillard/Downloads/eval/freevc/target/4970-29095-0017_to_8463-294828-0006_target.flac,True,0.3360274136066437,3.1526665687561035
662,our_SB_5,4970/29095/4970-29095-0019.flac,2300/131720/2300-131720-0033.flac,4970-29095-0019,2300-131720-0033,/Users/davidmillard/Downloads/eval/our_SB_5/4970-29095-0019__to__2300-131720-0033.wav,/Users/davidmillard/Downloads/eval/freevc/target/4970-29095-0019_to_2300-131720-0033_target.flac,True,0.2250473797321319,2.8198635578155518
663,our_SB_5,4970/29095/4970-29095-0021.flac,4507/16021/4507-16021-0017.flac,4970-29095-0021,4507-16021-0017,/Users/davidmillard/Downloads/eval/our_SB_5/4970-29095-0021__to__4507-16021-0017.wav,/Users/davidmillard/Downloads/eval/freevc/target/4970-29095-0021_to_4507-16021-0017_target.flac,True,0.3391796052455902,3.6662473678588867
664,our_SB_5,4970/29095/4970-29095-0023.flac,8555/292519/8555-292519-0010.flac,4970-29095-0023,8555-292519-0010,/Users/davidmillard/Downloads/eval/our_SB_5/4970-29095-0023__to__8555-292519-0010.wav,/Users/davidmillard/Downloads/eval/freevc/target/4970-29095-0023_to_8555-292519-0010_target.flac,True,0.2889204025268554,3.0681204795837402
665,our_SB_5,4970/29095/4970-29095-0025.flac,6829/68771/6829-68771-0017.flac,4970-29095-0025,6829-68771-0017,/Users/davidmillard/Downloads/eval/our_SB_5/4970-29095-0025__to__6829-68771-0017.wav,/Users/davidmillard/Downloads/eval/freevc/target/4970-29095-0025_to_6829-68771-0017_target.flac,True,0.3144289255142212,2.6329007148742676
666,our_SB_5,4970/29095/4970-29095-0027.flac,5142/36377/5142-36377-0013.flac,4970-29095-0027,5142-36377-0013,/Users/davidmillard/Downloads/eval/our_SB_5/4970-29095-0027__to__5142-36377-0013.wav,/Users/davidmillard/Downloads/eval/freevc/target/4970-29095-0027_to_5142-36377-0013_target.flac,True,0.4806941151618957,3.0397841930389404
667,our_SB_5,4970/29095/4970-29095-0029.flac,4992/41806/4992-41806-0000.flac,4970-29095-0029,4992-41806-0000,/Users/davidmillard/Downloads/eval/our_SB_5/4970-29095-0029__to__4992-41806-0000.wav,/Users/davidmillard/Downloads/eval/freevc/target/4970-29095-0029_to_4992-41806-0000_target.flac,True,0.273497998714447,3.3674001693725586
668,our_SB_5,4970/29095/4970-29095-0031.flac,2300/131720/2300-131720-0019.flac,4970-29095-0031,2300-131720-0019,/Users/davidmillard/Downloads/eval/our_SB_5/4970-29095-0031__to__2300-131720-0019.wav,/Users/davidmillard/Downloads/eval/freevc/target/4970-29095-0031_to_2300-131720-0019_target.flac,True,0.2399397194385528,2.164151668548584
669,our_SB_5,4970/29095/4970-29095-0033.flac,8230/279154/8230-279154-0030.flac,4970-29095-0033,8230-279154-0030,/Users/davidmillard/Downloads/eval/our_SB_5/4970-29095-0033__to__8230-279154-0030.wav,/Users/davidmillard/Downloads/eval/freevc/target/4970-29095-0033_to_8230-279154-0030_target.flac,True,0.5136619806289673,2.677149772644043
670,our_SB_5,4970/29095/4970-29095-0035.flac,3570/5694/3570-5694-0019.flac,4970-29095-0035,3570-5694-0019,/Users/davidmillard/Downloads/eval/our_SB_5/4970-29095-0035__to__3570-5694-0019.wav,/Users/davidmillard/Downloads/eval/freevc/target/4970-29095-0035_to_3570-5694-0019_target.flac,True,0.2581850588321686,3.2027080059051514
671,our_SB_5,4970/29095/4970-29095-0037.flac,1221/135767/1221-135767-0019.flac,4970-29095-0037,1221-135767-0019,/Users/davidmillard/Downloads/eval/our_SB_5/4970-29095-0037__to__1221-135767-0019.wav,/Users/davidmillard/Downloads/eval/freevc/target/4970-29095-0037_to_1221-135767-0019_target.flac,True,0.0709767639636993,3.372180461883545
672,our_SB_5,4992/23283/4992-23283-0000.flac,8455/210777/8455-210777-0067.flac,4992-23283-0000,8455-210777-0067,/Users/davidmillard/Downloads/eval/our_SB_5/4992-23283-0000__to__8455-210777-0067.wav,/Users/davidmillard/Downloads/eval/freevc/target/4992-23283-0000_to_8455-210777-0067_target.flac,True,0.0882197469472885,2.9623641967773438
673,our_SB_5,4992/23283/4992-23283-0002.flac,3575/170457/3575-170457-0016.flac,4992-23283-0002,3575-170457-0016,/Users/davidmillard/Downloads/eval/our_SB_5/4992-23283-0002__to__3575-170457-0016.wav,/Users/davidmillard/Downloads/eval/freevc/target/4992-23283-0002_to_3575-170457-0016_target.flac,True,0.0801014676690101,2.3871538639068604
674,our_SB_5,4992/23283/4992-23283-0004.flac,1320/122617/1320-122617-0011.flac,4992-23283-0004,1320-122617-0011,/Users/davidmillard/Downloads/eval/our_SB_5/4992-23283-0004__to__1320-122617-0011.wav,/Users/davidmillard/Downloads/eval/freevc/target/4992-23283-0004_to_1320-122617-0011_target.flac,True,0.411295622587204,2.570402145385742
675,our_SB_5,4992/23283/4992-23283-0006.flac,8230/279154/8230-279154-0012.flac,4992-23283-0006,8230-279154-0012,/Users/davidmillard/Downloads/eval/our_SB_5/4992-23283-0006__to__8230-279154-0012.wav,/Users/davidmillard/Downloads/eval/freevc/target/4992-23283-0006_to_8230-279154-0012_target.flac,True,0.3719926476478576,2.726161003112793
676,our_SB_5,4992/23283/4992-23283-0008.flac,5683/32865/5683-32865-0005.flac,4992-23283-0008,5683-32865-0005,/Users/davidmillard/Downloads/eval/our_SB_5/4992-23283-0008__to__5683-32865-0005.wav,/Users/davidmillard/Downloads/eval/freevc/target/4992-23283-0008_to_5683-32865-0005_target.flac,True,0.1833527684211731,2.539247989654541
677,our_SB_5,4992/23283/4992-23283-0010.flac,8555/292519/8555-292519-0000.flac,4992-23283-0010,8555-292519-0000,/Users/davidmillard/Downloads/eval/our_SB_5/4992-23283-0010__to__8555-292519-0000.wav,/Users/davidmillard/Downloads/eval/freevc/target/4992-23283-0010_to_8555-292519-0000_target.flac,True,0.1740160435438156,2.9472031593322754
678,our_SB_5,4992/23283/4992-23283-0012.flac,7127/75946/7127-75946-0026.flac,4992-23283-0012,7127-75946-0026,/Users/davidmillard/Downloads/eval/our_SB_5/4992-23283-0012__to__7127-75946-0026.wav,/Users/davidmillard/Downloads/eval/freevc/target/4992-23283-0012_to_7127-75946-0026_target.flac,True,0.317268431186676,3.3475215435028076
679,our_SB_5,4992/23283/4992-23283-0014.flac,1089/134686/1089-134686-0027.flac,4992-23283-0014,1089-134686-0027,/Users/davidmillard/Downloads/eval/our_SB_5/4992-23283-0014__to__1089-134686-0027.wav,/Users/davidmillard/Downloads/eval/freevc/target/4992-23283-0014_to_1089-134686-0027_target.flac,True,0.4265130758285522,3.149571180343628
680,our_SB_5,4992/23283/4992-23283-0016.flac,7127/75947/7127-75947-0001.flac,4992-23283-0016,7127-75947-0001,/Users/davidmillard/Downloads/eval/our_SB_5/4992-23283-0016__to__7127-75947-0001.wav,/Users/davidmillard/Downloads/eval/freevc/target/4992-23283-0016_to_7127-75947-0001_target.flac,True,0.2937825322151184,3.2835769653320312
681,our_SB_5,4992/23283/4992-23283-0018.flac,2961/961/2961-961-0002.flac,4992-23283-0018,2961-961-0002,/Users/davidmillard/Downloads/eval/our_SB_5/4992-23283-0018__to__2961-961-0002.wav,/Users/davidmillard/Downloads/eval/freevc/target/4992-23283-0018_to_2961-961-0002_target.flac,True,0.1543027758598327,3.2087597846984863
682,our_SB_5,4992/23283/4992-23283-0020.flac,4970/29095/4970-29095-0025.flac,4992-23283-0020,4970-29095-0025,/Users/davidmillard/Downloads/eval/our_SB_5/4992-23283-0020__to__4970-29095-0025.wav,/Users/davidmillard/Downloads/eval/freevc/target/4992-23283-0020_to_4970-29095-0025_target.flac,True,0.3225523233413696,3.0904247760772705
683,our_SB_5,4992/41797/4992-41797-0001.flac,7021/85628/7021-85628-0003.flac,4992-41797-0001,7021-85628-0003,/Users/davidmillard/Downloads/eval/our_SB_5/4992-41797-0001__to__7021-85628-0003.wav,/Users/davidmillard/Downloads/eval/freevc/target/4992-41797-0001_to_7021-85628-0003_target.flac,True,0.2965753972530365,3.0510153770446777
684,our_SB_5,4992/41797/4992-41797-0003.flac,3729/6852/3729-6852-0023.flac,4992-41797-0003,3729-6852-0023,/Users/davidmillard/Downloads/eval/our_SB_5/4992-41797-0003__to__3729-6852-0023.wav,/Users/davidmillard/Downloads/eval/freevc/target/4992-41797-0003_to_3729-6852-0023_target.flac,True,0.4079849421977997,3.714951515197754
685,our_SB_5,4992/41797/4992-41797-0005.flac,7021/79730/7021-79730-0006.flac,4992-41797-0005,7021-79730-0006,/Users/davidmillard/Downloads/eval/our_SB_5/4992-41797-0005__to__7021-79730-0006.wav,/Users/davidmillard/Downloads/eval/freevc/target/4992-41797-0005_to_7021-79730-0006_target.flac,True,0.3766183257102966,3.1880979537963867
686,our_SB_5,4992/41797/4992-41797-0007.flac,2961/961/2961-961-0000.flac,4992-41797-0007,2961-961-0000,/Users/davidmillard/Downloads/eval/our_SB_5/4992-41797-0007__to__2961-961-0000.wav,/Users/davidmillard/Downloads/eval/freevc/target/4992-41797-0007_to_2961-961-0000_target.flac,True,0.1374076902866363,3.2891926765441895
687,our_SB_5,4992/41797/4992-41797-0009.flac,121/127105/121-127105-0011.flac,4992-41797-0009,121-127105-0011,/Users/davidmillard/Downloads/eval/our_SB_5/4992-41797-0009__to__121-127105-0011.wav,/Users/davidmillard/Downloads/eval/freevc/target/4992-41797-0009_to_121-127105-0011_target.flac,True,0.1895600408315658,2.898165225982666
688,our_SB_5,4992/41797/4992-41797-0011.flac,2300/131720/2300-131720-0001.flac,4992-41797-0011,2300-131720-0001,/Users/davidmillard/Downloads/eval/our_SB_5/4992-41797-0011__to__2300-131720-0001.wav,/Users/davidmillard/Downloads/eval/freevc/target/4992-41797-0011_to_2300-131720-0001_target.flac,True,0.2995325922966003,3.332217216491699
689,our_SB_5,4992/41797/4992-41797-0013.flac,8555/284449/8555-284449-0012.flac,4992-41797-0013,8555-284449-0012,/Users/davidmillard/Downloads/eval/our_SB_5/4992-41797-0013__to__8555-284449-0012.wav,/Users/davidmillard/Downloads/eval/freevc/target/4992-41797-0013_to_8555-284449-0012_target.flac,True,0.2212652862071991,3.160712480545044
690,our_SB_5,4992/41797/4992-41797-0015.flac,2300/131720/2300-131720-0012.flac,4992-41797-0015,2300-131720-0012,/Users/davidmillard/Downloads/eval/our_SB_5/4992-41797-0015__to__2300-131720-0012.wav,/Users/davidmillard/Downloads/eval/freevc/target/4992-41797-0015_to_2300-131720-0012_target.flac,True,0.3104204833507538,3.6395721435546875
691,our_SB_5,4992/41797/4992-41797-0017.flac,5683/32879/5683-32879-0023.flac,4992-41797-0017,5683-32879-0023,/Users/davidmillard/Downloads/eval/our_SB_5/4992-41797-0017__to__5683-32879-0023.wav,/Users/davidmillard/Downloads/eval/freevc/target/4992-41797-0017_to_5683-32879-0023_target.flac,True,0.220813512802124,3.0396459102630615
692,our_SB_5,4992/41797/4992-41797-0019.flac,8455/210777/8455-210777-0043.flac,4992-41797-0019,8455-210777-0043,/Users/davidmillard/Downloads/eval/our_SB_5/4992-41797-0019__to__8455-210777-0043.wav,/Users/davidmillard/Downloads/eval/freevc/target/4992-41797-0019_to_8455-210777-0043_target.flac,True,0.225480780005455,2.7994720935821533
693,our_SB_5,4992/41797/4992-41797-0021.flac,7176/92135/7176-92135-0030.flac,4992-41797-0021,7176-92135-0030,/Users/davidmillard/Downloads/eval/our_SB_5/4992-41797-0021__to__7176-92135-0030.wav,/Users/davidmillard/Downloads/eval/freevc/target/4992-41797-0021_to_7176-92135-0030_target.flac,True,0.1524208188056945,3.4239187240600586
694,our_SB_5,4992/41806/4992-41806-0000.flac,237/126133/237-126133-0017.flac,4992-41806-0000,237-126133-0017,/Users/davidmillard/Downloads/eval/our_SB_5/4992-41806-0000__to__237-126133-0017.wav,/Users/davidmillard/Downloads/eval/freevc/target/4992-41806-0000_to_237-126133-0017_target.flac,True,0.223352164030075,3.828981876373291
695,our_SB_5,4992/41806/4992-41806-0002.flac,260/123440/260-123440-0008.flac,4992-41806-0002,260-123440-0008,/Users/davidmillard/Downloads/eval/our_SB_5/4992-41806-0002__to__260-123440-0008.wav,/Users/davidmillard/Downloads/eval/freevc/target/4992-41806-0002_to_260-123440-0008_target.flac,True,0.3732713758945465,2.8431739807128906
696,our_SB_5,4992/41806/4992-41806-0004.flac,121/127105/121-127105-0028.flac,4992-41806-0004,121-127105-0028,/Users/davidmillard/Downloads/eval/our_SB_5/4992-41806-0004__to__121-127105-0028.wav,/Users/davidmillard/Downloads/eval/freevc/target/4992-41806-0004_to_121-127105-0028_target.flac,True,0.1890608668327331,2.6115260124206543
697,our_SB_5,4992/41806/4992-41806-0006.flac,1221/135766/1221-135766-0000.flac,4992-41806-0006,1221-135766-0000,/Users/davidmillard/Downloads/eval/our_SB_5/4992-41806-0006__to__1221-135766-0000.wav,/Users/davidmillard/Downloads/eval/freevc/target/4992-41806-0006_to_1221-135766-0000_target.flac,True,0.4828605651855469,3.08259916305542
698,our_SB_5,4992/41806/4992-41806-0008.flac,3570/5694/3570-5694-0004.flac,4992-41806-0008,3570-5694-0004,/Users/davidmillard/Downloads/eval/our_SB_5/4992-41806-0008__to__3570-5694-0004.wav,/Users/davidmillard/Downloads/eval/freevc/target/4992-41806-0008_to_3570-5694-0004_target.flac,True,0.3846507668495178,3.3597989082336426
699,our_SB_5,4992/41806/4992-41806-0010.flac,2961/961/2961-961-0009.flac,4992-41806-0010,2961-961-0009,/Users/davidmillard/Downloads/eval/our_SB_5/4992-41806-0010__to__2961-961-0009.wav,/Users/davidmillard/Downloads/eval/freevc/target/4992-41806-0010_to_2961-961-0009_target.flac,True,0.238671526312828,2.8626718521118164
700,our_SB_5,4992/41806/4992-41806-0012.flac,1221/135767/1221-135767-0023.flac,4992-41806-0012,1221-135767-0023,/Users/davidmillard/Downloads/eval/our_SB_5/4992-41806-0012__to__1221-135767-0023.wav,/Users/davidmillard/Downloads/eval/freevc/target/4992-41806-0012_to_1221-135767-0023_target.flac,True,0.3519611954689026,2.8411781787872314
701,our_SB_5,4992/41806/4992-41806-0014.flac,1188/133604/1188-133604-0000.flac,4992-41806-0014,1188-133604-0000,/Users/davidmillard/Downloads/eval/our_SB_5/4992-41806-0014__to__1188-133604-0000.wav,/Users/davidmillard/Downloads/eval/freevc/target/4992-41806-0014_to_1188-133604-0000_target.flac,True,0.4156521260738373,3.0152664184570312
702,our_SB_5,4992/41806/4992-41806-0016.flac,672/122797/672-122797-0001.flac,4992-41806-0016,672-122797-0001,/Users/davidmillard/Downloads/eval/our_SB_5/4992-41806-0016__to__672-122797-0001.wav,/Users/davidmillard/Downloads/eval/freevc/target/4992-41806-0016_to_672-122797-0001_target.flac,True,0.3357087671756744,3.3632426261901855
703,our_SB_5,5105/28233/5105-28233-0000.flac,4077/13754/4077-13754-0012.flac,5105-28233-0000,4077-13754-0012,/Users/davidmillard/Downloads/eval/our_SB_5/5105-28233-0000__to__4077-13754-0012.wav,/Users/davidmillard/Downloads/eval/freevc/target/5105-28233-0000_to_4077-13754-0012_target.flac,True,0.396403819322586,3.4257798194885254
704,our_SB_5,5105/28233/5105-28233-0002.flac,7729/102255/7729-102255-0044.flac,5105-28233-0002,7729-102255-0044,/Users/davidmillard/Downloads/eval/our_SB_5/5105-28233-0002__to__7729-102255-0044.wav,/Users/davidmillard/Downloads/eval/freevc/target/5105-28233-0002_to_7729-102255-0044_target.flac,True,0.4616907238960266,2.9135172367095947
705,our_SB_5,5105/28233/5105-28233-0004.flac,1580/141083/1580-141083-0012.flac,5105-28233-0004,1580-141083-0012,/Users/davidmillard/Downloads/eval/our_SB_5/5105-28233-0004__to__1580-141083-0012.wav,/Users/davidmillard/Downloads/eval/freevc/target/5105-28233-0004_to_1580-141083-0012_target.flac,True,0.5056558847427368,3.0614218711853027
706,our_SB_5,5105/28233/5105-28233-0006.flac,3575/170457/3575-170457-0012.flac,5105-28233-0006,3575-170457-0012,/Users/davidmillard/Downloads/eval/our_SB_5/5105-28233-0006__to__3575-170457-0012.wav,/Users/davidmillard/Downloads/eval/freevc/target/5105-28233-0006_to_3575-170457-0012_target.flac,True,0.2881032526493072,2.578282356262207
707,our_SB_5,5105/28233/5105-28233-0008.flac,5142/33396/5142-33396-0034.flac,5105-28233-0008,5142-33396-0034,/Users/davidmillard/Downloads/eval/our_SB_5/5105-28233-0008__to__5142-33396-0034.wav,/Users/davidmillard/Downloads/eval/freevc/target/5105-28233-0008_to_5142-33396-0034_target.flac,True,0.3266127109527588,2.7484474182128906
708,our_SB_5,5105/28233/5105-28233-0010.flac,5639/40744/5639-40744-0025.flac,5105-28233-0010,5639-40744-0025,/Users/davidmillard/Downloads/eval/our_SB_5/5105-28233-0010__to__5639-40744-0025.wav,/Users/davidmillard/Downloads/eval/freevc/target/5105-28233-0010_to_5639-40744-0025_target.flac,True,0.4243267178535461,3.3518598079681396
709,our_SB_5,5105/28240/5105-28240-0001.flac,3575/170457/3575-170457-0044.flac,5105-28240-0001,3575-170457-0044,/Users/davidmillard/Downloads/eval/our_SB_5/5105-28240-0001__to__3575-170457-0044.wav,/Users/davidmillard/Downloads/eval/freevc/target/5105-28240-0001_to_3575-170457-0044_target.flac,True,0.263072669506073,3.2505085468292236
710,our_SB_5,5105/28240/5105-28240-0003.flac,1320/122617/1320-122617-0024.flac,5105-28240-0003,1320-122617-0024,/Users/davidmillard/Downloads/eval/our_SB_5/5105-28240-0003__to__1320-122617-0024.wav,/Users/davidmillard/Downloads/eval/freevc/target/5105-28240-0003_to_1320-122617-0024_target.flac,True,0.4408589601516723,2.8213353157043457
711,our_SB_5,5105/28240/5105-28240-0005.flac,61/70968/61-70968-0048.flac,5105-28240-0005,61-70968-0048,/Users/davidmillard/Downloads/eval/our_SB_5/5105-28240-0005__to__61-70968-0048.wav,/Users/davidmillard/Downloads/eval/freevc/target/5105-28240-0005_to_61-70968-0048_target.flac,True,0.162525326013565,2.929748296737671
712,our_SB_5,5105/28240/5105-28240-0007.flac,7127/75946/7127-75946-0007.flac,5105-28240-0007,7127-75946-0007,/Users/davidmillard/Downloads/eval/our_SB_5/5105-28240-0007__to__7127-75946-0007.wav,/Users/davidmillard/Downloads/eval/freevc/target/5105-28240-0007_to_7127-75946-0007_target.flac,True,0.2424752563238144,2.6977806091308594
713,our_SB_5,5105/28240/5105-28240-0009.flac,1320/122617/1320-122617-0014.flac,5105-28240-0009,1320-122617-0014,/Users/davidmillard/Downloads/eval/our_SB_5/5105-28240-0009__to__1320-122617-0014.wav,/Users/davidmillard/Downloads/eval/freevc/target/5105-28240-0009_to_1320-122617-0014_target.flac,True,0.5517657399177551,3.0358357429504395
714,our_SB_5,5105/28240/5105-28240-0011.flac,4992/41797/4992-41797-0015.flac,5105-28240-0011,4992-41797-0015,/Users/davidmillard/Downloads/eval/our_SB_5/5105-28240-0011__to__4992-41797-0015.wav,/Users/davidmillard/Downloads/eval/freevc/target/5105-28240-0011_to_4992-41797-0015_target.flac,True,0.4027905464172363,3.367058277130127
715,our_SB_5,5105/28240/5105-28240-0013.flac,121/121726/121-121726-0014.flac,5105-28240-0013,121-121726-0014,/Users/davidmillard/Downloads/eval/our_SB_5/5105-28240-0013__to__121-121726-0014.wav,/Users/davidmillard/Downloads/eval/freevc/target/5105-28240-0013_to_121-121726-0014_target.flac,True,0.0541713908314704,3.562680959701538
716,our_SB_5,5105/28240/5105-28240-0015.flac,8463/294828/8463-294828-0025.flac,5105-28240-0015,8463-294828-0025,/Users/davidmillard/Downloads/eval/our_SB_5/5105-28240-0015__to__8463-294828-0025.wav,/Users/davidmillard/Downloads/eval/freevc/target/5105-28240-0015_to_8463-294828-0025_target.flac,True,0.3142549991607666,3.32089900970459
717,our_SB_5,5105/28240/5105-28240-0017.flac,1284/1181/1284-1181-0010.flac,5105-28240-0017,1284-1181-0010,/Users/davidmillard/Downloads/eval/our_SB_5/5105-28240-0017__to__1284-1181-0010.wav,/Users/davidmillard/Downloads/eval/freevc/target/5105-28240-0017_to_1284-1181-0010_target.flac,True,0.5016859769821167,3.0554308891296387
718,our_SB_5,5105/28240/5105-28240-0019.flac,8463/287645/8463-287645-0004.flac,5105-28240-0019,8463-287645-0004,/Users/davidmillard/Downloads/eval/our_SB_5/5105-28240-0019__to__8463-287645-0004.wav,/Users/davidmillard/Downloads/eval/freevc/target/5105-28240-0019_to_8463-287645-0004_target.flac,True,0.3294849097728729,3.5666842460632324
719,our_SB_5,5105/28240/5105-28240-0021.flac,1188/133604/1188-133604-0013.flac,5105-28240-0021,1188-133604-0013,/Users/davidmillard/Downloads/eval/our_SB_5/5105-28240-0021__to__1188-133604-0013.wav,/Users/davidmillard/Downloads/eval/freevc/target/5105-28240-0021_to_1188-133604-0013_target.flac,True,0.3099051117897033,3.0027804374694824
720,our_SB_5,5105/28240/5105-28240-0023.flac,61/70968/61-70968-0009.flac,5105-28240-0023,61-70968-0009,/Users/davidmillard/Downloads/eval/our_SB_5/5105-28240-0023__to__61-70968-0009.wav,/Users/davidmillard/Downloads/eval/freevc/target/5105-28240-0023_to_61-70968-0009_target.flac,True,0.29080930352211,3.407528877258301
721,our_SB_5,5105/28241/5105-28241-0000.flac,8463/294825/8463-294825-0015.flac,5105-28241-0000,8463-294825-0015,/Users/davidmillard/Downloads/eval/our_SB_5/5105-28241-0000__to__8463-294825-0015.wav,/Users/davidmillard/Downloads/eval/freevc/target/5105-28241-0000_to_8463-294825-0015_target.flac,True,0.3004791736602783,3.246091842651367
722,our_SB_5,5105/28241/5105-28241-0002.flac,8230/279154/8230-279154-0021.flac,5105-28241-0002,8230-279154-0021,/Users/davidmillard/Downloads/eval/our_SB_5/5105-28241-0002__to__8230-279154-0021.wav,/Users/davidmillard/Downloads/eval/freevc/target/5105-28241-0002_to_8230-279154-0021_target.flac,True,0.4948058724403381,2.6394357681274414
723,our_SB_5,5105/28241/5105-28241-0004.flac,1320/122617/1320-122617-0015.flac,5105-28241-0004,1320-122617-0015,/Users/davidmillard/Downloads/eval/our_SB_5/5105-28241-0004__to__1320-122617-0015.wav,/Users/davidmillard/Downloads/eval/freevc/target/5105-28241-0004_to_1320-122617-0015_target.flac,True,0.5219956636428833,2.796898126602173
724,our_SB_5,5105/28241/5105-28241-0006.flac,1580/141084/1580-141084-0001.flac,5105-28241-0006,1580-141084-0001,/Users/davidmillard/Downloads/eval/our_SB_5/5105-28241-0006__to__1580-141084-0001.wav,/Users/davidmillard/Downloads/eval/freevc/target/5105-28241-0006_to_1580-141084-0001_target.flac,True,0.5256601572036743,2.9565367698669434
725,our_SB_5,5105/28241/5105-28241-0008.flac,4992/41797/4992-41797-0017.flac,5105-28241-0008,4992-41797-0017,/Users/davidmillard/Downloads/eval/our_SB_5/5105-28241-0008__to__4992-41797-0017.wav,/Users/davidmillard/Downloads/eval/freevc/target/5105-28241-0008_to_4992-41797-0017_target.flac,True,0.4942536354064941,3.344993829727173
726,our_SB_5,5105/28241/5105-28241-0010.flac,4970/29093/4970-29093-0001.flac,5105-28241-0010,4970-29093-0001,/Users/davidmillard/Downloads/eval/our_SB_5/5105-28241-0010__to__4970-29093-0001.wav,/Users/davidmillard/Downloads/eval/freevc/target/5105-28241-0010_to_4970-29093-0001_target.flac,True,0.1651530116796493,2.334017276763916
727,our_SB_5,5105/28241/5105-28241-0012.flac,7176/92135/7176-92135-0001.flac,5105-28241-0012,7176-92135-0001,/Users/davidmillard/Downloads/eval/our_SB_5/5105-28241-0012__to__7176-92135-0001.wav,/Users/davidmillard/Downloads/eval/freevc/target/5105-28241-0012_to_7176-92135-0001_target.flac,True,0.4413719773292541,3.0227932929992676
728,our_SB_5,5105/28241/5105-28241-0014.flac,5683/32879/5683-32879-0006.flac,5105-28241-0014,5683-32879-0006,/Users/davidmillard/Downloads/eval/our_SB_5/5105-28241-0014__to__5683-32879-0006.wav,/Users/davidmillard/Downloads/eval/freevc/target/5105-28241-0014_to_5683-32879-0006_target.flac,True,0.34942826628685,3.5785205364227295
729,our_SB_5,5105/28241/5105-28241-0016.flac,5683/32865/5683-32865-0010.flac,5105-28241-0016,5683-32865-0010,/Users/davidmillard/Downloads/eval/our_SB_5/5105-28241-0016__to__5683-32865-0010.wav,/Users/davidmillard/Downloads/eval/freevc/target/5105-28241-0016_to_5683-32865-0010_target.flac,True,0.2113674581050872,3.2627243995666504
730,our_SB_5,5105/28241/5105-28241-0018.flac,3575/170457/3575-170457-0045.flac,5105-28241-0018,3575-170457-0045,/Users/davidmillard/Downloads/eval/our_SB_5/5105-28241-0018__to__3575-170457-0045.wav,/Users/davidmillard/Downloads/eval/freevc/target/5105-28241-0018_to_3575-170457-0045_target.flac,True,0.4364669919013977,3.3466291427612305
731,our_SB_5,5142/33396/5142-33396-0000.flac,4077/13751/4077-13751-0009.flac,5142-33396-0000,4077-13751-0009,/Users/davidmillard/Downloads/eval/our_SB_5/5142-33396-0000__to__4077-13751-0009.wav,/Users/davidmillard/Downloads/eval/freevc/target/5142-33396-0000_to_4077-13751-0009_target.flac,True,0.31027352809906,2.5593643188476562
732,our_SB_5,5142/33396/5142-33396-0002.flac,5683/32866/5683-32866-0022.flac,5142-33396-0002,5683-32866-0022,/Users/davidmillard/Downloads/eval/our_SB_5/5142-33396-0002__to__5683-32866-0022.wav,/Users/davidmillard/Downloads/eval/freevc/target/5142-33396-0002_to_5683-32866-0022_target.flac,True,0.1476973593235016,3.44865345954895
733,our_SB_5,5142/33396/5142-33396-0004.flac,1320/122612/1320-122612-0000.flac,5142-33396-0004,1320-122612-0000,/Users/davidmillard/Downloads/eval/our_SB_5/5142-33396-0004__to__1320-122612-0000.wav,/Users/davidmillard/Downloads/eval/freevc/target/5142-33396-0004_to_1320-122612-0000_target.flac,True,0.231431633234024,2.796736001968384
734,our_SB_5,5142/33396/5142-33396-0006.flac,5639/40744/5639-40744-0017.flac,5142-33396-0006,5639-40744-0017,/Users/davidmillard/Downloads/eval/our_SB_5/5142-33396-0006__to__5639-40744-0017.wav,/Users/davidmillard/Downloads/eval/freevc/target/5142-33396-0006_to_5639-40744-0017_target.flac,True,0.3329943418502807,3.35042667388916
735,our_SB_5,5142/33396/5142-33396-0008.flac,1320/122612/1320-122612-0011.flac,5142-33396-0008,1320-122612-0011,/Users/davidmillard/Downloads/eval/our_SB_5/5142-33396-0008__to__1320-122612-0011.wav,/Users/davidmillard/Downloads/eval/freevc/target/5142-33396-0008_to_1320-122612-0011_target.flac,True,0.3020945191383362,3.0823569297790527
736,our_SB_5,5142/33396/5142-33396-0010.flac,8455/210777/8455-210777-0065.flac,5142-33396-0010,8455-210777-0065,/Users/davidmillard/Downloads/eval/our_SB_5/5142-33396-0010__to__8455-210777-0065.wav,/Users/davidmillard/Downloads/eval/freevc/target/5142-33396-0010_to_8455-210777-0065_target.flac,True,0.2233128249645233,3.418152093887329
737,our_SB_5,5142/33396/5142-33396-0012.flac,1188/133604/1188-133604-0005.flac,5142-33396-0012,1188-133604-0005,/Users/davidmillard/Downloads/eval/our_SB_5/5142-33396-0012__to__1188-133604-0005.wav,/Users/davidmillard/Downloads/eval/freevc/target/5142-33396-0012_to_1188-133604-0005_target.flac,True,0.3276179432868957,2.961240291595459
738,our_SB_5,5142/33396/5142-33396-0014.flac,1320/122617/1320-122617-0021.flac,5142-33396-0014,1320-122617-0021,/Users/davidmillard/Downloads/eval/our_SB_5/5142-33396-0014__to__1320-122617-0021.wav,/Users/davidmillard/Downloads/eval/freevc/target/5142-33396-0014_to_1320-122617-0021_target.flac,True,0.3850217163562774,2.8496286869049072
739,our_SB_5,5142/33396/5142-33396-0016.flac,4970/29095/4970-29095-0031.flac,5142-33396-0016,4970-29095-0031,/Users/davidmillard/Downloads/eval/our_SB_5/5142-33396-0016__to__4970-29095-0031.wav,/Users/davidmillard/Downloads/eval/freevc/target/5142-33396-0016_to_4970-29095-0031_target.flac,True,0.2556047439575195,3.3180091381073
740,our_SB_5,5142/33396/5142-33396-0018.flac,4446/2273/4446-2273-0027.flac,5142-33396-0018,4446-2273-0027,/Users/davidmillard/Downloads/eval/our_SB_5/5142-33396-0018__to__4446-2273-0027.wav,/Users/davidmillard/Downloads/eval/freevc/target/5142-33396-0018_to_4446-2273-0027_target.flac,True,0.2771263420581817,3.283641815185547
741,our_SB_5,5142/33396/5142-33396-0020.flac,8455/210777/8455-210777-0031.flac,5142-33396-0020,8455-210777-0031,/Users/davidmillard/Downloads/eval/our_SB_5/5142-33396-0020__to__8455-210777-0031.wav,/Users/davidmillard/Downloads/eval/freevc/target/5142-33396-0020_to_8455-210777-0031_target.flac,True,0.1530351340770721,3.0456457138061523
742,our_SB_5,5142/33396/5142-33396-0022.flac,237/134500/237-134500-0042.flac,5142-33396-0022,237-134500-0042,/Users/davidmillard/Downloads/eval/our_SB_5/5142-33396-0022__to__237-134500-0042.wav,/Users/davidmillard/Downloads/eval/freevc/target/5142-33396-0022_to_237-134500-0042_target.flac,True,0.1856302618980407,2.2450711727142334
743,our_SB_5,5142/33396/5142-33396-0024.flac,2094/142345/2094-142345-0017.flac,5142-33396-0024,2094-142345-0017,/Users/davidmillard/Downloads/eval/our_SB_5/5142-33396-0024__to__2094-142345-0017.wav,/Users/davidmillard/Downloads/eval/freevc/target/5142-33396-0024_to_2094-142345-0017_target.flac,True,0.1614791303873062,3.1820123195648193
744,our_SB_5,5142/33396/5142-33396-0026.flac,7176/88083/7176-88083-0018.flac,5142-33396-0026,7176-88083-0018,/Users/davidmillard/Downloads/eval/our_SB_5/5142-33396-0026__to__7176-88083-0018.wav,/Users/davidmillard/Downloads/eval/freevc/target/5142-33396-0026_to_7176-88083-0018_target.flac,True,0.1528498828411102,2.0578174591064453
745,our_SB_5,5142/33396/5142-33396-0028.flac,6829/68769/6829-68769-0035.flac,5142-33396-0028,6829-68769-0035,/Users/davidmillard/Downloads/eval/our_SB_5/5142-33396-0028__to__6829-68769-0035.wav,/Users/davidmillard/Downloads/eval/freevc/target/5142-33396-0028_to_6829-68769-0035_target.flac,True,0.3686461150646209,3.49314546585083
746,our_SB_5,5142/33396/5142-33396-0030.flac,7127/75946/7127-75946-0009.flac,5142-33396-0030,7127-75946-0009,/Users/davidmillard/Downloads/eval/our_SB_5/5142-33396-0030__to__7127-75946-0009.wav,/Users/davidmillard/Downloads/eval/freevc/target/5142-33396-0030_to_7127-75946-0009_target.flac,True,0.2168700993061065,2.9399921894073486
747,our_SB_5,5142/33396/5142-33396-0032.flac,3575/170457/3575-170457-0046.flac,5142-33396-0032,3575-170457-0046,/Users/davidmillard/Downloads/eval/our_SB_5/5142-33396-0032__to__3575-170457-0046.wav,/Users/davidmillard/Downloads/eval/freevc/target/5142-33396-0032_to_3575-170457-0046_target.flac,True,0.1527821719646453,2.7174816131591797
748,our_SB_5,5142/33396/5142-33396-0034.flac,7021/79730/7021-79730-0006.flac,5142-33396-0034,7021-79730-0006,/Users/davidmillard/Downloads/eval/our_SB_5/5142-33396-0034__to__7021-79730-0006.wav,/Users/davidmillard/Downloads/eval/freevc/target/5142-33396-0034_to_7021-79730-0006_target.flac,True,0.4659665524959564,3.316650152206421
749,our_SB_5,5142/33396/5142-33396-0036.flac,1089/134691/1089-134691-0012.flac,5142-33396-0036,1089-134691-0012,/Users/davidmillard/Downloads/eval/our_SB_5/5142-33396-0036__to__1089-134691-0012.wav,/Users/davidmillard/Downloads/eval/freevc/target/5142-33396-0036_to_1089-134691-0012_target.flac,True,0.408761978149414,2.852022171020508
750,our_SB_5,5142/33396/5142-33396-0038.flac,5683/32866/5683-32866-0024.flac,5142-33396-0038,5683-32866-0024,/Users/davidmillard/Downloads/eval/our_SB_5/5142-33396-0038__to__5683-32866-0024.wav,/Users/davidmillard/Downloads/eval/freevc/target/5142-33396-0038_to_5683-32866-0024_target.flac,True,0.3021130859851837,3.44606614112854
751,our_SB_5,5142/33396/5142-33396-0040.flac,6829/68771/6829-68771-0029.flac,5142-33396-0040,6829-68771-0029,/Users/davidmillard/Downloads/eval/our_SB_5/5142-33396-0040__to__6829-68771-0029.wav,/Users/davidmillard/Downloads/eval/freevc/target/5142-33396-0040_to_6829-68771-0029_target.flac,True,0.2872049510478973,3.738389015197754
752,our_SB_5,5142/33396/5142-33396-0042.flac,4507/16021/4507-16021-0020.flac,5142-33396-0042,4507-16021-0020,/Users/davidmillard/Downloads/eval/our_SB_5/5142-33396-0042__to__4507-16021-0020.wav,/Users/davidmillard/Downloads/eval/freevc/target/5142-33396-0042_to_4507-16021-0020_target.flac,True,0.3899423480033874,3.2778444290161133
753,our_SB_5,5142/33396/5142-33396-0044.flac,2830/3980/2830-3980-0048.flac,5142-33396-0044,2830-3980-0048,/Users/davidmillard/Downloads/eval/our_SB_5/5142-33396-0044__to__2830-3980-0048.wav,/Users/davidmillard/Downloads/eval/freevc/target/5142-33396-0044_to_2830-3980-0048_target.flac,True,0.453718364238739,2.9435980319976807
754,our_SB_5,5142/33396/5142-33396-0046.flac,61/70968/61-70968-0040.flac,5142-33396-0046,61-70968-0040,/Users/davidmillard/Downloads/eval/our_SB_5/5142-33396-0046__to__61-70968-0040.wav,/Users/davidmillard/Downloads/eval/freevc/target/5142-33396-0046_to_61-70968-0040_target.flac,True,0.4286816120147705,3.0209438800811768
755,our_SB_5,5142/33396/5142-33396-0048.flac,7176/92135/7176-92135-0045.flac,5142-33396-0048,7176-92135-0045,/Users/davidmillard/Downloads/eval/our_SB_5/5142-33396-0048__to__7176-92135-0045.wav,/Users/davidmillard/Downloads/eval/freevc/target/5142-33396-0048_to_7176-92135-0045_target.flac,True,0.3301820158958435,3.0724143981933594
756,our_SB_5,5142/33396/5142-33396-0050.flac,5683/32866/5683-32866-0017.flac,5142-33396-0050,5683-32866-0017,/Users/davidmillard/Downloads/eval/our_SB_5/5142-33396-0050__to__5683-32866-0017.wav,/Users/davidmillard/Downloads/eval/freevc/target/5142-33396-0050_to_5683-32866-0017_target.flac,True,0.2082738429307937,3.1720008850097656
757,our_SB_5,5142/33396/5142-33396-0052.flac,1995/1826/1995-1826-0025.flac,5142-33396-0052,1995-1826-0025,/Users/davidmillard/Downloads/eval/our_SB_5/5142-33396-0052__to__1995-1826-0025.wav,/Users/davidmillard/Downloads/eval/freevc/target/5142-33396-0052_to_1995-1826-0025_target.flac,True,0.086305983364582,3.223233461380005
758,our_SB_5,5142/33396/5142-33396-0054.flac,260/123440/260-123440-0009.flac,5142-33396-0054,260-123440-0009,/Users/davidmillard/Downloads/eval/our_SB_5/5142-33396-0054__to__260-123440-0009.wav,/Users/davidmillard/Downloads/eval/freevc/target/5142-33396-0054_to_260-123440-0009_target.flac,True,0.3240908682346344,3.554290533065796
759,our_SB_5,5142/33396/5142-33396-0056.flac,2961/961/2961-961-0005.flac,5142-33396-0056,2961-961-0005,/Users/davidmillard/Downloads/eval/our_SB_5/5142-33396-0056__to__2961-961-0005.wav,/Users/davidmillard/Downloads/eval/freevc/target/5142-33396-0056_to_2961-961-0005_target.flac,True,0.1049269810318946,3.0069210529327393
760,our_SB_5,5142/33396/5142-33396-0058.flac,1284/1181/1284-1181-0019.flac,5142-33396-0058,1284-1181-0019,/Users/davidmillard/Downloads/eval/our_SB_5/5142-33396-0058__to__1284-1181-0019.wav,/Users/davidmillard/Downloads/eval/freevc/target/5142-33396-0058_to_1284-1181-0019_target.flac,True,0.305646002292633,3.3293168544769287
761,our_SB_5,5142/33396/5142-33396-0060.flac,2094/142345/2094-142345-0040.flac,5142-33396-0060,2094-142345-0040,/Users/davidmillard/Downloads/eval/our_SB_5/5142-33396-0060__to__2094-142345-0040.wav,/Users/davidmillard/Downloads/eval/freevc/target/5142-33396-0060_to_2094-142345-0040_target.flac,True,0.2142348736524582,3.271836042404175
762,our_SB_5,5142/33396/5142-33396-0062.flac,3729/6852/3729-6852-0042.flac,5142-33396-0062,3729-6852-0042,/Users/davidmillard/Downloads/eval/our_SB_5/5142-33396-0062__to__3729-6852-0042.wav,/Users/davidmillard/Downloads/eval/freevc/target/5142-33396-0062_to_3729-6852-0042_target.flac,True,0.2586038708686828,3.270148754119873
763,our_SB_5,5142/33396/5142-33396-0064.flac,5683/32865/5683-32865-0009.flac,5142-33396-0064,5683-32865-0009,/Users/davidmillard/Downloads/eval/our_SB_5/5142-33396-0064__to__5683-32865-0009.wav,/Users/davidmillard/Downloads/eval/freevc/target/5142-33396-0064_to_5683-32865-0009_target.flac,True,0.3221116364002228,3.149247646331787
764,our_SB_5,5142/33396/5142-33396-0066.flac,7127/75947/7127-75947-0021.flac,5142-33396-0066,7127-75947-0021,/Users/davidmillard/Downloads/eval/our_SB_5/5142-33396-0066__to__7127-75947-0021.wav,/Users/davidmillard/Downloads/eval/freevc/target/5142-33396-0066_to_7127-75947-0021_target.flac,True,0.2115024477243423,2.832855463027954
765,our_SB_5,5142/33396/5142-33396-0068.flac,672/122797/672-122797-0069.flac,5142-33396-0068,672-122797-0069,/Users/davidmillard/Downloads/eval/our_SB_5/5142-33396-0068__to__672-122797-0069.wav,/Users/davidmillard/Downloads/eval/freevc/target/5142-33396-0068_to_672-122797-0069_target.flac,True,0.0005184635519981,2.4396305084228516
766,our_SB_5,5142/36377/5142-36377-0001.flac,5639/40744/5639-40744-0034.flac,5142-36377-0001,5639-40744-0034,/Users/davidmillard/Downloads/eval/our_SB_5/5142-36377-0001__to__5639-40744-0034.wav,/Users/davidmillard/Downloads/eval/freevc/target/5142-36377-0001_to_5639-40744-0034_target.flac,True,0.2618626952171325,3.092303991317749
767,our_SB_5,5142/36377/5142-36377-0003.flac,1320/122612/1320-122612-0006.flac,5142-36377-0003,1320-122612-0006,/Users/davidmillard/Downloads/eval/our_SB_5/5142-36377-0003__to__1320-122612-0006.wav,/Users/davidmillard/Downloads/eval/freevc/target/5142-36377-0003_to_1320-122612-0006_target.flac,True,0.4344865083694458,2.7014925479888916
768,our_SB_5,5142/36377/5142-36377-0005.flac,5105/28233/5105-28233-0010.flac,5142-36377-0005,5105-28233-0010,/Users/davidmillard/Downloads/eval/our_SB_5/5142-36377-0005__to__5105-28233-0010.wav,/Users/davidmillard/Downloads/eval/freevc/target/5142-36377-0005_to_5105-28233-0010_target.flac,True,0.4490827620029449,2.7179203033447266
769,our_SB_5,5142/36377/5142-36377-0007.flac,61/70970/61-70970-0033.flac,5142-36377-0007,61-70970-0033,/Users/davidmillard/Downloads/eval/our_SB_5/5142-36377-0007__to__61-70970-0033.wav,/Users/davidmillard/Downloads/eval/freevc/target/5142-36377-0007_to_61-70970-0033_target.flac,True,0.3288916945457458,2.9471113681793213
770,our_SB_5,5142/36377/5142-36377-0009.flac,6829/68769/6829-68769-0013.flac,5142-36377-0009,6829-68769-0013,/Users/davidmillard/Downloads/eval/our_SB_5/5142-36377-0009__to__6829-68769-0013.wav,/Users/davidmillard/Downloads/eval/freevc/target/5142-36377-0009_to_6829-68769-0013_target.flac,True,0.2618374526500702,2.536001443862915
771,our_SB_5,5142/36377/5142-36377-0011.flac,3729/6852/3729-6852-0014.flac,5142-36377-0011,3729-6852-0014,/Users/davidmillard/Downloads/eval/our_SB_5/5142-36377-0011__to__3729-6852-0014.wav,/Users/davidmillard/Downloads/eval/freevc/target/5142-36377-0011_to_3729-6852-0014_target.flac,True,0.18189138174057,2.365384101867676
772,our_SB_5,5142/36377/5142-36377-0013.flac,8455/210777/8455-210777-0028.flac,5142-36377-0013,8455-210777-0028,/Users/davidmillard/Downloads/eval/our_SB_5/5142-36377-0013__to__8455-210777-0028.wav,/Users/davidmillard/Downloads/eval/freevc/target/5142-36377-0013_to_8455-210777-0028_target.flac,True,0.2488847225904464,3.2068591117858887
773,our_SB_5,5142/36377/5142-36377-0015.flac,61/70968/61-70968-0059.flac,5142-36377-0015,61-70968-0059,/Users/davidmillard/Downloads/eval/our_SB_5/5142-36377-0015__to__61-70968-0059.wav,/Users/davidmillard/Downloads/eval/freevc/target/5142-36377-0015_to_61-70968-0059_target.flac,True,0.244067370891571,3.660051107406616
774,our_SB_5,5142/36377/5142-36377-0017.flac,7729/102255/7729-102255-0009.flac,5142-36377-0017,7729-102255-0009,/Users/davidmillard/Downloads/eval/our_SB_5/5142-36377-0017__to__7729-102255-0009.wav,/Users/davidmillard/Downloads/eval/freevc/target/5142-36377-0017_to_7729-102255-0009_target.flac,True,0.4651677012443542,2.736656904220581
775,our_SB_5,5142/36377/5142-36377-0019.flac,7127/75946/7127-75946-0013.flac,5142-36377-0019,7127-75946-0013,/Users/davidmillard/Downloads/eval/our_SB_5/5142-36377-0019__to__7127-75946-0013.wav,/Users/davidmillard/Downloads/eval/freevc/target/5142-36377-0019_to_7127-75946-0013_target.flac,True,0.3122968077659607,3.182307243347168
776,our_SB_5,5142/36377/5142-36377-0021.flac,1320/122612/1320-122612-0007.flac,5142-36377-0021,1320-122612-0007,/Users/davidmillard/Downloads/eval/our_SB_5/5142-36377-0021__to__1320-122612-0007.wav,/Users/davidmillard/Downloads/eval/freevc/target/5142-36377-0021_to_1320-122612-0007_target.flac,True,0.4448777437210083,3.534597873687744
777,our_SB_5,5142/36377/5142-36377-0023.flac,4507/16021/4507-16021-0021.flac,5142-36377-0023,4507-16021-0021,/Users/davidmillard/Downloads/eval/our_SB_5/5142-36377-0023__to__4507-16021-0021.wav,/Users/davidmillard/Downloads/eval/freevc/target/5142-36377-0023_to_4507-16021-0021_target.flac,True,0.3604969978332519,3.2580435276031494
778,our_SB_5,5142/36377/5142-36377-0025.flac,2961/961/2961-961-0010.flac,5142-36377-0025,2961-961-0010,/Users/davidmillard/Downloads/eval/our_SB_5/5142-36377-0025__to__2961-961-0010.wav,/Users/davidmillard/Downloads/eval/freevc/target/5142-36377-0025_to_2961-961-0010_target.flac,True,0.1186628490686416,3.1834847927093506
779,our_SB_5,5142/36586/5142-36586-0001.flac,7127/75946/7127-75946-0012.flac,5142-36586-0001,7127-75946-0012,/Users/davidmillard/Downloads/eval/our_SB_5/5142-36586-0001__to__7127-75946-0012.wav,/Users/davidmillard/Downloads/eval/freevc/target/5142-36586-0001_to_7127-75946-0012_target.flac,True,0.1683842688798904,3.634948492050171
780,our_SB_5,5142/36586/5142-36586-0003.flac,4970/29093/4970-29093-0004.flac,5142-36586-0003,4970-29093-0004,/Users/davidmillard/Downloads/eval/our_SB_5/5142-36586-0003__to__4970-29093-0004.wav,/Users/davidmillard/Downloads/eval/freevc/target/5142-36586-0003_to_4970-29093-0004_target.flac,True,0.3203029036521911,2.742953300476074
781,our_SB_5,5142/36600/5142-36600-0000.flac,1995/1826/1995-1826-0002.flac,5142-36600-0000,1995-1826-0002,/Users/davidmillard/Downloads/eval/our_SB_5/5142-36600-0000__to__1995-1826-0002.wav,/Users/davidmillard/Downloads/eval/freevc/target/5142-36600-0000_to_1995-1826-0002_target.flac,True,0.1278573125600814,3.422527551651001
782,our_SB_5,5639/40744/5639-40744-0000.flac,1580/141084/1580-141084-0032.flac,5639-40744-0000,1580-141084-0032,/Users/davidmillard/Downloads/eval/our_SB_5/5639-40744-0000__to__1580-141084-0032.wav,/Users/davidmillard/Downloads/eval/freevc/target/5639-40744-0000_to_1580-141084-0032_target.flac,True,0.2845413088798523,3.917865037918091
783,our_SB_5,5639/40744/5639-40744-0002.flac,8224/274381/8224-274381-0011.flac,5639-40744-0002,8224-274381-0011,/Users/davidmillard/Downloads/eval/our_SB_5/5639-40744-0002__to__8224-274381-0011.wav,/Users/davidmillard/Downloads/eval/freevc/target/5639-40744-0002_to_8224-274381-0011_target.flac,True,0.3610715270042419,3.3887994289398193
784,our_SB_5,5639/40744/5639-40744-0004.flac,4992/41797/4992-41797-0014.flac,5639-40744-0004,4992-41797-0014,/Users/davidmillard/Downloads/eval/our_SB_5/5639-40744-0004__to__4992-41797-0014.wav,/Users/davidmillard/Downloads/eval/freevc/target/5639-40744-0004_to_4992-41797-0014_target.flac,True,0.3872164487838745,3.586113691329956
785,our_SB_5,5639/40744/5639-40744-0006.flac,3570/5695/3570-5695-0002.flac,5639-40744-0006,3570-5695-0002,/Users/davidmillard/Downloads/eval/our_SB_5/5639-40744-0006__to__3570-5695-0002.wav,/Users/davidmillard/Downloads/eval/freevc/target/5639-40744-0006_to_3570-5695-0002_target.flac,True,0.5315284132957458,3.7008373737335205
786,our_SB_5,5639/40744/5639-40744-0008.flac,6829/68769/6829-68769-0050.flac,5639-40744-0008,6829-68769-0050,/Users/davidmillard/Downloads/eval/our_SB_5/5639-40744-0008__to__6829-68769-0050.wav,/Users/davidmillard/Downloads/eval/freevc/target/5639-40744-0008_to_6829-68769-0050_target.flac,True,0.1487936377525329,3.139324188232422
787,our_SB_5,5639/40744/5639-40744-0010.flac,2830/3980/2830-3980-0044.flac,5639-40744-0010,2830-3980-0044,/Users/davidmillard/Downloads/eval/our_SB_5/5639-40744-0010__to__2830-3980-0044.wav,/Users/davidmillard/Downloads/eval/freevc/target/5639-40744-0010_to_2830-3980-0044_target.flac,True,0.2342699468135833,2.586376190185547
788,our_SB_5,5639/40744/5639-40744-0012.flac,5683/32865/5683-32865-0000.flac,5639-40744-0012,5683-32865-0000,/Users/davidmillard/Downloads/eval/our_SB_5/5639-40744-0012__to__5683-32865-0000.wav,/Users/davidmillard/Downloads/eval/freevc/target/5639-40744-0012_to_5683-32865-0000_target.flac,True,0.3131997883319855,3.621368646621704
789,our_SB_5,5639/40744/5639-40744-0014.flac,4077/13751/4077-13751-0004.flac,5639-40744-0014,4077-13751-0004,/Users/davidmillard/Downloads/eval/our_SB_5/5639-40744-0014__to__4077-13751-0004.wav,/Users/davidmillard/Downloads/eval/freevc/target/5639-40744-0014_to_4077-13751-0004_target.flac,True,0.43769371509552,3.1987059116363525
790,our_SB_5,5639/40744/5639-40744-0016.flac,8230/279154/8230-279154-0011.flac,5639-40744-0016,8230-279154-0011,/Users/davidmillard/Downloads/eval/our_SB_5/5639-40744-0016__to__8230-279154-0011.wav,/Users/davidmillard/Downloads/eval/freevc/target/5639-40744-0016_to_8230-279154-0011_target.flac,True,0.3472166061401367,3.364805221557617
791,our_SB_5,5639/40744/5639-40744-0018.flac,2830/3980/2830-3980-0045.flac,5639-40744-0018,2830-3980-0045,/Users/davidmillard/Downloads/eval/our_SB_5/5639-40744-0018__to__2830-3980-0045.wav,/Users/davidmillard/Downloads/eval/freevc/target/5639-40744-0018_to_2830-3980-0045_target.flac,True,0.2296934127807617,3.2639403343200684
792,our_SB_5,5639/40744/5639-40744-0020.flac,7176/92135/7176-92135-0039.flac,5639-40744-0020,7176-92135-0039,/Users/davidmillard/Downloads/eval/our_SB_5/5639-40744-0020__to__7176-92135-0039.wav,/Users/davidmillard/Downloads/eval/freevc/target/5639-40744-0020_to_7176-92135-0039_target.flac,True,0.3175897300243377,3.1963510513305664
793,our_SB_5,5639/40744/5639-40744-0022.flac,5683/32879/5683-32879-0001.flac,5639-40744-0022,5683-32879-0001,/Users/davidmillard/Downloads/eval/our_SB_5/5639-40744-0022__to__5683-32879-0001.wav,/Users/davidmillard/Downloads/eval/freevc/target/5639-40744-0022_to_5683-32879-0001_target.flac,True,0.2094181180000305,3.689527988433838
794,our_SB_5,5639/40744/5639-40744-0024.flac,5105/28240/5105-28240-0011.flac,5639-40744-0024,5105-28240-0011,/Users/davidmillard/Downloads/eval/our_SB_5/5639-40744-0024__to__5105-28240-0011.wav,/Users/davidmillard/Downloads/eval/freevc/target/5639-40744-0024_to_5105-28240-0011_target.flac,True,0.3476229608058929,3.219935894012451
795,our_SB_5,5639/40744/5639-40744-0026.flac,260/123288/260-123288-0006.flac,5639-40744-0026,260-123288-0006,/Users/davidmillard/Downloads/eval/our_SB_5/5639-40744-0026__to__260-123288-0006.wav,/Users/davidmillard/Downloads/eval/freevc/target/5639-40744-0026_to_260-123288-0006_target.flac,True,0.2459214776754379,3.3566834926605225
796,our_SB_5,5639/40744/5639-40744-0028.flac,2094/142345/2094-142345-0020.flac,5639-40744-0028,2094-142345-0020,/Users/davidmillard/Downloads/eval/our_SB_5/5639-40744-0028__to__2094-142345-0020.wav,/Users/davidmillard/Downloads/eval/freevc/target/5639-40744-0028_to_2094-142345-0020_target.flac,True,0.2885301411151886,3.6260666847229004
797,our_SB_5,5639/40744/5639-40744-0030.flac,4507/16021/4507-16021-0007.flac,5639-40744-0030,4507-16021-0007,/Users/davidmillard/Downloads/eval/our_SB_5/5639-40744-0030__to__4507-16021-0007.wav,/Users/davidmillard/Downloads/eval/freevc/target/5639-40744-0030_to_4507-16021-0007_target.flac,True,0.4858004450798034,3.5756044387817383
798,our_SB_5,5639/40744/5639-40744-0032.flac,2300/131720/2300-131720-0032.flac,5639-40744-0032,2300-131720-0032,/Users/davidmillard/Downloads/eval/our_SB_5/5639-40744-0032__to__2300-131720-0032.wav,/Users/davidmillard/Downloads/eval/freevc/target/5639-40744-0032_to_2300-131720-0032_target.flac,True,0.3878101706504822,2.9693801403045654
799,our_SB_5,5639/40744/5639-40744-0034.flac,908/157963/908-157963-0008.flac,5639-40744-0034,908-157963-0008,/Users/davidmillard/Downloads/eval/our_SB_5/5639-40744-0034__to__908-157963-0008.wav,/Users/davidmillard/Downloads/eval/freevc/target/5639-40744-0034_to_908-157963-0008_target.flac,True,0.1846373975276947,3.086404323577881
800,our_SB_5,5639/40744/5639-40744-0036.flac,6829/68769/6829-68769-0023.flac,5639-40744-0036,6829-68769-0023,/Users/davidmillard/Downloads/eval/our_SB_5/5639-40744-0036__to__6829-68769-0023.wav,/Users/davidmillard/Downloads/eval/freevc/target/5639-40744-0036_to_6829-68769-0023_target.flac,True,0.3328046202659607,3.839613914489746
801,our_SB_5,5639/40744/5639-40744-0038.flac,260/123440/260-123440-0010.flac,5639-40744-0038,260-123440-0010,/Users/davidmillard/Downloads/eval/our_SB_5/5639-40744-0038__to__260-123440-0010.wav,/Users/davidmillard/Downloads/eval/freevc/target/5639-40744-0038_to_260-123440-0010_target.flac,True,0.3509491682052612,3.058638572692871
802,our_SB_5,5639/40744/5639-40744-0040.flac,4446/2271/4446-2271-0017.flac,5639-40744-0040,4446-2271-0017,/Users/davidmillard/Downloads/eval/our_SB_5/5639-40744-0040__to__4446-2271-0017.wav,/Users/davidmillard/Downloads/eval/freevc/target/5639-40744-0040_to_4446-2271-0017_target.flac,True,0.473054826259613,3.5146234035491943
803,our_SB_5,5683/32865/5683-32865-0000.flac,6930/75918/6930-75918-0006.flac,5683-32865-0000,6930-75918-0006,/Users/davidmillard/Downloads/eval/our_SB_5/5683-32865-0000__to__6930-75918-0006.wav,/Users/davidmillard/Downloads/eval/freevc/target/5683-32865-0000_to_6930-75918-0006_target.flac,True,0.2045137733221054,3.2757792472839355
804,our_SB_5,5683/32865/5683-32865-0002.flac,7176/88083/7176-88083-0017.flac,5683-32865-0002,7176-88083-0017,/Users/davidmillard/Downloads/eval/our_SB_5/5683-32865-0002__to__7176-88083-0017.wav,/Users/davidmillard/Downloads/eval/freevc/target/5683-32865-0002_to_7176-88083-0017_target.flac,True,0.1307626068592071,3.205389976501465
805,our_SB_5,5683/32865/5683-32865-0004.flac,8455/210777/8455-210777-0064.flac,5683-32865-0004,8455-210777-0064,/Users/davidmillard/Downloads/eval/our_SB_5/5683-32865-0004__to__8455-210777-0064.wav,/Users/davidmillard/Downloads/eval/freevc/target/5683-32865-0004_to_8455-210777-0064_target.flac,True,0.3829244375228882,3.403346538543701
806,our_SB_5,5683/32865/5683-32865-0006.flac,7176/92135/7176-92135-0025.flac,5683-32865-0006,7176-92135-0025,/Users/davidmillard/Downloads/eval/our_SB_5/5683-32865-0006__to__7176-92135-0025.wav,/Users/davidmillard/Downloads/eval/freevc/target/5683-32865-0006_to_7176-92135-0025_target.flac,True,0.2647521495819092,2.942553997039795
807,our_SB_5,5683/32865/5683-32865-0008.flac,237/126133/237-126133-0010.flac,5683-32865-0008,237-126133-0010,/Users/davidmillard/Downloads/eval/our_SB_5/5683-32865-0008__to__237-126133-0010.wav,/Users/davidmillard/Downloads/eval/freevc/target/5683-32865-0008_to_237-126133-0010_target.flac,True,0.3505752384662628,2.8437435626983643
808,our_SB_5,5683/32865/5683-32865-0010.flac,3570/5694/3570-5694-0018.flac,5683-32865-0010,3570-5694-0018,/Users/davidmillard/Downloads/eval/our_SB_5/5683-32865-0010__to__3570-5694-0018.wav,/Users/davidmillard/Downloads/eval/freevc/target/5683-32865-0010_to_3570-5694-0018_target.flac,True,0.3065075278282165,2.6039295196533203
809,our_SB_5,5683/32865/5683-32865-0012.flac,3570/5695/3570-5695-0011.flac,5683-32865-0012,3570-5695-0011,/Users/davidmillard/Downloads/eval/our_SB_5/5683-32865-0012__to__3570-5695-0011.wav,/Users/davidmillard/Downloads/eval/freevc/target/5683-32865-0012_to_3570-5695-0011_target.flac,True,0.2709318995475769,2.796712636947632
810,our_SB_5,5683/32865/5683-32865-0014.flac,7021/85628/7021-85628-0005.flac,5683-32865-0014,7021-85628-0005,/Users/davidmillard/Downloads/eval/our_SB_5/5683-32865-0014__to__7021-85628-0005.wav,/Users/davidmillard/Downloads/eval/freevc/target/5683-32865-0014_to_7021-85628-0005_target.flac,True,0.2883203625679016,3.903388500213623
811,our_SB_5,5683/32865/5683-32865-0016.flac,7729/102255/7729-102255-0007.flac,5683-32865-0016,7729-102255-0007,/Users/davidmillard/Downloads/eval/our_SB_5/5683-32865-0016__to__7729-102255-0007.wav,/Users/davidmillard/Downloads/eval/freevc/target/5683-32865-0016_to_7729-102255-0007_target.flac,True,0.2850125432014465,2.865571975708008
812,our_SB_5,5683/32866/5683-32866-0000.flac,4077/13754/4077-13754-0012.flac,5683-32866-0000,4077-13754-0012,/Users/davidmillard/Downloads/eval/our_SB_5/5683-32866-0000__to__4077-13754-0012.wav,/Users/davidmillard/Downloads/eval/freevc/target/5683-32866-0000_to_4077-13754-0012_target.flac,True,0.2551802694797516,2.631927967071533
813,our_SB_5,5683/32866/5683-32866-0002.flac,121/127105/121-127105-0023.flac,5683-32866-0002,121-127105-0023,/Users/davidmillard/Downloads/eval/our_SB_5/5683-32866-0002__to__121-127105-0023.wav,/Users/davidmillard/Downloads/eval/freevc/target/5683-32866-0002_to_121-127105-0023_target.flac,True,0.2572135329246521,2.7234346866607666
814,our_SB_5,5683/32866/5683-32866-0004.flac,2961/961/2961-961-0004.flac,5683-32866-0004,2961-961-0004,/Users/davidmillard/Downloads/eval/our_SB_5/5683-32866-0004__to__2961-961-0004.wav,/Users/davidmillard/Downloads/eval/freevc/target/5683-32866-0004_to_2961-961-0004_target.flac,True,0.2401824593544006,3.917776584625244
815,our_SB_5,5683/32866/5683-32866-0006.flac,3575/170457/3575-170457-0019.flac,5683-32866-0006,3575-170457-0019,/Users/davidmillard/Downloads/eval/our_SB_5/5683-32866-0006__to__3575-170457-0019.wav,/Users/davidmillard/Downloads/eval/freevc/target/5683-32866-0006_to_3575-170457-0019_target.flac,True,0.3272392451763153,2.880885601043701
816,our_SB_5,5683/32866/5683-32866-0008.flac,3729/6852/3729-6852-0022.flac,5683-32866-0008,3729-6852-0022,/Users/davidmillard/Downloads/eval/our_SB_5/5683-32866-0008__to__3729-6852-0022.wav,/Users/davidmillard/Downloads/eval/freevc/target/5683-32866-0008_to_3729-6852-0022_target.flac,True,0.3747318983078003,3.9531068801879883
817,our_SB_5,5683/32866/5683-32866-0010.flac,1995/1836/1995-1836-0003.flac,5683-32866-0010,1995-1836-0003,/Users/davidmillard/Downloads/eval/our_SB_5/5683-32866-0010__to__1995-1836-0003.wav,/Users/davidmillard/Downloads/eval/freevc/target/5683-32866-0010_to_1995-1836-0003_target.flac,True,0.1965700089931488,2.8950583934783936
818,our_SB_5,5683/32866/5683-32866-0012.flac,5105/28241/5105-28241-0019.flac,5683-32866-0012,5105-28241-0019,/Users/davidmillard/Downloads/eval/our_SB_5/5683-32866-0012__to__5105-28241-0019.wav,/Users/davidmillard/Downloads/eval/freevc/target/5683-32866-0012_to_5105-28241-0019_target.flac,True,0.4479658901691437,2.20328426361084
819,our_SB_5,5683/32866/5683-32866-0014.flac,2094/142345/2094-142345-0050.flac,5683-32866-0014,2094-142345-0050,/Users/davidmillard/Downloads/eval/our_SB_5/5683-32866-0014__to__2094-142345-0050.wav,/Users/davidmillard/Downloads/eval/freevc/target/5683-32866-0014_to_2094-142345-0050_target.flac,True,0.2276401817798614,2.834350824356079
820,our_SB_5,5683/32866/5683-32866-0016.flac,1221/135767/1221-135767-0020.flac,5683-32866-0016,1221-135767-0020,/Users/davidmillard/Downloads/eval/our_SB_5/5683-32866-0016__to__1221-135767-0020.wav,/Users/davidmillard/Downloads/eval/freevc/target/5683-32866-0016_to_1221-135767-0020_target.flac,True,0.3288998603820801,3.5089802742004395
821,our_SB_5,5683/32866/5683-32866-0018.flac,4077/13754/4077-13754-0016.flac,5683-32866-0018,4077-13754-0016,/Users/davidmillard/Downloads/eval/our_SB_5/5683-32866-0018__to__4077-13754-0016.wav,/Users/davidmillard/Downloads/eval/freevc/target/5683-32866-0018_to_4077-13754-0016_target.flac,True,0.2972722947597503,2.8898797035217285
822,our_SB_5,5683/32866/5683-32866-0020.flac,4970/29095/4970-29095-0038.flac,5683-32866-0020,4970-29095-0038,/Users/davidmillard/Downloads/eval/our_SB_5/5683-32866-0020__to__4970-29095-0038.wav,/Users/davidmillard/Downloads/eval/freevc/target/5683-32866-0020_to_4970-29095-0038_target.flac,True,0.3086284101009369,3.082247018814087
823,our_SB_5,5683/32866/5683-32866-0022.flac,8463/294825/8463-294825-0019.flac,5683-32866-0022,8463-294825-0019,/Users/davidmillard/Downloads/eval/our_SB_5/5683-32866-0022__to__8463-294825-0019.wav,/Users/davidmillard/Downloads/eval/freevc/target/5683-32866-0022_to_8463-294825-0019_target.flac,True,0.2714738249778747,3.2781972885131836
824,our_SB_5,5683/32866/5683-32866-0024.flac,1580/141083/1580-141083-0017.flac,5683-32866-0024,1580-141083-0017,/Users/davidmillard/Downloads/eval/our_SB_5/5683-32866-0024__to__1580-141083-0017.wav,/Users/davidmillard/Downloads/eval/freevc/target/5683-32866-0024_to_1580-141083-0017_target.flac,True,0.3057966530323028,3.0789997577667236
825,our_SB_5,5683/32866/5683-32866-0026.flac,4077/13751/4077-13751-0008.flac,5683-32866-0026,4077-13751-0008,/Users/davidmillard/Downloads/eval/our_SB_5/5683-32866-0026__to__4077-13751-0008.wav,/Users/davidmillard/Downloads/eval/freevc/target/5683-32866-0026_to_4077-13751-0008_target.flac,True,0.2096835523843765,2.9606807231903076
826,our_SB_5,5683/32866/5683-32866-0028.flac,2300/131720/2300-131720-0020.flac,5683-32866-0028,2300-131720-0020,/Users/davidmillard/Downloads/eval/our_SB_5/5683-32866-0028__to__2300-131720-0020.wav,/Users/davidmillard/Downloads/eval/freevc/target/5683-32866-0028_to_2300-131720-0020_target.flac,True,0.3075600564479828,3.0250089168548584
827,our_SB_5,5683/32866/5683-32866-0030.flac,61/70968/61-70968-0062.flac,5683-32866-0030,61-70968-0062,/Users/davidmillard/Downloads/eval/our_SB_5/5683-32866-0030__to__61-70968-0062.wav,/Users/davidmillard/Downloads/eval/freevc/target/5683-32866-0030_to_61-70968-0062_target.flac,True,0.397379606962204,3.034726858139038
828,our_SB_5,5683/32879/5683-32879-0001.flac,4077/13754/4077-13754-0004.flac,5683-32879-0001,4077-13754-0004,/Users/davidmillard/Downloads/eval/our_SB_5/5683-32879-0001__to__4077-13754-0004.wav,/Users/davidmillard/Downloads/eval/freevc/target/5683-32879-0001_to_4077-13754-0004_target.flac,True,0.3362880349159241,3.316354990005493
829,our_SB_5,5683/32879/5683-32879-0003.flac,1284/1181/1284-1181-0007.flac,5683-32879-0003,1284-1181-0007,/Users/davidmillard/Downloads/eval/our_SB_5/5683-32879-0003__to__1284-1181-0007.wav,/Users/davidmillard/Downloads/eval/freevc/target/5683-32879-0003_to_1284-1181-0007_target.flac,True,0.2133769690990448,3.1956279277801514
830,our_SB_5,5683/32879/5683-32879-0005.flac,7729/102255/7729-102255-0017.flac,5683-32879-0005,7729-102255-0017,/Users/davidmillard/Downloads/eval/our_SB_5/5683-32879-0005__to__7729-102255-0017.wav,/Users/davidmillard/Downloads/eval/freevc/target/5683-32879-0005_to_7729-102255-0017_target.flac,True,0.3278995752334595,2.6772830486297607
831,our_SB_5,5683/32879/5683-32879-0007.flac,7176/92135/7176-92135-0013.flac,5683-32879-0007,7176-92135-0013,/Users/davidmillard/Downloads/eval/our_SB_5/5683-32879-0007__to__7176-92135-0013.wav,/Users/davidmillard/Downloads/eval/freevc/target/5683-32879-0007_to_7176-92135-0013_target.flac,True,0.3101864159107208,3.524445056915283
832,our_SB_5,5683/32879/5683-32879-0009.flac,1320/122617/1320-122617-0029.flac,5683-32879-0009,1320-122617-0029,/Users/davidmillard/Downloads/eval/our_SB_5/5683-32879-0009__to__1320-122617-0029.wav,/Users/davidmillard/Downloads/eval/freevc/target/5683-32879-0009_to_1320-122617-0029_target.flac,True,0.383496344089508,3.623453140258789
833,our_SB_5,5683/32879/5683-32879-0011.flac,5105/28241/5105-28241-0018.flac,5683-32879-0011,5105-28241-0018,/Users/davidmillard/Downloads/eval/our_SB_5/5683-32879-0011__to__5105-28241-0018.wav,/Users/davidmillard/Downloads/eval/freevc/target/5683-32879-0011_to_5105-28241-0018_target.flac,True,0.3513621687889099,2.282649278640747
834,our_SB_5,5683/32879/5683-32879-0013.flac,8230/279154/8230-279154-0025.flac,5683-32879-0013,8230-279154-0025,/Users/davidmillard/Downloads/eval/our_SB_5/5683-32879-0013__to__8230-279154-0025.wav,/Users/davidmillard/Downloads/eval/freevc/target/5683-32879-0013_to_8230-279154-0025_target.flac,True,0.4490302801132202,2.9406282901763916
835,our_SB_5,5683/32879/5683-32879-0015.flac,2961/961/2961-961-0008.flac,5683-32879-0015,2961-961-0008,/Users/davidmillard/Downloads/eval/our_SB_5/5683-32879-0015__to__2961-961-0008.wav,/Users/davidmillard/Downloads/eval/freevc/target/5683-32879-0015_to_2961-961-0008_target.flac,True,0.1183053702116012,2.2429604530334473
836,our_SB_5,5683/32879/5683-32879-0017.flac,4446/2273/4446-2273-0018.flac,5683-32879-0017,4446-2273-0018,/Users/davidmillard/Downloads/eval/our_SB_5/5683-32879-0017__to__4446-2273-0018.wav,/Users/davidmillard/Downloads/eval/freevc/target/5683-32879-0017_to_4446-2273-0018_target.flac,True,0.1388817131519317,2.7981958389282227
837,our_SB_5,5683/32879/5683-32879-0019.flac,8463/294828/8463-294828-0027.flac,5683-32879-0019,8463-294828-0027,/Users/davidmillard/Downloads/eval/our_SB_5/5683-32879-0019__to__8463-294828-0027.wav,/Users/davidmillard/Downloads/eval/freevc/target/5683-32879-0019_to_8463-294828-0027_target.flac,True,0.2131398916244506,3.3497707843780518
838,our_SB_5,5683/32879/5683-32879-0021.flac,1221/135766/1221-135766-0002.flac,5683-32879-0021,1221-135766-0002,/Users/davidmillard/Downloads/eval/our_SB_5/5683-32879-0021__to__1221-135766-0002.wav,/Users/davidmillard/Downloads/eval/freevc/target/5683-32879-0021_to_1221-135766-0002_target.flac,True,0.3277109563350677,3.7851133346557617
839,our_SB_5,5683/32879/5683-32879-0023.flac,7021/79730/7021-79730-0001.flac,5683-32879-0023,7021-79730-0001,/Users/davidmillard/Downloads/eval/our_SB_5/5683-32879-0023__to__7021-79730-0001.wav,/Users/davidmillard/Downloads/eval/freevc/target/5683-32879-0023_to_7021-79730-0001_target.flac,True,0.2416314780712127,3.7016384601593018
840,our_SB_5,5683/32879/5683-32879-0025.flac,6930/81414/6930-81414-0008.flac,5683-32879-0025,6930-81414-0008,/Users/davidmillard/Downloads/eval/our_SB_5/5683-32879-0025__to__6930-81414-0008.wav,/Users/davidmillard/Downloads/eval/freevc/target/5683-32879-0025_to_6930-81414-0008_target.flac,True,0.3082849979400635,3.249075412750244
841,our_SB_5,61/70968/61-70968-0001.flac,2830/3980/2830-3980-0075.flac,61-70968-0001,2830-3980-0075,/Users/davidmillard/Downloads/eval/our_SB_5/61-70968-0001__to__2830-3980-0075.wav,/Users/davidmillard/Downloads/eval/freevc/target/61-70968-0001_to_2830-3980-0075_target.flac,True,0.2474592626094818,3.5413224697113037
842,our_SB_5,61/70968/61-70968-0003.flac,4507/16021/4507-16021-0010.flac,61-70968-0003,4507-16021-0010,/Users/davidmillard/Downloads/eval/our_SB_5/61-70968-0003__to__4507-16021-0010.wav,/Users/davidmillard/Downloads/eval/freevc/target/61-70968-0003_to_4507-16021-0010_target.flac,True,0.3935306966304779,3.2950656414031982
843,our_SB_5,61/70968/61-70968-0005.flac,5142/33396/5142-33396-0032.flac,61-70968-0005,5142-33396-0032,/Users/davidmillard/Downloads/eval/our_SB_5/61-70968-0005__to__5142-33396-0032.wav,/Users/davidmillard/Downloads/eval/freevc/target/61-70968-0005_to_5142-33396-0032_target.flac,True,0.2279501855373382,2.731618881225586
844,our_SB_5,61/70968/61-70968-0007.flac,237/126133/237-126133-0006.flac,61-70968-0007,237-126133-0006,/Users/davidmillard/Downloads/eval/our_SB_5/61-70968-0007__to__237-126133-0006.wav,/Users/davidmillard/Downloads/eval/freevc/target/61-70968-0007_to_237-126133-0006_target.flac,True,0.2514204084873199,2.250880241394043
845,our_SB_5,61/70968/61-70968-0009.flac,3570/5695/3570-5695-0004.flac,61-70968-0009,3570-5695-0004,/Users/davidmillard/Downloads/eval/our_SB_5/61-70968-0009__to__3570-5695-0004.wav,/Users/davidmillard/Downloads/eval/freevc/target/61-70968-0009_to_3570-5695-0004_target.flac,True,0.2708995938301086,3.237022876739502
846,our_SB_5,61/70968/61-70968-0011.flac,1580/141083/1580-141083-0000.flac,61-70968-0011,1580-141083-0000,/Users/davidmillard/Downloads/eval/our_SB_5/61-70968-0011__to__1580-141083-0000.wav,/Users/davidmillard/Downloads/eval/freevc/target/61-70968-0011_to_1580-141083-0000_target.flac,True,0.3129325807094574,3.2114787101745605
847,our_SB_5,61/70968/61-70968-0013.flac,1284/1180/1284-1180-0008.flac,61-70968-0013,1284-1180-0008,/Users/davidmillard/Downloads/eval/our_SB_5/61-70968-0013__to__1284-1180-0008.wav,/Users/davidmillard/Downloads/eval/freevc/target/61-70968-0013_to_1284-1180-0008_target.flac,True,0.3730107545852661,3.5787887573242188
848,our_SB_5,61/70968/61-70968-0015.flac,8224/274384/8224-274384-0010.flac,61-70968-0015,8224-274384-0010,/Users/davidmillard/Downloads/eval/our_SB_5/61-70968-0015__to__8224-274384-0010.wav,/Users/davidmillard/Downloads/eval/freevc/target/61-70968-0015_to_8224-274384-0010_target.flac,True,0.1363971680402755,2.5720601081848145
849,our_SB_5,61/70968/61-70968-0017.flac,4992/41806/4992-41806-0008.flac,61-70968-0017,4992-41806-0008,/Users/davidmillard/Downloads/eval/our_SB_5/61-70968-0017__to__4992-41806-0008.wav,/Users/davidmillard/Downloads/eval/freevc/target/61-70968-0017_to_4992-41806-0008_target.flac,True,0.269097238779068,3.5560970306396484
850,our_SB_5,61/70968/61-70968-0019.flac,2094/142345/2094-142345-0030.flac,61-70968-0019,2094-142345-0030,/Users/davidmillard/Downloads/eval/our_SB_5/61-70968-0019__to__2094-142345-0030.wav,/Users/davidmillard/Downloads/eval/freevc/target/61-70968-0019_to_2094-142345-0030_target.flac,True,0.4465513825416565,3.255443811416626
851,our_SB_5,61/70968/61-70968-0021.flac,5639/40744/5639-40744-0005.flac,61-70968-0021,5639-40744-0005,/Users/davidmillard/Downloads/eval/our_SB_5/61-70968-0021__to__5639-40744-0005.wav,/Users/davidmillard/Downloads/eval/freevc/target/61-70968-0021_to_5639-40744-0005_target.flac,True,0.2085618674755096,2.492725372314453
852,our_SB_5,61/70968/61-70968-0023.flac,4970/29093/4970-29093-0023.flac,61-70968-0023,4970-29093-0023,/Users/davidmillard/Downloads/eval/our_SB_5/61-70968-0023__to__4970-29093-0023.wav,/Users/davidmillard/Downloads/eval/freevc/target/61-70968-0023_to_4970-29093-0023_target.flac,True,0.1709652990102768,2.983407974243164
853,our_SB_5,61/70968/61-70968-0025.flac,5639/40744/5639-40744-0008.flac,61-70968-0025,5639-40744-0008,/Users/davidmillard/Downloads/eval/our_SB_5/61-70968-0025__to__5639-40744-0008.wav,/Users/davidmillard/Downloads/eval/freevc/target/61-70968-0025_to_5639-40744-0008_target.flac,True,0.2326820790767669,2.7418136596679688
854,our_SB_5,61/70968/61-70968-0027.flac,8224/274381/8224-274381-0000.flac,61-70968-0027,8224-274381-0000,/Users/davidmillard/Downloads/eval/our_SB_5/61-70968-0027__to__8224-274381-0000.wav,/Users/davidmillard/Downloads/eval/freevc/target/61-70968-0027_to_8224-274381-0000_target.flac,True,0.2696123719215393,2.8118278980255127
855,our_SB_5,61/70968/61-70968-0029.flac,5105/28241/5105-28241-0010.flac,61-70968-0029,5105-28241-0010,/Users/davidmillard/Downloads/eval/our_SB_5/61-70968-0029__to__5105-28241-0010.wav,/Users/davidmillard/Downloads/eval/freevc/target/61-70968-0029_to_5105-28241-0010_target.flac,True,0.3332056403160095,3.214595079421997
856,our_SB_5,61/70968/61-70968-0031.flac,2300/131720/2300-131720-0026.flac,61-70968-0031,2300-131720-0026,/Users/davidmillard/Downloads/eval/our_SB_5/61-70968-0031__to__2300-131720-0026.wav,/Users/davidmillard/Downloads/eval/freevc/target/61-70968-0031_to_2300-131720-0026_target.flac,True,0.3183152675628662,2.3484106063842773
857,our_SB_5,61/70968/61-70968-0033.flac,1320/122617/1320-122617-0040.flac,61-70968-0033,1320-122617-0040,/Users/davidmillard/Downloads/eval/our_SB_5/61-70968-0033__to__1320-122617-0040.wav,/Users/davidmillard/Downloads/eval/freevc/target/61-70968-0033_to_1320-122617-0040_target.flac,True,0.4265227913856506,3.162499189376831
858,our_SB_5,61/70968/61-70968-0035.flac,1995/1837/1995-1837-0007.flac,61-70968-0035,1995-1837-0007,/Users/davidmillard/Downloads/eval/our_SB_5/61-70968-0035__to__1995-1837-0007.wav,/Users/davidmillard/Downloads/eval/freevc/target/61-70968-0035_to_1995-1837-0007_target.flac,True,0.3108297288417816,2.911303997039795
859,our_SB_5,61/70968/61-70968-0037.flac,4970/29095/4970-29095-0026.flac,61-70968-0037,4970-29095-0026,/Users/davidmillard/Downloads/eval/our_SB_5/61-70968-0037__to__4970-29095-0026.wav,/Users/davidmillard/Downloads/eval/freevc/target/61-70968-0037_to_4970-29095-0026_target.flac,True,0.3341321349143982,3.334773540496826
860,our_SB_5,61/70968/61-70968-0039.flac,4077/13751/4077-13751-0005.flac,61-70968-0039,4077-13751-0005,/Users/davidmillard/Downloads/eval/our_SB_5/61-70968-0039__to__4077-13751-0005.wav,/Users/davidmillard/Downloads/eval/freevc/target/61-70968-0039_to_4077-13751-0005_target.flac,True,0.5296670198440552,3.5477068424224854
861,our_SB_5,61/70968/61-70968-0041.flac,908/31957/908-31957-0007.flac,61-70968-0041,908-31957-0007,/Users/davidmillard/Downloads/eval/our_SB_5/61-70968-0041__to__908-31957-0007.wav,/Users/davidmillard/Downloads/eval/freevc/target/61-70968-0041_to_908-31957-0007_target.flac,True,0.2411669194698333,2.5736513137817383
862,our_SB_5,61/70968/61-70968-0043.flac,1188/133604/1188-133604-0042.flac,61-70968-0043,1188-133604-0042,/Users/davidmillard/Downloads/eval/our_SB_5/61-70968-0043__to__1188-133604-0042.wav,/Users/davidmillard/Downloads/eval/freevc/target/61-70968-0043_to_1188-133604-0042_target.flac,True,0.4114782214164734,3.052680015563965
863,our_SB_5,61/70968/61-70968-0045.flac,8224/274381/8224-274381-0012.flac,61-70968-0045,8224-274381-0012,/Users/davidmillard/Downloads/eval/our_SB_5/61-70968-0045__to__8224-274381-0012.wav,/Users/davidmillard/Downloads/eval/freevc/target/61-70968-0045_to_8224-274381-0012_target.flac,True,-0.010070133022964,3.289560317993164
864,our_SB_5,61/70968/61-70968-0047.flac,1221/135766/1221-135766-0015.flac,61-70968-0047,1221-135766-0015,/Users/davidmillard/Downloads/eval/our_SB_5/61-70968-0047__to__1221-135766-0015.wav,/Users/davidmillard/Downloads/eval/freevc/target/61-70968-0047_to_1221-135766-0015_target.flac,True,0.2678598761558532,3.1329288482666016
865,our_SB_5,61/70968/61-70968-0049.flac,1995/1836/1995-1836-0003.flac,61-70968-0049,1995-1836-0003,/Users/davidmillard/Downloads/eval/our_SB_5/61-70968-0049__to__1995-1836-0003.wav,/Users/davidmillard/Downloads/eval/freevc/target/61-70968-0049_to_1995-1836-0003_target.flac,True,0.1692813038825988,2.696739912033081
866,our_SB_5,61/70968/61-70968-0051.flac,8224/274381/8224-274381-0000.flac,61-70968-0051,8224-274381-0000,/Users/davidmillard/Downloads/eval/our_SB_5/61-70968-0051__to__8224-274381-0000.wav,/Users/davidmillard/Downloads/eval/freevc/target/61-70968-0051_to_8224-274381-0000_target.flac,True,0.0983619093894958,2.88230562210083
867,our_SB_5,61/70968/61-70968-0053.flac,2094/142345/2094-142345-0024.flac,61-70968-0053,2094-142345-0024,/Users/davidmillard/Downloads/eval/our_SB_5/61-70968-0053__to__2094-142345-0024.wav,/Users/davidmillard/Downloads/eval/freevc/target/61-70968-0053_to_2094-142345-0024_target.flac,True,0.1679007709026336,3.383546829223633
868,our_SB_5,61/70968/61-70968-0055.flac,5142/36377/5142-36377-0000.flac,61-70968-0055,5142-36377-0000,/Users/davidmillard/Downloads/eval/our_SB_5/61-70968-0055__to__5142-36377-0000.wav,/Users/davidmillard/Downloads/eval/freevc/target/61-70968-0055_to_5142-36377-0000_target.flac,True,0.3019855916500091,2.6663870811462402
869,our_SB_5,61/70968/61-70968-0057.flac,1284/1180/1284-1180-0001.flac,61-70968-0057,1284-1180-0001,/Users/davidmillard/Downloads/eval/our_SB_5/61-70968-0057__to__1284-1180-0001.wav,/Users/davidmillard/Downloads/eval/freevc/target/61-70968-0057_to_1284-1180-0001_target.flac,True,0.3294804990291595,2.549412250518799
870,our_SB_5,61/70968/61-70968-0059.flac,1089/134686/1089-134686-0033.flac,61-70968-0059,1089-134686-0033,/Users/davidmillard/Downloads/eval/our_SB_5/61-70968-0059__to__1089-134686-0033.wav,/Users/davidmillard/Downloads/eval/freevc/target/61-70968-0059_to_1089-134686-0033_target.flac,True,0.4238582849502563,3.1859655380249023
871,our_SB_5,61/70968/61-70968-0061.flac,1221/135767/1221-135767-0009.flac,61-70968-0061,1221-135767-0009,/Users/davidmillard/Downloads/eval/our_SB_5/61-70968-0061__to__1221-135767-0009.wav,/Users/davidmillard/Downloads/eval/freevc/target/61-70968-0061_to_1221-135767-0009_target.flac,True,0.3355609774589538,2.719207763671875
872,our_SB_5,61/70970/61-70970-0000.flac,7729/102255/7729-102255-0026.flac,61-70970-0000,7729-102255-0026,/Users/davidmillard/Downloads/eval/our_SB_5/61-70970-0000__to__7729-102255-0026.wav,/Users/davidmillard/Downloads/eval/freevc/target/61-70970-0000_to_7729-102255-0026_target.flac,True,0.4930576682090759,3.2875328063964844
873,our_SB_5,61/70970/61-70970-0002.flac,5683/32865/5683-32865-0010.flac,61-70970-0002,5683-32865-0010,/Users/davidmillard/Downloads/eval/our_SB_5/61-70970-0002__to__5683-32865-0010.wav,/Users/davidmillard/Downloads/eval/freevc/target/61-70970-0002_to_5683-32865-0010_target.flac,True,0.4184609353542328,3.2410998344421387
874,our_SB_5,61/70970/61-70970-0004.flac,2300/131720/2300-131720-0017.flac,61-70970-0004,2300-131720-0017,/Users/davidmillard/Downloads/eval/our_SB_5/61-70970-0004__to__2300-131720-0017.wav,/Users/davidmillard/Downloads/eval/freevc/target/61-70970-0004_to_2300-131720-0017_target.flac,True,0.2940536737442016,3.1478934288024902
875,our_SB_5,61/70970/61-70970-0006.flac,1320/122617/1320-122617-0015.flac,61-70970-0006,1320-122617-0015,/Users/davidmillard/Downloads/eval/our_SB_5/61-70970-0006__to__1320-122617-0015.wav,/Users/davidmillard/Downloads/eval/freevc/target/61-70970-0006_to_1320-122617-0015_target.flac,True,0.2765126824378967,2.7480056285858154
876,our_SB_5,61/70970/61-70970-0008.flac,8230/279154/8230-279154-0020.flac,61-70970-0008,8230-279154-0020,/Users/davidmillard/Downloads/eval/our_SB_5/61-70970-0008__to__8230-279154-0020.wav,/Users/davidmillard/Downloads/eval/freevc/target/61-70970-0008_to_8230-279154-0020_target.flac,True,0.2826620936393738,3.3977389335632324
877,our_SB_5,61/70970/61-70970-0010.flac,4507/16021/4507-16021-0044.flac,61-70970-0010,4507-16021-0044,/Users/davidmillard/Downloads/eval/our_SB_5/61-70970-0010__to__4507-16021-0044.wav,/Users/davidmillard/Downloads/eval/freevc/target/61-70970-0010_to_4507-16021-0044_target.flac,True,0.2920935451984405,3.38940167427063
878,our_SB_5,61/70970/61-70970-0012.flac,1221/135766/1221-135766-0015.flac,61-70970-0012,1221-135766-0015,/Users/davidmillard/Downloads/eval/our_SB_5/61-70970-0012__to__1221-135766-0015.wav,/Users/davidmillard/Downloads/eval/freevc/target/61-70970-0012_to_1221-135766-0015_target.flac,True,0.2398705184459686,2.1740691661834717
879,our_SB_5,61/70970/61-70970-0014.flac,1995/1837/1995-1837-0016.flac,61-70970-0014,1995-1837-0016,/Users/davidmillard/Downloads/eval/our_SB_5/61-70970-0014__to__1995-1837-0016.wav,/Users/davidmillard/Downloads/eval/freevc/target/61-70970-0014_to_1995-1837-0016_target.flac,True,0.2184929847717285,3.1751065254211426
880,our_SB_5,61/70970/61-70970-0016.flac,4507/16021/4507-16021-0042.flac,61-70970-0016,4507-16021-0042,/Users/davidmillard/Downloads/eval/our_SB_5/61-70970-0016__to__4507-16021-0042.wav,/Users/davidmillard/Downloads/eval/freevc/target/61-70970-0016_to_4507-16021-0042_target.flac,True,0.3548932671546936,3.744483232498169
881,our_SB_5,61/70970/61-70970-0018.flac,1089/134686/1089-134686-0017.flac,61-70970-0018,1089-134686-0017,/Users/davidmillard/Downloads/eval/our_SB_5/61-70970-0018__to__1089-134686-0017.wav,/Users/davidmillard/Downloads/eval/freevc/target/61-70970-0018_to_1089-134686-0017_target.flac,True,0.2928888201713562,3.2527987957000732
882,our_SB_5,61/70970/61-70970-0020.flac,7176/92135/7176-92135-0016.flac,61-70970-0020,7176-92135-0016,/Users/davidmillard/Downloads/eval/our_SB_5/61-70970-0020__to__7176-92135-0016.wav,/Users/davidmillard/Downloads/eval/freevc/target/61-70970-0020_to_7176-92135-0016_target.flac,True,0.4620973169803619,2.2966012954711914
883,our_SB_5,61/70970/61-70970-0022.flac,237/134500/237-134500-0002.flac,61-70970-0022,237-134500-0002,/Users/davidmillard/Downloads/eval/our_SB_5/61-70970-0022__to__237-134500-0002.wav,/Users/davidmillard/Downloads/eval/freevc/target/61-70970-0022_to_237-134500-0002_target.flac,True,0.384545624256134,2.8360815048217773
884,our_SB_5,61/70970/61-70970-0024.flac,4077/13751/4077-13751-0007.flac,61-70970-0024,4077-13751-0007,/Users/davidmillard/Downloads/eval/our_SB_5/61-70970-0024__to__4077-13751-0007.wav,/Users/davidmillard/Downloads/eval/freevc/target/61-70970-0024_to_4077-13751-0007_target.flac,True,0.4370426535606384,3.3315110206604004
885,our_SB_5,61/70970/61-70970-0026.flac,6829/68769/6829-68769-0034.flac,61-70970-0026,6829-68769-0034,/Users/davidmillard/Downloads/eval/our_SB_5/61-70970-0026__to__6829-68769-0034.wav,/Users/davidmillard/Downloads/eval/freevc/target/61-70970-0026_to_6829-68769-0034_target.flac,True,0.3620615601539612,3.253499746322632
886,our_SB_5,61/70970/61-70970-0028.flac,3729/6852/3729-6852-0045.flac,61-70970-0028,3729-6852-0045,/Users/davidmillard/Downloads/eval/our_SB_5/61-70970-0028__to__3729-6852-0045.wav,/Users/davidmillard/Downloads/eval/freevc/target/61-70970-0028_to_3729-6852-0045_target.flac,True,0.3553364276885986,3.4128308296203613
887,our_SB_5,61/70970/61-70970-0030.flac,7176/92135/7176-92135-0030.flac,61-70970-0030,7176-92135-0030,/Users/davidmillard/Downloads/eval/our_SB_5/61-70970-0030__to__7176-92135-0030.wav,/Users/davidmillard/Downloads/eval/freevc/target/61-70970-0030_to_7176-92135-0030_target.flac,True,0.3349345922470093,2.9443373680114746
888,our_SB_5,61/70970/61-70970-0032.flac,1221/135767/1221-135767-0015.flac,61-70970-0032,1221-135767-0015,/Users/davidmillard/Downloads/eval/our_SB_5/61-70970-0032__to__1221-135767-0015.wav,/Users/davidmillard/Downloads/eval/freevc/target/61-70970-0032_to_1221-135767-0015_target.flac,True,0.2177645415067672,3.5623064041137695
889,our_SB_5,61/70970/61-70970-0034.flac,5142/33396/5142-33396-0020.flac,61-70970-0034,5142-33396-0020,/Users/davidmillard/Downloads/eval/our_SB_5/61-70970-0034__to__5142-33396-0020.wav,/Users/davidmillard/Downloads/eval/freevc/target/61-70970-0034_to_5142-33396-0020_target.flac,True,0.2988354563713074,2.6618003845214844
890,our_SB_5,61/70970/61-70970-0036.flac,8463/287645/8463-287645-0014.flac,61-70970-0036,8463-287645-0014,/Users/davidmillard/Downloads/eval/our_SB_5/61-70970-0036__to__8463-287645-0014.wav,/Users/davidmillard/Downloads/eval/freevc/target/61-70970-0036_to_8463-287645-0014_target.flac,True,0.1433151364326477,2.815619468688965
891,our_SB_5,61/70970/61-70970-0038.flac,7729/102255/7729-102255-0000.flac,61-70970-0038,7729-102255-0000,/Users/davidmillard/Downloads/eval/our_SB_5/61-70970-0038__to__7729-102255-0000.wav,/Users/davidmillard/Downloads/eval/freevc/target/61-70970-0038_to_7729-102255-0000_target.flac,True,0.3888529539108276,2.971864700317383
892,our_SB_5,61/70970/61-70970-0040.flac,1089/134686/1089-134686-0031.flac,61-70970-0040,1089-134686-0031,/Users/davidmillard/Downloads/eval/our_SB_5/61-70970-0040__to__1089-134686-0031.wav,/Users/davidmillard/Downloads/eval/freevc/target/61-70970-0040_to_1089-134686-0031_target.flac,True,0.3811531364917755,3.447171211242676
893,our_SB_5,672/122797/672-122797-0001.flac,5142/33396/5142-33396-0049.flac,672-122797-0001,5142-33396-0049,/Users/davidmillard/Downloads/eval/our_SB_5/672-122797-0001__to__5142-33396-0049.wav,/Users/davidmillard/Downloads/eval/freevc/target/672-122797-0001_to_5142-33396-0049_target.flac,True,0.279736578464508,3.1681177616119385
894,our_SB_5,672/122797/672-122797-0003.flac,121/127105/121-127105-0010.flac,672-122797-0003,121-127105-0010,/Users/davidmillard/Downloads/eval/our_SB_5/672-122797-0003__to__121-127105-0010.wav,/Users/davidmillard/Downloads/eval/freevc/target/672-122797-0003_to_121-127105-0010_target.flac,True,0.3148427009582519,2.2909860610961914
895,our_SB_5,672/122797/672-122797-0005.flac,4970/29093/4970-29093-0015.flac,672-122797-0005,4970-29093-0015,/Users/davidmillard/Downloads/eval/our_SB_5/672-122797-0005__to__4970-29093-0015.wav,/Users/davidmillard/Downloads/eval/freevc/target/672-122797-0005_to_4970-29093-0015_target.flac,True,0.2350309789180755,2.7656586170196533
896,our_SB_5,672/122797/672-122797-0007.flac,4970/29093/4970-29093-0017.flac,672-122797-0007,4970-29093-0017,/Users/davidmillard/Downloads/eval/our_SB_5/672-122797-0007__to__4970-29093-0017.wav,/Users/davidmillard/Downloads/eval/freevc/target/672-122797-0007_to_4970-29093-0017_target.flac,True,0.2145695090293884,3.238089084625244
897,our_SB_5,672/122797/672-122797-0009.flac,5142/33396/5142-33396-0015.flac,672-122797-0009,5142-33396-0015,/Users/davidmillard/Downloads/eval/our_SB_5/672-122797-0009__to__5142-33396-0015.wav,/Users/davidmillard/Downloads/eval/freevc/target/672-122797-0009_to_5142-33396-0015_target.flac,True,-0.0212869755923748,3.0062801837921143
898,our_SB_5,672/122797/672-122797-0011.flac,1221/135766/1221-135766-0011.flac,672-122797-0011,1221-135766-0011,/Users/davidmillard/Downloads/eval/our_SB_5/672-122797-0011__to__1221-135766-0011.wav,/Users/davidmillard/Downloads/eval/freevc/target/672-122797-0011_to_1221-135766-0011_target.flac,True,0.193153515458107,1.4657913446426392
899,our_SB_5,672/122797/672-122797-0013.flac,121/127105/121-127105-0036.flac,672-122797-0013,121-127105-0036,/Users/davidmillard/Downloads/eval/our_SB_5/672-122797-0013__to__121-127105-0036.wav,/Users/davidmillard/Downloads/eval/freevc/target/672-122797-0013_to_121-127105-0036_target.flac,True,0.1313823610544204,2.2195985317230225
900,our_SB_5,672/122797/672-122797-0015.flac,7021/85628/7021-85628-0024.flac,672-122797-0015,7021-85628-0024,/Users/davidmillard/Downloads/eval/our_SB_5/672-122797-0015__to__7021-85628-0024.wav,/Users/davidmillard/Downloads/eval/freevc/target/672-122797-0015_to_7021-85628-0024_target.flac,True,0.1246139034628868,2.6762588024139404
901,our_SB_5,672/122797/672-122797-0017.flac,4507/16021/4507-16021-0020.flac,672-122797-0017,4507-16021-0020,/Users/davidmillard/Downloads/eval/our_SB_5/672-122797-0017__to__4507-16021-0020.wav,/Users/davidmillard/Downloads/eval/freevc/target/672-122797-0017_to_4507-16021-0020_target.flac,True,0.2827870845794678,1.8413569927215576
902,our_SB_5,672/122797/672-122797-0019.flac,7021/79730/7021-79730-0000.flac,672-122797-0019,7021-79730-0000,/Users/davidmillard/Downloads/eval/our_SB_5/672-122797-0019__to__7021-79730-0000.wav,/Users/davidmillard/Downloads/eval/freevc/target/672-122797-0019_to_7021-79730-0000_target.flac,True,0.1830148100852966,2.443544864654541
903,our_SB_5,672/122797/672-122797-0021.flac,4446/2275/4446-2275-0010.flac,672-122797-0021,4446-2275-0010,/Users/davidmillard/Downloads/eval/our_SB_5/672-122797-0021__to__4446-2275-0010.wav,/Users/davidmillard/Downloads/eval/freevc/target/672-122797-0021_to_4446-2275-0010_target.flac,True,0.112200066447258,3.743678569793701
904,our_SB_5,672/122797/672-122797-0023.flac,3575/170457/3575-170457-0029.flac,672-122797-0023,3575-170457-0029,/Users/davidmillard/Downloads/eval/our_SB_5/672-122797-0023__to__3575-170457-0029.wav,/Users/davidmillard/Downloads/eval/freevc/target/672-122797-0023_to_3575-170457-0029_target.flac,True,0.4009321331977844,3.083200216293335
905,our_SB_5,672/122797/672-122797-0025.flac,7176/88083/7176-88083-0025.flac,672-122797-0025,7176-88083-0025,/Users/davidmillard/Downloads/eval/our_SB_5/672-122797-0025__to__7176-88083-0025.wav,/Users/davidmillard/Downloads/eval/freevc/target/672-122797-0025_to_7176-88083-0025_target.flac,True,0.2127705961465835,3.017031669616699
906,our_SB_5,672/122797/672-122797-0027.flac,2300/131720/2300-131720-0000.flac,672-122797-0027,2300-131720-0000,/Users/davidmillard/Downloads/eval/our_SB_5/672-122797-0027__to__2300-131720-0000.wav,/Users/davidmillard/Downloads/eval/freevc/target/672-122797-0027_to_2300-131720-0000_target.flac,True,0.5081844329833984,3.195971965789795
907,our_SB_5,672/122797/672-122797-0029.flac,3570/5695/3570-5695-0011.flac,672-122797-0029,3570-5695-0011,/Users/davidmillard/Downloads/eval/our_SB_5/672-122797-0029__to__3570-5695-0011.wav,/Users/davidmillard/Downloads/eval/freevc/target/672-122797-0029_to_3570-5695-0011_target.flac,True,0.1590598076581955,2.672762393951416
908,our_SB_5,672/122797/672-122797-0031.flac,1089/134691/1089-134691-0004.flac,672-122797-0031,1089-134691-0004,/Users/davidmillard/Downloads/eval/our_SB_5/672-122797-0031__to__1089-134691-0004.wav,/Users/davidmillard/Downloads/eval/freevc/target/672-122797-0031_to_1089-134691-0004_target.flac,True,0.3244912028312683,2.215120315551758
909,our_SB_5,672/122797/672-122797-0033.flac,4507/16021/4507-16021-0006.flac,672-122797-0033,4507-16021-0006,/Users/davidmillard/Downloads/eval/our_SB_5/672-122797-0033__to__4507-16021-0006.wav,/Users/davidmillard/Downloads/eval/freevc/target/672-122797-0033_to_4507-16021-0006_target.flac,True,0.2576008439064026,2.160923480987549
910,our_SB_5,672/122797/672-122797-0035.flac,3575/170457/3575-170457-0026.flac,672-122797-0035,3575-170457-0026,/Users/davidmillard/Downloads/eval/our_SB_5/672-122797-0035__to__3575-170457-0026.wav,/Users/davidmillard/Downloads/eval/freevc/target/672-122797-0035_to_3575-170457-0026_target.flac,True,0.2052419185638427,2.793728828430176
911,our_SB_5,672/122797/672-122797-0037.flac,2300/131720/2300-131720-0017.flac,672-122797-0037,2300-131720-0017,/Users/davidmillard/Downloads/eval/our_SB_5/672-122797-0037__to__2300-131720-0017.wav,/Users/davidmillard/Downloads/eval/freevc/target/672-122797-0037_to_2300-131720-0017_target.flac,True,0.1236084848642349,3.2709267139434814
912,our_SB_5,672/122797/672-122797-0039.flac,3570/5695/3570-5695-0010.flac,672-122797-0039,3570-5695-0010,/Users/davidmillard/Downloads/eval/our_SB_5/672-122797-0039__to__3570-5695-0010.wav,/Users/davidmillard/Downloads/eval/freevc/target/672-122797-0039_to_3570-5695-0010_target.flac,True,0.2757526040077209,2.3375930786132812
913,our_SB_5,672/122797/672-122797-0041.flac,5142/33396/5142-33396-0058.flac,672-122797-0041,5142-33396-0058,/Users/davidmillard/Downloads/eval/our_SB_5/672-122797-0041__to__5142-33396-0058.wav,/Users/davidmillard/Downloads/eval/freevc/target/672-122797-0041_to_5142-33396-0058_target.flac,True,0.1080930158495903,3.8183701038360596
914,our_SB_5,672/122797/672-122797-0043.flac,1580/141084/1580-141084-0010.flac,672-122797-0043,1580-141084-0010,/Users/davidmillard/Downloads/eval/our_SB_5/672-122797-0043__to__1580-141084-0010.wav,/Users/davidmillard/Downloads/eval/freevc/target/672-122797-0043_to_1580-141084-0010_target.flac,True,0.2722604870796203,2.2038450241088867
915,our_SB_5,672/122797/672-122797-0045.flac,5683/32865/5683-32865-0009.flac,672-122797-0045,5683-32865-0009,/Users/davidmillard/Downloads/eval/our_SB_5/672-122797-0045__to__5683-32865-0009.wav,/Users/davidmillard/Downloads/eval/freevc/target/672-122797-0045_to_5683-32865-0009_target.flac,True,0.4349090158939361,3.152592897415161
916,our_SB_5,672/122797/672-122797-0047.flac,1221/135767/1221-135767-0011.flac,672-122797-0047,1221-135767-0011,/Users/davidmillard/Downloads/eval/our_SB_5/672-122797-0047__to__1221-135767-0011.wav,/Users/davidmillard/Downloads/eval/freevc/target/672-122797-0047_to_1221-135767-0011_target.flac,True,0.1305640637874603,2.4993529319763184
917,our_SB_5,672/122797/672-122797-0049.flac,4446/2273/4446-2273-0008.flac,672-122797-0049,4446-2273-0008,/Users/davidmillard/Downloads/eval/our_SB_5/672-122797-0049__to__4446-2273-0008.wav,/Users/davidmillard/Downloads/eval/freevc/target/672-122797-0049_to_4446-2273-0008_target.flac,True,0.0971113294363021,1.567537546157837
918,our_SB_5,672/122797/672-122797-0051.flac,5683/32866/5683-32866-0023.flac,672-122797-0051,5683-32866-0023,/Users/davidmillard/Downloads/eval/our_SB_5/672-122797-0051__to__5683-32866-0023.wav,/Users/davidmillard/Downloads/eval/freevc/target/672-122797-0051_to_5683-32866-0023_target.flac,True,0.0809912160038948,1.391871690750122
919,our_SB_5,672/122797/672-122797-0053.flac,4077/13751/4077-13751-0014.flac,672-122797-0053,4077-13751-0014,/Users/davidmillard/Downloads/eval/our_SB_5/672-122797-0053__to__4077-13751-0014.wav,/Users/davidmillard/Downloads/eval/freevc/target/672-122797-0053_to_4077-13751-0014_target.flac,True,0.2102616876363754,3.3848373889923096
920,our_SB_5,672/122797/672-122797-0055.flac,2830/3980/2830-3980-0004.flac,672-122797-0055,2830-3980-0004,/Users/davidmillard/Downloads/eval/our_SB_5/672-122797-0055__to__2830-3980-0004.wav,/Users/davidmillard/Downloads/eval/freevc/target/672-122797-0055_to_2830-3980-0004_target.flac,True,0.2554078698158264,3.0766496658325195
921,our_SB_5,672/122797/672-122797-0057.flac,2300/131720/2300-131720-0006.flac,672-122797-0057,2300-131720-0006,/Users/davidmillard/Downloads/eval/our_SB_5/672-122797-0057__to__2300-131720-0006.wav,/Users/davidmillard/Downloads/eval/freevc/target/672-122797-0057_to_2300-131720-0006_target.flac,True,0.3566165864467621,2.8764424324035645
922,our_SB_5,672/122797/672-122797-0059.flac,7021/79740/7021-79740-0010.flac,672-122797-0059,7021-79740-0010,/Users/davidmillard/Downloads/eval/our_SB_5/672-122797-0059__to__7021-79740-0010.wav,/Users/davidmillard/Downloads/eval/freevc/target/672-122797-0059_to_7021-79740-0010_target.flac,True,0.305969774723053,2.157944440841675
923,our_SB_5,672/122797/672-122797-0061.flac,8230/279154/8230-279154-0022.flac,672-122797-0061,8230-279154-0022,/Users/davidmillard/Downloads/eval/our_SB_5/672-122797-0061__to__8230-279154-0022.wav,/Users/davidmillard/Downloads/eval/freevc/target/672-122797-0061_to_8230-279154-0022_target.flac,True,0.2797031998634338,2.6396243572235107
924,our_SB_5,672/122797/672-122797-0063.flac,4507/16021/4507-16021-0029.flac,672-122797-0063,4507-16021-0029,/Users/davidmillard/Downloads/eval/our_SB_5/672-122797-0063__to__4507-16021-0029.wav,/Users/davidmillard/Downloads/eval/freevc/target/672-122797-0063_to_4507-16021-0029_target.flac,True,0.3196159601211548,2.4764087200164795
925,our_SB_5,672/122797/672-122797-0065.flac,1320/122612/1320-122612-0010.flac,672-122797-0065,1320-122612-0010,/Users/davidmillard/Downloads/eval/our_SB_5/672-122797-0065__to__1320-122612-0010.wav,/Users/davidmillard/Downloads/eval/freevc/target/672-122797-0065_to_1320-122612-0010_target.flac,True,0.4151833951473236,2.138704776763916
926,our_SB_5,672/122797/672-122797-0067.flac,908/157963/908-157963-0002.flac,672-122797-0067,908-157963-0002,/Users/davidmillard/Downloads/eval/our_SB_5/672-122797-0067__to__908-157963-0002.wav,/Users/davidmillard/Downloads/eval/freevc/target/672-122797-0067_to_908-157963-0002_target.flac,True,0.2006476819515228,3.098726749420166
927,our_SB_5,672/122797/672-122797-0069.flac,2300/131720/2300-131720-0005.flac,672-122797-0069,2300-131720-0005,/Users/davidmillard/Downloads/eval/our_SB_5/672-122797-0069__to__2300-131720-0005.wav,/Users/davidmillard/Downloads/eval/freevc/target/672-122797-0069_to_2300-131720-0005_target.flac,True,0.5192713141441345,2.865595817565918
928,our_SB_5,672/122797/672-122797-0071.flac,5683/32879/5683-32879-0016.flac,672-122797-0071,5683-32879-0016,/Users/davidmillard/Downloads/eval/our_SB_5/672-122797-0071__to__5683-32879-0016.wav,/Users/davidmillard/Downloads/eval/freevc/target/672-122797-0071_to_5683-32879-0016_target.flac,True,0.3132615089416504,2.835442066192627
929,our_SB_5,672/122797/672-122797-0073.flac,3729/6852/3729-6852-0011.flac,672-122797-0073,3729-6852-0011,/Users/davidmillard/Downloads/eval/our_SB_5/672-122797-0073__to__3729-6852-0011.wav,/Users/davidmillard/Downloads/eval/freevc/target/672-122797-0073_to_3729-6852-0011_target.flac,True,0.4349704384803772,3.1907243728637695
930,our_SB_5,6829/68769/6829-68769-0000.flac,6930/81414/6930-81414-0021.flac,6829-68769-0000,6930-81414-0021,/Users/davidmillard/Downloads/eval/our_SB_5/6829-68769-0000__to__6930-81414-0021.wav,/Users/davidmillard/Downloads/eval/freevc/target/6829-68769-0000_to_6930-81414-0021_target.flac,True,0.3092957735061645,3.0283260345458984
931,our_SB_5,6829/68769/6829-68769-0002.flac,1580/141084/1580-141084-0005.flac,6829-68769-0002,1580-141084-0005,/Users/davidmillard/Downloads/eval/our_SB_5/6829-68769-0002__to__1580-141084-0005.wav,/Users/davidmillard/Downloads/eval/freevc/target/6829-68769-0002_to_1580-141084-0005_target.flac,True,0.2876479923725128,2.9924428462982178
932,our_SB_5,6829/68769/6829-68769-0004.flac,2094/142345/2094-142345-0007.flac,6829-68769-0004,2094-142345-0007,/Users/davidmillard/Downloads/eval/our_SB_5/6829-68769-0004__to__2094-142345-0007.wav,/Users/davidmillard/Downloads/eval/freevc/target/6829-68769-0004_to_2094-142345-0007_target.flac,True,0.2302697300910949,3.0232269763946533
933,our_SB_5,6829/68769/6829-68769-0006.flac,3570/5694/3570-5694-0008.flac,6829-68769-0006,3570-5694-0008,/Users/davidmillard/Downloads/eval/our_SB_5/6829-68769-0006__to__3570-5694-0008.wav,/Users/davidmillard/Downloads/eval/freevc/target/6829-68769-0006_to_3570-5694-0008_target.flac,True,0.3975579440593719,3.3890347480773926
934,our_SB_5,6829/68769/6829-68769-0008.flac,5142/36377/5142-36377-0018.flac,6829-68769-0008,5142-36377-0018,/Users/davidmillard/Downloads/eval/our_SB_5/6829-68769-0008__to__5142-36377-0018.wav,/Users/davidmillard/Downloads/eval/freevc/target/6829-68769-0008_to_5142-36377-0018_target.flac,True,0.0953989550471305,3.390075206756592
935,our_SB_5,6829/68769/6829-68769-0010.flac,8555/284447/8555-284447-0016.flac,6829-68769-0010,8555-284447-0016,/Users/davidmillard/Downloads/eval/our_SB_5/6829-68769-0010__to__8555-284447-0016.wav,/Users/davidmillard/Downloads/eval/freevc/target/6829-68769-0010_to_8555-284447-0016_target.flac,True,0.0832486748695373,3.2801005840301514
936,our_SB_5,6829/68769/6829-68769-0012.flac,1284/1180/1284-1180-0012.flac,6829-68769-0012,1284-1180-0012,/Users/davidmillard/Downloads/eval/our_SB_5/6829-68769-0012__to__1284-1180-0012.wav,/Users/davidmillard/Downloads/eval/freevc/target/6829-68769-0012_to_1284-1180-0012_target.flac,True,0.4184099733829498,3.187349796295166
937,our_SB_5,6829/68769/6829-68769-0014.flac,1320/122617/1320-122617-0040.flac,6829-68769-0014,1320-122617-0040,/Users/davidmillard/Downloads/eval/our_SB_5/6829-68769-0014__to__1320-122617-0040.wav,/Users/davidmillard/Downloads/eval/freevc/target/6829-68769-0014_to_1320-122617-0040_target.flac,True,0.4368185997009277,2.7620439529418945
938,our_SB_5,6829/68769/6829-68769-0016.flac,121/127105/121-127105-0035.flac,6829-68769-0016,121-127105-0035,/Users/davidmillard/Downloads/eval/our_SB_5/6829-68769-0016__to__121-127105-0035.wav,/Users/davidmillard/Downloads/eval/freevc/target/6829-68769-0016_to_121-127105-0035_target.flac,True,-0.0135136693716049,3.2149605751037598
939,our_SB_5,6829/68769/6829-68769-0018.flac,237/134500/237-134500-0028.flac,6829-68769-0018,237-134500-0028,/Users/davidmillard/Downloads/eval/our_SB_5/6829-68769-0018__to__237-134500-0028.wav,/Users/davidmillard/Downloads/eval/freevc/target/6829-68769-0018_to_237-134500-0028_target.flac,True,0.3114916086196899,3.2792978286743164
940,our_SB_5,6829/68769/6829-68769-0020.flac,7176/88083/7176-88083-0003.flac,6829-68769-0020,7176-88083-0003,/Users/davidmillard/Downloads/eval/our_SB_5/6829-68769-0020__to__7176-88083-0003.wav,/Users/davidmillard/Downloads/eval/freevc/target/6829-68769-0020_to_7176-88083-0003_target.flac,True,0.4704318046569824,2.640073299407959
941,our_SB_5,6829/68769/6829-68769-0022.flac,260/123288/260-123288-0013.flac,6829-68769-0022,260-123288-0013,/Users/davidmillard/Downloads/eval/our_SB_5/6829-68769-0022__to__260-123288-0013.wav,/Users/davidmillard/Downloads/eval/freevc/target/6829-68769-0022_to_260-123288-0013_target.flac,True,0.3304387032985687,2.696838855743408
942,our_SB_5,6829/68769/6829-68769-0024.flac,4077/13751/4077-13751-0017.flac,6829-68769-0024,4077-13751-0017,/Users/davidmillard/Downloads/eval/our_SB_5/6829-68769-0024__to__4077-13751-0017.wav,/Users/davidmillard/Downloads/eval/freevc/target/6829-68769-0024_to_4077-13751-0017_target.flac,True,0.3274027109146118,2.5208797454833984
943,our_SB_5,6829/68769/6829-68769-0026.flac,121/127105/121-127105-0014.flac,6829-68769-0026,121-127105-0014,/Users/davidmillard/Downloads/eval/our_SB_5/6829-68769-0026__to__121-127105-0014.wav,/Users/davidmillard/Downloads/eval/freevc/target/6829-68769-0026_to_121-127105-0014_target.flac,True,0.032905776053667,2.3916022777557373
944,our_SB_5,6829/68769/6829-68769-0028.flac,4446/2275/4446-2275-0001.flac,6829-68769-0028,4446-2275-0001,/Users/davidmillard/Downloads/eval/our_SB_5/6829-68769-0028__to__4446-2275-0001.wav,/Users/davidmillard/Downloads/eval/freevc/target/6829-68769-0028_to_4446-2275-0001_target.flac,True,0.3660027682781219,3.5570068359375
945,our_SB_5,6829/68769/6829-68769-0030.flac,7127/75946/7127-75946-0007.flac,6829-68769-0030,7127-75946-0007,/Users/davidmillard/Downloads/eval/our_SB_5/6829-68769-0030__to__7127-75946-0007.wav,/Users/davidmillard/Downloads/eval/freevc/target/6829-68769-0030_to_7127-75946-0007_target.flac,True,0.2819666266441345,3.3897337913513184
946,our_SB_5,6829/68769/6829-68769-0032.flac,5639/40744/5639-40744-0008.flac,6829-68769-0032,5639-40744-0008,/Users/davidmillard/Downloads/eval/our_SB_5/6829-68769-0032__to__5639-40744-0008.wav,/Users/davidmillard/Downloads/eval/freevc/target/6829-68769-0032_to_5639-40744-0008_target.flac,True,0.2359441518783569,3.1105594635009766
947,our_SB_5,6829/68769/6829-68769-0034.flac,8224/274381/8224-274381-0015.flac,6829-68769-0034,8224-274381-0015,/Users/davidmillard/Downloads/eval/our_SB_5/6829-68769-0034__to__8224-274381-0015.wav,/Users/davidmillard/Downloads/eval/freevc/target/6829-68769-0034_to_8224-274381-0015_target.flac,True,0.2838108837604522,3.056614398956299
948,our_SB_5,6829/68769/6829-68769-0036.flac,5639/40744/5639-40744-0022.flac,6829-68769-0036,5639-40744-0022,/Users/davidmillard/Downloads/eval/our_SB_5/6829-68769-0036__to__5639-40744-0022.wav,/Users/davidmillard/Downloads/eval/freevc/target/6829-68769-0036_to_5639-40744-0022_target.flac,True,0.4418253302574157,3.2027463912963867
949,our_SB_5,6829/68769/6829-68769-0038.flac,7176/92135/7176-92135-0016.flac,6829-68769-0038,7176-92135-0016,/Users/davidmillard/Downloads/eval/our_SB_5/6829-68769-0038__to__7176-92135-0016.wav,/Users/davidmillard/Downloads/eval/freevc/target/6829-68769-0038_to_7176-92135-0016_target.flac,True,0.450911670923233,3.026232957839966
950,our_SB_5,6829/68769/6829-68769-0040.flac,4970/29095/4970-29095-0000.flac,6829-68769-0040,4970-29095-0000,/Users/davidmillard/Downloads/eval/our_SB_5/6829-68769-0040__to__4970-29095-0000.wav,/Users/davidmillard/Downloads/eval/freevc/target/6829-68769-0040_to_4970-29095-0000_target.flac,True,0.4861229956150055,3.1647493839263916
951,our_SB_5,6829/68769/6829-68769-0042.flac,1188/133604/1188-133604-0020.flac,6829-68769-0042,1188-133604-0020,/Users/davidmillard/Downloads/eval/our_SB_5/6829-68769-0042__to__1188-133604-0020.wav,/Users/davidmillard/Downloads/eval/freevc/target/6829-68769-0042_to_1188-133604-0020_target.flac,True,0.3920340538024902,3.3561997413635254
952,our_SB_5,6829/68769/6829-68769-0044.flac,1188/133604/1188-133604-0017.flac,6829-68769-0044,1188-133604-0017,/Users/davidmillard/Downloads/eval/our_SB_5/6829-68769-0044__to__1188-133604-0017.wav,/Users/davidmillard/Downloads/eval/freevc/target/6829-68769-0044_to_1188-133604-0017_target.flac,True,0.232055589556694,3.0860915184020996
953,our_SB_5,6829/68769/6829-68769-0046.flac,8224/274384/8224-274384-0004.flac,6829-68769-0046,8224-274384-0004,/Users/davidmillard/Downloads/eval/our_SB_5/6829-68769-0046__to__8224-274384-0004.wav,/Users/davidmillard/Downloads/eval/freevc/target/6829-68769-0046_to_8224-274384-0004_target.flac,True,0.1808370351791381,3.237902879714966
954,our_SB_5,6829/68769/6829-68769-0048.flac,237/126133/237-126133-0012.flac,6829-68769-0048,237-126133-0012,/Users/davidmillard/Downloads/eval/our_SB_5/6829-68769-0048__to__237-126133-0012.wav,/Users/davidmillard/Downloads/eval/freevc/target/6829-68769-0048_to_237-126133-0012_target.flac,True,0.3807630538940429,3.1516895294189453
955,our_SB_5,6829/68769/6829-68769-0050.flac,3575/170457/3575-170457-0017.flac,6829-68769-0050,3575-170457-0017,/Users/davidmillard/Downloads/eval/our_SB_5/6829-68769-0050__to__3575-170457-0017.wav,/Users/davidmillard/Downloads/eval/freevc/target/6829-68769-0050_to_3575-170457-0017_target.flac,True,0.3368253707885742,3.1305272579193115
956,our_SB_5,6829/68769/6829-68769-0052.flac,3570/5695/3570-5695-0013.flac,6829-68769-0052,3570-5695-0013,/Users/davidmillard/Downloads/eval/our_SB_5/6829-68769-0052__to__3570-5695-0013.wav,/Users/davidmillard/Downloads/eval/freevc/target/6829-68769-0052_to_3570-5695-0013_target.flac,True,0.1819365471601486,2.9546456336975098
957,our_SB_5,6829/68771/6829-68771-0000.flac,260/123286/260-123286-0022.flac,6829-68771-0000,260-123286-0022,/Users/davidmillard/Downloads/eval/our_SB_5/6829-68771-0000__to__260-123286-0022.wav,/Users/davidmillard/Downloads/eval/freevc/target/6829-68771-0000_to_260-123286-0022_target.flac,True,0.446124255657196,3.255638360977173
958,our_SB_5,6829/68771/6829-68771-0002.flac,4970/29095/4970-29095-0027.flac,6829-68771-0002,4970-29095-0027,/Users/davidmillard/Downloads/eval/our_SB_5/6829-68771-0002__to__4970-29095-0027.wav,/Users/davidmillard/Downloads/eval/freevc/target/6829-68771-0002_to_4970-29095-0027_target.flac,True,0.4345300495624542,3.190962553024292
959,our_SB_5,6829/68771/6829-68771-0004.flac,1188/133604/1188-133604-0044.flac,6829-68771-0004,1188-133604-0044,/Users/davidmillard/Downloads/eval/our_SB_5/6829-68771-0004__to__1188-133604-0044.wav,/Users/davidmillard/Downloads/eval/freevc/target/6829-68771-0004_to_1188-133604-0044_target.flac,True,0.3835784494876861,2.815476179122925
960,our_SB_5,6829/68771/6829-68771-0006.flac,8463/294825/8463-294825-0003.flac,6829-68771-0006,8463-294825-0003,/Users/davidmillard/Downloads/eval/our_SB_5/6829-68771-0006__to__8463-294825-0003.wav,/Users/davidmillard/Downloads/eval/freevc/target/6829-68771-0006_to_8463-294825-0003_target.flac,True,0.3382988274097442,3.4931602478027344
961,our_SB_5,6829/68771/6829-68771-0008.flac,7176/92135/7176-92135-0041.flac,6829-68771-0008,7176-92135-0041,/Users/davidmillard/Downloads/eval/our_SB_5/6829-68771-0008__to__7176-92135-0041.wav,/Users/davidmillard/Downloads/eval/freevc/target/6829-68771-0008_to_7176-92135-0041_target.flac,True,0.5356311798095703,2.701021432876587
962,our_SB_5,6829/68771/6829-68771-0010.flac,7176/88083/7176-88083-0004.flac,6829-68771-0010,7176-88083-0004,/Users/davidmillard/Downloads/eval/our_SB_5/6829-68771-0010__to__7176-88083-0004.wav,/Users/davidmillard/Downloads/eval/freevc/target/6829-68771-0010_to_7176-88083-0004_target.flac,True,0.5304713845252991,3.085693120956421
963,our_SB_5,6829/68771/6829-68771-0012.flac,3570/5695/3570-5695-0015.flac,6829-68771-0012,3570-5695-0015,/Users/davidmillard/Downloads/eval/our_SB_5/6829-68771-0012__to__3570-5695-0015.wav,/Users/davidmillard/Downloads/eval/freevc/target/6829-68771-0012_to_3570-5695-0015_target.flac,True,0.2990673780441284,3.5536916255950928
964,our_SB_5,6829/68771/6829-68771-0014.flac,8224/274384/8224-274384-0012.flac,6829-68771-0014,8224-274384-0012,/Users/davidmillard/Downloads/eval/our_SB_5/6829-68771-0014__to__8224-274384-0012.wav,/Users/davidmillard/Downloads/eval/freevc/target/6829-68771-0014_to_8224-274384-0012_target.flac,True,0.2108097374439239,2.918834924697876
965,our_SB_5,6829/68771/6829-68771-0016.flac,2830/3980/2830-3980-0003.flac,6829-68771-0016,2830-3980-0003,/Users/davidmillard/Downloads/eval/our_SB_5/6829-68771-0016__to__2830-3980-0003.wav,/Users/davidmillard/Downloads/eval/freevc/target/6829-68771-0016_to_2830-3980-0003_target.flac,True,0.2535790801048279,3.1692593097686768
966,our_SB_5,6829/68771/6829-68771-0018.flac,260/123288/260-123288-0009.flac,6829-68771-0018,260-123288-0009,/Users/davidmillard/Downloads/eval/our_SB_5/6829-68771-0018__to__260-123288-0009.wav,/Users/davidmillard/Downloads/eval/freevc/target/6829-68771-0018_to_260-123288-0009_target.flac,True,0.3053658604621887,3.392592191696167
967,our_SB_5,6829/68771/6829-68771-0020.flac,2300/131720/2300-131720-0037.flac,6829-68771-0020,2300-131720-0037,/Users/davidmillard/Downloads/eval/our_SB_5/6829-68771-0020__to__2300-131720-0037.wav,/Users/davidmillard/Downloads/eval/freevc/target/6829-68771-0020_to_2300-131720-0037_target.flac,True,0.2234050333499908,3.3817949295043945
968,our_SB_5,6829/68771/6829-68771-0022.flac,8224/274384/8224-274384-0005.flac,6829-68771-0022,8224-274384-0005,/Users/davidmillard/Downloads/eval/our_SB_5/6829-68771-0022__to__8224-274384-0005.wav,/Users/davidmillard/Downloads/eval/freevc/target/6829-68771-0022_to_8224-274384-0005_target.flac,True,0.3496042490005493,2.7740988731384277
969,our_SB_5,6829/68771/6829-68771-0024.flac,5683/32865/5683-32865-0012.flac,6829-68771-0024,5683-32865-0012,/Users/davidmillard/Downloads/eval/our_SB_5/6829-68771-0024__to__5683-32865-0012.wav,/Users/davidmillard/Downloads/eval/freevc/target/6829-68771-0024_to_5683-32865-0012_target.flac,True,0.2309843897819519,3.765231132507324
970,our_SB_5,6829/68771/6829-68771-0026.flac,4970/29093/4970-29093-0008.flac,6829-68771-0026,4970-29093-0008,/Users/davidmillard/Downloads/eval/our_SB_5/6829-68771-0026__to__4970-29093-0008.wav,/Users/davidmillard/Downloads/eval/freevc/target/6829-68771-0026_to_4970-29093-0008_target.flac,True,0.3123210966587066,2.8880889415740967
971,our_SB_5,6829/68771/6829-68771-0028.flac,7176/92135/7176-92135-0012.flac,6829-68771-0028,7176-92135-0012,/Users/davidmillard/Downloads/eval/our_SB_5/6829-68771-0028__to__7176-92135-0012.wav,/Users/davidmillard/Downloads/eval/freevc/target/6829-68771-0028_to_7176-92135-0012_target.flac,True,0.5151357054710388,3.1520166397094727
972,our_SB_5,6829/68771/6829-68771-0030.flac,5105/28240/5105-28240-0003.flac,6829-68771-0030,5105-28240-0003,/Users/davidmillard/Downloads/eval/our_SB_5/6829-68771-0030__to__5105-28240-0003.wav,/Users/davidmillard/Downloads/eval/freevc/target/6829-68771-0030_to_5105-28240-0003_target.flac,True,0.3684978187084198,3.149984121322632
973,our_SB_5,6829/68771/6829-68771-0032.flac,260/123288/260-123288-0016.flac,6829-68771-0032,260-123288-0016,/Users/davidmillard/Downloads/eval/our_SB_5/6829-68771-0032__to__260-123288-0016.wav,/Users/davidmillard/Downloads/eval/freevc/target/6829-68771-0032_to_260-123288-0016_target.flac,True,0.411474347114563,3.048504114151001
974,our_SB_5,6829/68771/6829-68771-0034.flac,4446/2271/4446-2271-0016.flac,6829-68771-0034,4446-2271-0016,/Users/davidmillard/Downloads/eval/our_SB_5/6829-68771-0034__to__4446-2271-0016.wav,/Users/davidmillard/Downloads/eval/freevc/target/6829-68771-0034_to_4446-2271-0016_target.flac,True,0.3671190738677978,3.2362570762634277
975,our_SB_5,6829/68771/6829-68771-0036.flac,8463/294828/8463-294828-0015.flac,6829-68771-0036,8463-294828-0015,/Users/davidmillard/Downloads/eval/our_SB_5/6829-68771-0036__to__8463-294828-0015.wav,/Users/davidmillard/Downloads/eval/freevc/target/6829-68771-0036_to_8463-294828-0015_target.flac,True,0.2411759495735168,3.4564034938812256
976,our_SB_5,6930/75918/6930-75918-0001.flac,260/123440/260-123440-0016.flac,6930-75918-0001,260-123440-0016,/Users/davidmillard/Downloads/eval/our_SB_5/6930-75918-0001__to__260-123440-0016.wav,/Users/davidmillard/Downloads/eval/freevc/target/6930-75918-0001_to_260-123440-0016_target.flac,True,0.3532986342906952,3.222165107727051
977,our_SB_5,6930/75918/6930-75918-0003.flac,3570/5696/3570-5696-0001.flac,6930-75918-0003,3570-5696-0001,/Users/davidmillard/Downloads/eval/our_SB_5/6930-75918-0003__to__3570-5696-0001.wav,/Users/davidmillard/Downloads/eval/freevc/target/6930-75918-0003_to_3570-5696-0001_target.flac,True,0.2189897149801254,3.302002191543579
978,our_SB_5,6930/75918/6930-75918-0005.flac,7176/88083/7176-88083-0018.flac,6930-75918-0005,7176-88083-0018,/Users/davidmillard/Downloads/eval/our_SB_5/6930-75918-0005__to__7176-88083-0018.wav,/Users/davidmillard/Downloads/eval/freevc/target/6930-75918-0005_to_7176-88083-0018_target.flac,True,0.2618237435817718,3.0318949222564697
979,our_SB_5,6930/75918/6930-75918-0007.flac,1284/1180/1284-1180-0015.flac,6930-75918-0007,1284-1180-0015,/Users/davidmillard/Downloads/eval/our_SB_5/6930-75918-0007__to__1284-1180-0015.wav,/Users/davidmillard/Downloads/eval/freevc/target/6930-75918-0007_to_1284-1180-0015_target.flac,True,0.220233142375946,2.789064407348633
980,our_SB_5,6930/75918/6930-75918-0009.flac,237/134500/237-134500-0036.flac,6930-75918-0009,237-134500-0036,/Users/davidmillard/Downloads/eval/our_SB_5/6930-75918-0009__to__237-134500-0036.wav,/Users/davidmillard/Downloads/eval/freevc/target/6930-75918-0009_to_237-134500-0036_target.flac,True,0.2608874142169952,3.238276958465576
981,our_SB_5,6930/75918/6930-75918-0011.flac,4992/41797/4992-41797-0007.flac,6930-75918-0011,4992-41797-0007,/Users/davidmillard/Downloads/eval/our_SB_5/6930-75918-0011__to__4992-41797-0007.wav,/Users/davidmillard/Downloads/eval/freevc/target/6930-75918-0011_to_4992-41797-0007_target.flac,True,0.2712355256080627,3.5263264179229736
982,our_SB_5,6930/75918/6930-75918-0013.flac,2961/960/2961-960-0015.flac,6930-75918-0013,2961-960-0015,/Users/davidmillard/Downloads/eval/our_SB_5/6930-75918-0013__to__2961-960-0015.wav,/Users/davidmillard/Downloads/eval/freevc/target/6930-75918-0013_to_2961-960-0015_target.flac,True,0.1884839832782745,3.213972568511963
983,our_SB_5,6930/75918/6930-75918-0015.flac,3729/6852/3729-6852-0006.flac,6930-75918-0015,3729-6852-0006,/Users/davidmillard/Downloads/eval/our_SB_5/6930-75918-0015__to__3729-6852-0006.wav,/Users/davidmillard/Downloads/eval/freevc/target/6930-75918-0015_to_3729-6852-0006_target.flac,True,0.3659892082214355,3.2485110759735107
984,our_SB_5,6930/75918/6930-75918-0017.flac,5639/40744/5639-40744-0028.flac,6930-75918-0017,5639-40744-0028,/Users/davidmillard/Downloads/eval/our_SB_5/6930-75918-0017__to__5639-40744-0028.wav,/Users/davidmillard/Downloads/eval/freevc/target/6930-75918-0017_to_5639-40744-0028_target.flac,True,0.1198173612356185,3.1768240928649902
985,our_SB_5,6930/75918/6930-75918-0019.flac,61/70970/61-70970-0000.flac,6930-75918-0019,61-70970-0000,/Users/davidmillard/Downloads/eval/our_SB_5/6930-75918-0019__to__61-70970-0000.wav,/Users/davidmillard/Downloads/eval/freevc/target/6930-75918-0019_to_61-70970-0000_target.flac,True,0.1636421084403991,2.6064839363098145
986,our_SB_5,6930/76324/6930-76324-0000.flac,8230/279154/8230-279154-0024.flac,6930-76324-0000,8230-279154-0024,/Users/davidmillard/Downloads/eval/our_SB_5/6930-76324-0000__to__8230-279154-0024.wav,/Users/davidmillard/Downloads/eval/freevc/target/6930-76324-0000_to_8230-279154-0024_target.flac,True,0.2978178560733795,2.7405261993408203
987,our_SB_5,6930/76324/6930-76324-0002.flac,8463/294825/8463-294825-0013.flac,6930-76324-0002,8463-294825-0013,/Users/davidmillard/Downloads/eval/our_SB_5/6930-76324-0002__to__8463-294825-0013.wav,/Users/davidmillard/Downloads/eval/freevc/target/6930-76324-0002_to_8463-294825-0013_target.flac,True,0.2621560394763946,3.2664389610290527
988,our_SB_5,6930/76324/6930-76324-0004.flac,1284/1181/1284-1181-0018.flac,6930-76324-0004,1284-1181-0018,/Users/davidmillard/Downloads/eval/our_SB_5/6930-76324-0004__to__1284-1181-0018.wav,/Users/davidmillard/Downloads/eval/freevc/target/6930-76324-0004_to_1284-1181-0018_target.flac,True,0.4788441658020019,2.3875861167907715
989,our_SB_5,6930/76324/6930-76324-0006.flac,1188/133604/1188-133604-0020.flac,6930-76324-0006,1188-133604-0020,/Users/davidmillard/Downloads/eval/our_SB_5/6930-76324-0006__to__1188-133604-0020.wav,/Users/davidmillard/Downloads/eval/freevc/target/6930-76324-0006_to_1188-133604-0020_target.flac,True,0.2354988306760788,2.578920364379883
990,our_SB_5,6930/76324/6930-76324-0008.flac,1284/1180/1284-1180-0021.flac,6930-76324-0008,1284-1180-0021,/Users/davidmillard/Downloads/eval/our_SB_5/6930-76324-0008__to__1284-1180-0021.wav,/Users/davidmillard/Downloads/eval/freevc/target/6930-76324-0008_to_1284-1180-0021_target.flac,True,0.4609491229057312,3.325228691101074
991,our_SB_5,6930/76324/6930-76324-0010.flac,237/126133/237-126133-0009.flac,6930-76324-0010,237-126133-0009,/Users/davidmillard/Downloads/eval/our_SB_5/6930-76324-0010__to__237-126133-0009.wav,/Users/davidmillard/Downloads/eval/freevc/target/6930-76324-0010_to_237-126133-0009_target.flac,True,0.1760939657688141,3.2348885536193848
992,our_SB_5,6930/76324/6930-76324-0012.flac,4992/41797/4992-41797-0017.flac,6930-76324-0012,4992-41797-0017,/Users/davidmillard/Downloads/eval/our_SB_5/6930-76324-0012__to__4992-41797-0017.wav,/Users/davidmillard/Downloads/eval/freevc/target/6930-76324-0012_to_4992-41797-0017_target.flac,True,0.3289345502853393,3.1636650562286377
993,our_SB_5,6930/76324/6930-76324-0014.flac,672/122797/672-122797-0021.flac,6930-76324-0014,672-122797-0021,/Users/davidmillard/Downloads/eval/our_SB_5/6930-76324-0014__to__672-122797-0021.wav,/Users/davidmillard/Downloads/eval/freevc/target/6930-76324-0014_to_672-122797-0021_target.flac,True,0.3667952418327331,2.2350776195526123
994,our_SB_5,6930/76324/6930-76324-0016.flac,672/122797/672-122797-0020.flac,6930-76324-0016,672-122797-0020,/Users/davidmillard/Downloads/eval/our_SB_5/6930-76324-0016__to__672-122797-0020.wav,/Users/davidmillard/Downloads/eval/freevc/target/6930-76324-0016_to_672-122797-0020_target.flac,True,0.2113006263971328,3.106276273727417
995,our_SB_5,6930/76324/6930-76324-0018.flac,4992/23283/4992-23283-0013.flac,6930-76324-0018,4992-23283-0013,/Users/davidmillard/Downloads/eval/our_SB_5/6930-76324-0018__to__4992-23283-0013.wav,/Users/davidmillard/Downloads/eval/freevc/target/6930-76324-0018_to_4992-23283-0013_target.flac,True,0.1716507077217102,2.7369179725646973
996,our_SB_5,6930/76324/6930-76324-0020.flac,8455/210777/8455-210777-0069.flac,6930-76324-0020,8455-210777-0069,/Users/davidmillard/Downloads/eval/our_SB_5/6930-76324-0020__to__8455-210777-0069.wav,/Users/davidmillard/Downloads/eval/freevc/target/6930-76324-0020_to_8455-210777-0069_target.flac,True,0.3914629220962524,2.5653483867645264
997,our_SB_5,6930/76324/6930-76324-0022.flac,4446/2273/4446-2273-0013.flac,6930-76324-0022,4446-2273-0013,/Users/davidmillard/Downloads/eval/our_SB_5/6930-76324-0022__to__4446-2273-0013.wav,/Users/davidmillard/Downloads/eval/freevc/target/6930-76324-0022_to_4446-2273-0013_target.flac,True,0.1925822794437408,3.123162269592285
998,our_SB_5,6930/76324/6930-76324-0024.flac,1221/135767/1221-135767-0009.flac,6930-76324-0024,1221-135767-0009,/Users/davidmillard/Downloads/eval/our_SB_5/6930-76324-0024__to__1221-135767-0009.wav,/Users/davidmillard/Downloads/eval/freevc/target/6930-76324-0024_to_1221-135767-0009_target.flac,True,0.3540048897266388,2.839944839477539
999,our_SB_5,6930/76324/6930-76324-0026.flac,7176/88083/7176-88083-0019.flac,6930-76324-0026,7176-88083-0019,/Users/davidmillard/Downloads/eval/our_SB_5/6930-76324-0026__to__7176-88083-0019.wav,/Users/davidmillard/Downloads/eval/freevc/target/6930-76324-0026_to_7176-88083-0019_target.flac,True,0.2146896421909332,2.466646671295166
1000,our_SB_5,6930/76324/6930-76324-0028.flac,1089/134691/1089-134691-0016.flac,6930-76324-0028,1089-134691-0016,/Users/davidmillard/Downloads/eval/our_SB_5/6930-76324-0028__to__1089-134691-0016.wav,/Users/davidmillard/Downloads/eval/freevc/target/6930-76324-0028_to_1089-134691-0016_target.flac,True,0.3809088468551636,2.6799535751342773
1001,our_SB_5,6930/81414/6930-81414-0001.flac,908/157963/908-157963-0030.flac,6930-81414-0001,908-157963-0030,/Users/davidmillard/Downloads/eval/our_SB_5/6930-81414-0001__to__908-157963-0030.wav,/Users/davidmillard/Downloads/eval/freevc/target/6930-81414-0001_to_908-157963-0030_target.flac,True,0.3277361392974853,2.8067498207092285
1002,our_SB_5,6930/81414/6930-81414-0003.flac,1188/133604/1188-133604-0013.flac,6930-81414-0003,1188-133604-0013,/Users/davidmillard/Downloads/eval/our_SB_5/6930-81414-0003__to__1188-133604-0013.wav,/Users/davidmillard/Downloads/eval/freevc/target/6930-81414-0003_to_1188-133604-0013_target.flac,True,0.0615410543978214,2.5342800617218018
1003,our_SB_5,6930/81414/6930-81414-0005.flac,4446/2271/4446-2271-0010.flac,6930-81414-0005,4446-2271-0010,/Users/davidmillard/Downloads/eval/our_SB_5/6930-81414-0005__to__4446-2271-0010.wav,/Users/davidmillard/Downloads/eval/freevc/target/6930-81414-0005_to_4446-2271-0010_target.flac,True,0.0568193234503269,3.0184013843536377
1004,our_SB_5,6930/81414/6930-81414-0007.flac,4507/16021/4507-16021-0050.flac,6930-81414-0007,4507-16021-0050,/Users/davidmillard/Downloads/eval/our_SB_5/6930-81414-0007__to__4507-16021-0050.wav,/Users/davidmillard/Downloads/eval/freevc/target/6930-81414-0007_to_4507-16021-0050_target.flac,True,0.3451215028762817,3.673703670501709
1005,our_SB_5,6930/81414/6930-81414-0009.flac,7176/92135/7176-92135-0005.flac,6930-81414-0009,7176-92135-0005,/Users/davidmillard/Downloads/eval/our_SB_5/6930-81414-0009__to__7176-92135-0005.wav,/Users/davidmillard/Downloads/eval/freevc/target/6930-81414-0009_to_7176-92135-0005_target.flac,True,0.4341471791267395,3.435459852218628
1006,our_SB_5,6930/81414/6930-81414-0011.flac,8230/279154/8230-279154-0024.flac,6930-81414-0011,8230-279154-0024,/Users/davidmillard/Downloads/eval/our_SB_5/6930-81414-0011__to__8230-279154-0024.wav,/Users/davidmillard/Downloads/eval/freevc/target/6930-81414-0011_to_8230-279154-0024_target.flac,True,0.3931559026241302,3.2058703899383545
1007,our_SB_5,6930/81414/6930-81414-0013.flac,5639/40744/5639-40744-0023.flac,6930-81414-0013,5639-40744-0023,/Users/davidmillard/Downloads/eval/our_SB_5/6930-81414-0013__to__5639-40744-0023.wav,/Users/davidmillard/Downloads/eval/freevc/target/6930-81414-0013_to_5639-40744-0023_target.flac,True,0.2310671359300613,3.171529531478882
1008,our_SB_5,6930/81414/6930-81414-0015.flac,121/123852/121-123852-0001.flac,6930-81414-0015,121-123852-0001,/Users/davidmillard/Downloads/eval/our_SB_5/6930-81414-0015__to__121-123852-0001.wav,/Users/davidmillard/Downloads/eval/freevc/target/6930-81414-0015_to_121-123852-0001_target.flac,True,-0.0305191427469253,2.43855357170105
1009,our_SB_5,6930/81414/6930-81414-0017.flac,3729/6852/3729-6852-0014.flac,6930-81414-0017,3729-6852-0014,/Users/davidmillard/Downloads/eval/our_SB_5/6930-81414-0017__to__3729-6852-0014.wav,/Users/davidmillard/Downloads/eval/freevc/target/6930-81414-0017_to_3729-6852-0014_target.flac,True,0.2384372055530548,2.4990880489349365
1010,our_SB_5,6930/81414/6930-81414-0019.flac,1221/135766/1221-135766-0009.flac,6930-81414-0019,1221-135766-0009,/Users/davidmillard/Downloads/eval/our_SB_5/6930-81414-0019__to__1221-135766-0009.wav,/Users/davidmillard/Downloads/eval/freevc/target/6930-81414-0019_to_1221-135766-0009_target.flac,True,0.4728849232196808,3.476181745529175
1011,our_SB_5,6930/81414/6930-81414-0021.flac,5105/28241/5105-28241-0015.flac,6930-81414-0021,5105-28241-0015,/Users/davidmillard/Downloads/eval/our_SB_5/6930-81414-0021__to__5105-28241-0015.wav,/Users/davidmillard/Downloads/eval/freevc/target/6930-81414-0021_to_5105-28241-0015_target.flac,True,0.4023208618164062,3.7266311645507812
1012,our_SB_5,6930/81414/6930-81414-0023.flac,8555/284447/8555-284447-0014.flac,6930-81414-0023,8555-284447-0014,/Users/davidmillard/Downloads/eval/our_SB_5/6930-81414-0023__to__8555-284447-0014.wav,/Users/davidmillard/Downloads/eval/freevc/target/6930-81414-0023_to_8555-284447-0014_target.flac,True,0.1929174363613128,2.7023134231567383
1013,our_SB_5,6930/81414/6930-81414-0025.flac,5639/40744/5639-40744-0033.flac,6930-81414-0025,5639-40744-0033,/Users/davidmillard/Downloads/eval/our_SB_5/6930-81414-0025__to__5639-40744-0033.wav,/Users/davidmillard/Downloads/eval/freevc/target/6930-81414-0025_to_5639-40744-0033_target.flac,True,0.145473226904869,3.7776291370391846
1014,our_SB_5,6930/81414/6930-81414-0027.flac,7127/75947/7127-75947-0000.flac,6930-81414-0027,7127-75947-0000,/Users/davidmillard/Downloads/eval/our_SB_5/6930-81414-0027__to__7127-75947-0000.wav,/Users/davidmillard/Downloads/eval/freevc/target/6930-81414-0027_to_7127-75947-0000_target.flac,True,0.22803695499897,3.5671498775482178
1015,our_SB_5,7021/79730/7021-79730-0001.flac,1320/122617/1320-122617-0008.flac,7021-79730-0001,1320-122617-0008,/Users/davidmillard/Downloads/eval/our_SB_5/7021-79730-0001__to__1320-122617-0008.wav,/Users/davidmillard/Downloads/eval/freevc/target/7021-79730-0001_to_1320-122617-0008_target.flac,True,0.3879974782466888,3.299354314804077
1016,our_SB_5,7021/79730/7021-79730-0003.flac,8463/294828/8463-294828-0031.flac,7021-79730-0003,8463-294828-0031,/Users/davidmillard/Downloads/eval/our_SB_5/7021-79730-0003__to__8463-294828-0031.wav,/Users/davidmillard/Downloads/eval/freevc/target/7021-79730-0003_to_8463-294828-0031_target.flac,True,0.3830351531505584,3.350005626678467
1017,our_SB_5,7021/79730/7021-79730-0005.flac,1995/1837/1995-1837-0015.flac,7021-79730-0005,1995-1837-0015,/Users/davidmillard/Downloads/eval/our_SB_5/7021-79730-0005__to__1995-1837-0015.wav,/Users/davidmillard/Downloads/eval/freevc/target/7021-79730-0005_to_1995-1837-0015_target.flac,True,0.2081222236156463,3.40877628326416
1018,our_SB_5,7021/79730/7021-79730-0007.flac,2961/960/2961-960-0012.flac,7021-79730-0007,2961-960-0012,/Users/davidmillard/Downloads/eval/our_SB_5/7021-79730-0007__to__2961-960-0012.wav,/Users/davidmillard/Downloads/eval/freevc/target/7021-79730-0007_to_2961-960-0012_target.flac,True,0.225053459405899,3.675808906555176
1019,our_SB_5,7021/79730/7021-79730-0009.flac,672/122797/672-122797-0010.flac,7021-79730-0009,672-122797-0010,/Users/davidmillard/Downloads/eval/our_SB_5/7021-79730-0009__to__672-122797-0010.wav,/Users/davidmillard/Downloads/eval/freevc/target/7021-79730-0009_to_672-122797-0010_target.flac,True,0.0951629355549812,2.8612098693847656
1020,our_SB_5,7021/79740/7021-79740-0001.flac,2300/131720/2300-131720-0038.flac,7021-79740-0001,2300-131720-0038,/Users/davidmillard/Downloads/eval/our_SB_5/7021-79740-0001__to__2300-131720-0038.wav,/Users/davidmillard/Downloads/eval/freevc/target/7021-79740-0001_to_2300-131720-0038_target.flac,True,0.4093984067440033,3.676630973815918
1021,our_SB_5,7021/79740/7021-79740-0003.flac,1284/1180/1284-1180-0005.flac,7021-79740-0003,1284-1180-0005,/Users/davidmillard/Downloads/eval/our_SB_5/7021-79740-0003__to__1284-1180-0005.wav,/Users/davidmillard/Downloads/eval/freevc/target/7021-79740-0003_to_1284-1180-0005_target.flac,True,0.1443545520305633,3.1345834732055664
1022,our_SB_5,7021/79740/7021-79740-0005.flac,5683/32879/5683-32879-0021.flac,7021-79740-0005,5683-32879-0021,/Users/davidmillard/Downloads/eval/our_SB_5/7021-79740-0005__to__5683-32879-0021.wav,/Users/davidmillard/Downloads/eval/freevc/target/7021-79740-0005_to_5683-32879-0021_target.flac,True,0.1789959967136383,2.110898971557617
1023,our_SB_5,7021/79740/7021-79740-0007.flac,4077/13754/4077-13754-0011.flac,7021-79740-0007,4077-13754-0011,/Users/davidmillard/Downloads/eval/our_SB_5/7021-79740-0007__to__4077-13754-0011.wav,/Users/davidmillard/Downloads/eval/freevc/target/7021-79740-0007_to_4077-13754-0011_target.flac,True,0.4985199570655823,3.15545654296875
1024,our_SB_5,7021/79740/7021-79740-0009.flac,8555/284449/8555-284449-0008.flac,7021-79740-0009,8555-284449-0008,/Users/davidmillard/Downloads/eval/our_SB_5/7021-79740-0009__to__8555-284449-0008.wav,/Users/davidmillard/Downloads/eval/freevc/target/7021-79740-0009_to_8555-284449-0008_target.flac,True,0.2525627613067627,2.848329782485962
1025,our_SB_5,7021/79740/7021-79740-0011.flac,61/70968/61-70968-0019.flac,7021-79740-0011,61-70968-0019,/Users/davidmillard/Downloads/eval/our_SB_5/7021-79740-0011__to__61-70968-0019.wav,/Users/davidmillard/Downloads/eval/freevc/target/7021-79740-0011_to_61-70968-0019_target.flac,True,0.2786610424518585,3.0520823001861572
1026,our_SB_5,7021/79740/7021-79740-0013.flac,8555/284449/8555-284449-0012.flac,7021-79740-0013,8555-284449-0012,/Users/davidmillard/Downloads/eval/our_SB_5/7021-79740-0013__to__8555-284449-0012.wav,/Users/davidmillard/Downloads/eval/freevc/target/7021-79740-0013_to_8555-284449-0012_target.flac,True,0.2816517651081085,2.9665191173553467
1027,our_SB_5,7021/79759/7021-79759-0000.flac,8463/287645/8463-287645-0012.flac,7021-79759-0000,8463-287645-0012,/Users/davidmillard/Downloads/eval/our_SB_5/7021-79759-0000__to__8463-287645-0012.wav,/Users/davidmillard/Downloads/eval/freevc/target/7021-79759-0000_to_8463-287645-0012_target.flac,True,0.3328071236610412,3.2835655212402344
1028,our_SB_5,7021/79759/7021-79759-0002.flac,5105/28240/5105-28240-0015.flac,7021-79759-0002,5105-28240-0015,/Users/davidmillard/Downloads/eval/our_SB_5/7021-79759-0002__to__5105-28240-0015.wav,/Users/davidmillard/Downloads/eval/freevc/target/7021-79759-0002_to_5105-28240-0015_target.flac,True,0.337867259979248,3.2887792587280273
1029,our_SB_5,7021/79759/7021-79759-0004.flac,7176/92135/7176-92135-0045.flac,7021-79759-0004,7176-92135-0045,/Users/davidmillard/Downloads/eval/our_SB_5/7021-79759-0004__to__7176-92135-0045.wav,/Users/davidmillard/Downloads/eval/freevc/target/7021-79759-0004_to_7176-92135-0045_target.flac,True,0.5036636590957642,2.8562750816345215
1030,our_SB_5,7021/85628/7021-85628-0000.flac,121/121726/121-121726-0011.flac,7021-85628-0000,121-121726-0011,/Users/davidmillard/Downloads/eval/our_SB_5/7021-85628-0000__to__121-121726-0011.wav,/Users/davidmillard/Downloads/eval/freevc/target/7021-85628-0000_to_121-121726-0011_target.flac,True,0.2319951951503753,3.2487921714782715
1031,our_SB_5,7021/85628/7021-85628-0002.flac,2300/131720/2300-131720-0039.flac,7021-85628-0002,2300-131720-0039,/Users/davidmillard/Downloads/eval/our_SB_5/7021-85628-0002__to__2300-131720-0039.wav,/Users/davidmillard/Downloads/eval/freevc/target/7021-85628-0002_to_2300-131720-0039_target.flac,True,0.3001368939876556,2.972238540649414
1032,our_SB_5,7021/85628/7021-85628-0004.flac,5683/32865/5683-32865-0004.flac,7021-85628-0004,5683-32865-0004,/Users/davidmillard/Downloads/eval/our_SB_5/7021-85628-0004__to__5683-32865-0004.wav,/Users/davidmillard/Downloads/eval/freevc/target/7021-85628-0004_to_5683-32865-0004_target.flac,True,0.2021819651126861,3.151249647140503
1033,our_SB_5,7021/85628/7021-85628-0006.flac,3575/170457/3575-170457-0003.flac,7021-85628-0006,3575-170457-0003,/Users/davidmillard/Downloads/eval/our_SB_5/7021-85628-0006__to__3575-170457-0003.wav,/Users/davidmillard/Downloads/eval/freevc/target/7021-85628-0006_to_3575-170457-0003_target.flac,True,0.3891037106513977,3.1980068683624268
1034,our_SB_5,7021/85628/7021-85628-0008.flac,5142/33396/5142-33396-0002.flac,7021-85628-0008,5142-33396-0002,/Users/davidmillard/Downloads/eval/our_SB_5/7021-85628-0008__to__5142-33396-0002.wav,/Users/davidmillard/Downloads/eval/freevc/target/7021-85628-0008_to_5142-33396-0002_target.flac,True,0.2855119705200195,3.641204833984375
1035,our_SB_5,7021/85628/7021-85628-0010.flac,4507/16021/4507-16021-0019.flac,7021-85628-0010,4507-16021-0019,/Users/davidmillard/Downloads/eval/our_SB_5/7021-85628-0010__to__4507-16021-0019.wav,/Users/davidmillard/Downloads/eval/freevc/target/7021-85628-0010_to_4507-16021-0019_target.flac,True,0.2626126408576965,3.4118568897247314
1036,our_SB_5,7021/85628/7021-85628-0012.flac,1580/141083/1580-141083-0029.flac,7021-85628-0012,1580-141083-0029,/Users/davidmillard/Downloads/eval/our_SB_5/7021-85628-0012__to__1580-141083-0029.wav,/Users/davidmillard/Downloads/eval/freevc/target/7021-85628-0012_to_1580-141083-0029_target.flac,True,0.422132670879364,3.219998836517334
1037,our_SB_5,7021/85628/7021-85628-0014.flac,6829/68769/6829-68769-0041.flac,7021-85628-0014,6829-68769-0041,/Users/davidmillard/Downloads/eval/our_SB_5/7021-85628-0014__to__6829-68769-0041.wav,/Users/davidmillard/Downloads/eval/freevc/target/7021-85628-0014_to_6829-68769-0041_target.flac,True,0.4364381432533264,3.5644662380218506
1038,our_SB_5,7021/85628/7021-85628-0016.flac,908/31957/908-31957-0010.flac,7021-85628-0016,908-31957-0010,/Users/davidmillard/Downloads/eval/our_SB_5/7021-85628-0016__to__908-31957-0010.wav,/Users/davidmillard/Downloads/eval/freevc/target/7021-85628-0016_to_908-31957-0010_target.flac,True,0.1984344720840454,2.5829055309295654
1039,our_SB_5,7021/85628/7021-85628-0018.flac,6829/68769/6829-68769-0027.flac,7021-85628-0018,6829-68769-0027,/Users/davidmillard/Downloads/eval/our_SB_5/7021-85628-0018__to__6829-68769-0027.wav,/Users/davidmillard/Downloads/eval/freevc/target/7021-85628-0018_to_6829-68769-0027_target.flac,True,0.1660289466381073,3.6259925365448
1040,our_SB_5,7021/85628/7021-85628-0020.flac,7176/92135/7176-92135-0038.flac,7021-85628-0020,7176-92135-0038,/Users/davidmillard/Downloads/eval/our_SB_5/7021-85628-0020__to__7176-92135-0038.wav,/Users/davidmillard/Downloads/eval/freevc/target/7021-85628-0020_to_7176-92135-0038_target.flac,True,0.4298892617225647,2.967102289199829
1041,our_SB_5,7021/85628/7021-85628-0022.flac,7729/102255/7729-102255-0010.flac,7021-85628-0022,7729-102255-0010,/Users/davidmillard/Downloads/eval/our_SB_5/7021-85628-0022__to__7729-102255-0010.wav,/Users/davidmillard/Downloads/eval/freevc/target/7021-85628-0022_to_7729-102255-0010_target.flac,True,0.3345335125923157,3.013273000717163
1042,our_SB_5,7021/85628/7021-85628-0024.flac,7729/102255/7729-102255-0025.flac,7021-85628-0024,7729-102255-0025,/Users/davidmillard/Downloads/eval/our_SB_5/7021-85628-0024__to__7729-102255-0025.wav,/Users/davidmillard/Downloads/eval/freevc/target/7021-85628-0024_to_7729-102255-0025_target.flac,True,0.3949389457702636,3.079944610595703
1043,our_SB_5,7021/85628/7021-85628-0026.flac,8224/274381/8224-274381-0001.flac,7021-85628-0026,8224-274381-0001,/Users/davidmillard/Downloads/eval/our_SB_5/7021-85628-0026__to__8224-274381-0001.wav,/Users/davidmillard/Downloads/eval/freevc/target/7021-85628-0026_to_8224-274381-0001_target.flac,True,0.2152525931596756,3.122352361679077
1044,our_SB_5,7127/75946/7127-75946-0000.flac,2830/3979/2830-3979-0007.flac,7127-75946-0000,2830-3979-0007,/Users/davidmillard/Downloads/eval/our_SB_5/7127-75946-0000__to__2830-3979-0007.wav,/Users/davidmillard/Downloads/eval/freevc/target/7127-75946-0000_to_2830-3979-0007_target.flac,True,0.3802348971366882,2.688777446746826
1045,our_SB_5,7127/75946/7127-75946-0002.flac,6930/75918/6930-75918-0006.flac,7127-75946-0002,6930-75918-0006,/Users/davidmillard/Downloads/eval/our_SB_5/7127-75946-0002__to__6930-75918-0006.wav,/Users/davidmillard/Downloads/eval/freevc/target/7127-75946-0002_to_6930-75918-0006_target.flac,True,0.1927619278430938,2.651599884033203
1046,our_SB_5,7127/75946/7127-75946-0004.flac,2830/3980/2830-3980-0022.flac,7127-75946-0004,2830-3980-0022,/Users/davidmillard/Downloads/eval/our_SB_5/7127-75946-0004__to__2830-3980-0022.wav,/Users/davidmillard/Downloads/eval/freevc/target/7127-75946-0004_to_2830-3980-0022_target.flac,True,0.2910987138748169,3.00532603263855
1047,our_SB_5,7127/75946/7127-75946-0006.flac,7729/102255/7729-102255-0025.flac,7127-75946-0006,7729-102255-0025,/Users/davidmillard/Downloads/eval/our_SB_5/7127-75946-0006__to__7729-102255-0025.wav,/Users/davidmillard/Downloads/eval/freevc/target/7127-75946-0006_to_7729-102255-0025_target.flac,True,0.2855089604854584,3.3887338638305664
1048,our_SB_5,7127/75946/7127-75946-0008.flac,3575/170457/3575-170457-0023.flac,7127-75946-0008,3575-170457-0023,/Users/davidmillard/Downloads/eval/our_SB_5/7127-75946-0008__to__3575-170457-0023.wav,/Users/davidmillard/Downloads/eval/freevc/target/7127-75946-0008_to_3575-170457-0023_target.flac,True,0.2739511728286743,3.2898104190826416
1049,our_SB_5,7127/75946/7127-75946-0010.flac,260/123288/260-123288-0028.flac,7127-75946-0010,260-123288-0028,/Users/davidmillard/Downloads/eval/our_SB_5/7127-75946-0010__to__260-123288-0028.wav,/Users/davidmillard/Downloads/eval/freevc/target/7127-75946-0010_to_260-123288-0028_target.flac,True,0.1318134814500808,2.871351718902588
1050,our_SB_5,7127/75946/7127-75946-0012.flac,5105/28240/5105-28240-0011.flac,7127-75946-0012,5105-28240-0011,/Users/davidmillard/Downloads/eval/our_SB_5/7127-75946-0012__to__5105-28240-0011.wav,/Users/davidmillard/Downloads/eval/freevc/target/7127-75946-0012_to_5105-28240-0011_target.flac,True,0.300224244594574,2.966485023498535
1051,our_SB_5,7127/75946/7127-75946-0014.flac,1320/122617/1320-122617-0001.flac,7127-75946-0014,1320-122617-0001,/Users/davidmillard/Downloads/eval/our_SB_5/7127-75946-0014__to__1320-122617-0001.wav,/Users/davidmillard/Downloads/eval/freevc/target/7127-75946-0014_to_1320-122617-0001_target.flac,True,0.4049404859542846,3.0952930450439453
1052,our_SB_5,7127/75946/7127-75946-0016.flac,1221/135766/1221-135766-0010.flac,7127-75946-0016,1221-135766-0010,/Users/davidmillard/Downloads/eval/our_SB_5/7127-75946-0016__to__1221-135766-0010.wav,/Users/davidmillard/Downloads/eval/freevc/target/7127-75946-0016_to_1221-135766-0010_target.flac,True,0.4076690077781677,2.3588852882385254
1053,our_SB_5,7127/75946/7127-75946-0018.flac,3570/5696/3570-5696-0002.flac,7127-75946-0018,3570-5696-0002,/Users/davidmillard/Downloads/eval/our_SB_5/7127-75946-0018__to__3570-5696-0002.wav,/Users/davidmillard/Downloads/eval/freevc/target/7127-75946-0018_to_3570-5696-0002_target.flac,True,0.3096576035022735,3.347177743911743
1054,our_SB_5,7127/75946/7127-75946-0020.flac,2961/960/2961-960-0017.flac,7127-75946-0020,2961-960-0017,/Users/davidmillard/Downloads/eval/our_SB_5/7127-75946-0020__to__2961-960-0017.wav,/Users/davidmillard/Downloads/eval/freevc/target/7127-75946-0020_to_2961-960-0017_target.flac,True,0.0638468563556671,3.0961666107177734
1055,our_SB_5,7127/75946/7127-75946-0022.flac,1188/133604/1188-133604-0043.flac,7127-75946-0022,1188-133604-0043,/Users/davidmillard/Downloads/eval/our_SB_5/7127-75946-0022__to__1188-133604-0043.wav,/Users/davidmillard/Downloads/eval/freevc/target/7127-75946-0022_to_1188-133604-0043_target.flac,True,0.3807582259178161,2.7315306663513184
1056,our_SB_5,7127/75946/7127-75946-0024.flac,2094/142345/2094-142345-0041.flac,7127-75946-0024,2094-142345-0041,/Users/davidmillard/Downloads/eval/our_SB_5/7127-75946-0024__to__2094-142345-0041.wav,/Users/davidmillard/Downloads/eval/freevc/target/7127-75946-0024_to_2094-142345-0041_target.flac,True,0.0295897684991359,3.6529109477996826
1057,our_SB_5,7127/75946/7127-75946-0026.flac,1089/134686/1089-134686-0028.flac,7127-75946-0026,1089-134686-0028,/Users/davidmillard/Downloads/eval/our_SB_5/7127-75946-0026__to__1089-134686-0028.wav,/Users/davidmillard/Downloads/eval/freevc/target/7127-75946-0026_to_1089-134686-0028_target.flac,True,0.4027788639068603,2.7618954181671143
1058,our_SB_5,7127/75946/7127-75946-0028.flac,4507/16021/4507-16021-0045.flac,7127-75946-0028,4507-16021-0045,/Users/davidmillard/Downloads/eval/our_SB_5/7127-75946-0028__to__4507-16021-0045.wav,/Users/davidmillard/Downloads/eval/freevc/target/7127-75946-0028_to_4507-16021-0045_target.flac,True,0.3936210572719574,3.3741893768310547
1059,our_SB_5,7127/75947/7127-75947-0000.flac,5639/40744/5639-40744-0022.flac,7127-75947-0000,5639-40744-0022,/Users/davidmillard/Downloads/eval/our_SB_5/7127-75947-0000__to__5639-40744-0022.wav,/Users/davidmillard/Downloads/eval/freevc/target/7127-75947-0000_to_5639-40744-0022_target.flac,True,0.3621011674404144,3.263270854949951
1060,our_SB_5,7127/75947/7127-75947-0002.flac,2961/961/2961-961-0006.flac,7127-75947-0002,2961-961-0006,/Users/davidmillard/Downloads/eval/our_SB_5/7127-75947-0002__to__2961-961-0006.wav,/Users/davidmillard/Downloads/eval/freevc/target/7127-75947-0002_to_2961-961-0006_target.flac,True,0.1080763787031173,3.59411358833313
1061,our_SB_5,7127/75947/7127-75947-0004.flac,8224/274384/8224-274384-0007.flac,7127-75947-0004,8224-274384-0007,/Users/davidmillard/Downloads/eval/our_SB_5/7127-75947-0004__to__8224-274384-0007.wav,/Users/davidmillard/Downloads/eval/freevc/target/7127-75947-0004_to_8224-274384-0007_target.flac,True,0.2337636500597,2.9226362705230713
1062,our_SB_5,7127/75947/7127-75947-0006.flac,1089/134691/1089-134691-0009.flac,7127-75947-0006,1089-134691-0009,/Users/davidmillard/Downloads/eval/our_SB_5/7127-75947-0006__to__1089-134691-0009.wav,/Users/davidmillard/Downloads/eval/freevc/target/7127-75947-0006_to_1089-134691-0009_target.flac,True,0.3894586861133575,3.9297242164611816
1063,our_SB_5,7127/75947/7127-75947-0008.flac,4507/16021/4507-16021-0043.flac,7127-75947-0008,4507-16021-0043,/Users/davidmillard/Downloads/eval/our_SB_5/7127-75947-0008__to__4507-16021-0043.wav,/Users/davidmillard/Downloads/eval/freevc/target/7127-75947-0008_to_4507-16021-0043_target.flac,True,0.3214551210403442,3.5052852630615234
1064,our_SB_5,7127/75947/7127-75947-0010.flac,1284/1180/1284-1180-0021.flac,7127-75947-0010,1284-1180-0021,/Users/davidmillard/Downloads/eval/our_SB_5/7127-75947-0010__to__1284-1180-0021.wav,/Users/davidmillard/Downloads/eval/freevc/target/7127-75947-0010_to_1284-1180-0021_target.flac,True,0.4645693600177765,3.2780842781066895
1065,our_SB_5,7127/75947/7127-75947-0012.flac,4077/13751/4077-13751-0016.flac,7127-75947-0012,4077-13751-0016,/Users/davidmillard/Downloads/eval/our_SB_5/7127-75947-0012__to__4077-13751-0016.wav,/Users/davidmillard/Downloads/eval/freevc/target/7127-75947-0012_to_4077-13751-0016_target.flac,True,0.2362800538539886,2.427154302597046
1066,our_SB_5,7127/75947/7127-75947-0014.flac,2300/131720/2300-131720-0033.flac,7127-75947-0014,2300-131720-0033,/Users/davidmillard/Downloads/eval/our_SB_5/7127-75947-0014__to__2300-131720-0033.wav,/Users/davidmillard/Downloads/eval/freevc/target/7127-75947-0014_to_2300-131720-0033_target.flac,True,0.4356959462165832,3.6677894592285156
1067,our_SB_5,7127/75947/7127-75947-0016.flac,908/157963/908-157963-0025.flac,7127-75947-0016,908-157963-0025,/Users/davidmillard/Downloads/eval/our_SB_5/7127-75947-0016__to__908-157963-0025.wav,/Users/davidmillard/Downloads/eval/freevc/target/7127-75947-0016_to_908-157963-0025_target.flac,True,0.1888847649097442,2.879758834838867
1068,our_SB_5,7127/75947/7127-75947-0018.flac,2094/142345/2094-142345-0046.flac,7127-75947-0018,2094-142345-0046,/Users/davidmillard/Downloads/eval/our_SB_5/7127-75947-0018__to__2094-142345-0046.wav,/Users/davidmillard/Downloads/eval/freevc/target/7127-75947-0018_to_2094-142345-0046_target.flac,True,0.3769448697566986,3.054936408996582
1069,our_SB_5,7127/75947/7127-75947-0020.flac,7176/92135/7176-92135-0009.flac,7127-75947-0020,7176-92135-0009,/Users/davidmillard/Downloads/eval/our_SB_5/7127-75947-0020__to__7176-92135-0009.wav,/Users/davidmillard/Downloads/eval/freevc/target/7127-75947-0020_to_7176-92135-0009_target.flac,True,0.1348160952329635,3.781067132949829
1070,our_SB_5,7127/75947/7127-75947-0022.flac,5683/32879/5683-32879-0000.flac,7127-75947-0022,5683-32879-0000,/Users/davidmillard/Downloads/eval/our_SB_5/7127-75947-0022__to__5683-32879-0000.wav,/Users/davidmillard/Downloads/eval/freevc/target/7127-75947-0022_to_5683-32879-0000_target.flac,True,0.379688024520874,3.6123294830322266
1071,our_SB_5,7127/75947/7127-75947-0024.flac,8463/294825/8463-294825-0009.flac,7127-75947-0024,8463-294825-0009,/Users/davidmillard/Downloads/eval/our_SB_5/7127-75947-0024__to__8463-294825-0009.wav,/Users/davidmillard/Downloads/eval/freevc/target/7127-75947-0024_to_8463-294825-0009_target.flac,True,0.2615850269794464,3.058027982711792
1072,our_SB_5,7127/75947/7127-75947-0026.flac,3570/5696/3570-5696-0004.flac,7127-75947-0026,3570-5696-0004,/Users/davidmillard/Downloads/eval/our_SB_5/7127-75947-0026__to__3570-5696-0004.wav,/Users/davidmillard/Downloads/eval/freevc/target/7127-75947-0026_to_3570-5696-0004_target.flac,True,0.2965557873249054,3.6612048149108887
1073,our_SB_5,7127/75947/7127-75947-0028.flac,7021/85628/7021-85628-0027.flac,7127-75947-0028,7021-85628-0027,/Users/davidmillard/Downloads/eval/our_SB_5/7127-75947-0028__to__7021-85628-0027.wav,/Users/davidmillard/Downloads/eval/freevc/target/7127-75947-0028_to_7021-85628-0027_target.flac,True,0.2931291460990906,3.1315431594848633
1074,our_SB_5,7127/75947/7127-75947-0030.flac,4507/16021/4507-16021-0054.flac,7127-75947-0030,4507-16021-0054,/Users/davidmillard/Downloads/eval/our_SB_5/7127-75947-0030__to__4507-16021-0054.wav,/Users/davidmillard/Downloads/eval/freevc/target/7127-75947-0030_to_4507-16021-0054_target.flac,True,0.4795161187648773,3.5188605785369873
1075,our_SB_5,7127/75947/7127-75947-0032.flac,8455/210777/8455-210777-0023.flac,7127-75947-0032,8455-210777-0023,/Users/davidmillard/Downloads/eval/our_SB_5/7127-75947-0032__to__8455-210777-0023.wav,/Users/davidmillard/Downloads/eval/freevc/target/7127-75947-0032_to_8455-210777-0023_target.flac,True,0.4266648292541504,2.0220985412597656
1076,our_SB_5,7127/75947/7127-75947-0034.flac,7021/79730/7021-79730-0008.flac,7127-75947-0034,7021-79730-0008,/Users/davidmillard/Downloads/eval/our_SB_5/7127-75947-0034__to__7021-79730-0008.wav,/Users/davidmillard/Downloads/eval/freevc/target/7127-75947-0034_to_7021-79730-0008_target.flac,True,0.2076996713876724,3.513249635696411
1077,our_SB_5,7127/75947/7127-75947-0036.flac,8455/210777/8455-210777-0023.flac,7127-75947-0036,8455-210777-0023,/Users/davidmillard/Downloads/eval/our_SB_5/7127-75947-0036__to__8455-210777-0023.wav,/Users/davidmillard/Downloads/eval/freevc/target/7127-75947-0036_to_8455-210777-0023_target.flac,True,0.3602496683597564,3.3444082736968994
1078,our_SB_5,7127/75947/7127-75947-0038.flac,1320/122612/1320-122612-0014.flac,7127-75947-0038,1320-122612-0014,/Users/davidmillard/Downloads/eval/our_SB_5/7127-75947-0038__to__1320-122612-0014.wav,/Users/davidmillard/Downloads/eval/freevc/target/7127-75947-0038_to_1320-122612-0014_target.flac,True,0.4564462006092071,2.9803428649902344
1079,our_SB_5,7127/75947/7127-75947-0040.flac,4507/16021/4507-16021-0026.flac,7127-75947-0040,4507-16021-0026,/Users/davidmillard/Downloads/eval/our_SB_5/7127-75947-0040__to__4507-16021-0026.wav,/Users/davidmillard/Downloads/eval/freevc/target/7127-75947-0040_to_4507-16021-0026_target.flac,True,0.4117790460586548,3.551279306411743
1080,our_SB_5,7176/88083/7176-88083-0001.flac,3729/6852/3729-6852-0037.flac,7176-88083-0001,3729-6852-0037,/Users/davidmillard/Downloads/eval/our_SB_5/7176-88083-0001__to__3729-6852-0037.wav,/Users/davidmillard/Downloads/eval/freevc/target/7176-88083-0001_to_3729-6852-0037_target.flac,True,0.478041261434555,3.485717296600342
1081,our_SB_5,7176/88083/7176-88083-0003.flac,1995/1837/1995-1837-0018.flac,7176-88083-0003,1995-1837-0018,/Users/davidmillard/Downloads/eval/our_SB_5/7176-88083-0003__to__1995-1837-0018.wav,/Users/davidmillard/Downloads/eval/freevc/target/7176-88083-0003_to_1995-1837-0018_target.flac,True,0.285235196352005,3.5902836322784424
1082,our_SB_5,7176/88083/7176-88083-0005.flac,8555/284449/8555-284449-0012.flac,7176-88083-0005,8555-284449-0012,/Users/davidmillard/Downloads/eval/our_SB_5/7176-88083-0005__to__8555-284449-0012.wav,/Users/davidmillard/Downloads/eval/freevc/target/7176-88083-0005_to_8555-284449-0012_target.flac,True,0.3191655278205871,2.8392174243927
1083,our_SB_5,7176/88083/7176-88083-0007.flac,2830/3980/2830-3980-0051.flac,7176-88083-0007,2830-3980-0051,/Users/davidmillard/Downloads/eval/our_SB_5/7176-88083-0007__to__2830-3980-0051.wav,/Users/davidmillard/Downloads/eval/freevc/target/7176-88083-0007_to_2830-3980-0051_target.flac,True,0.4660300612449646,3.060659408569336
1084,our_SB_5,7176/88083/7176-88083-0009.flac,8224/274384/8224-274384-0001.flac,7176-88083-0009,8224-274384-0001,/Users/davidmillard/Downloads/eval/our_SB_5/7176-88083-0009__to__8224-274384-0001.wav,/Users/davidmillard/Downloads/eval/freevc/target/7176-88083-0009_to_8224-274384-0001_target.flac,True,0.1952547580003738,2.6627423763275146
1085,our_SB_5,7176/88083/7176-88083-0011.flac,2300/131720/2300-131720-0008.flac,7176-88083-0011,2300-131720-0008,/Users/davidmillard/Downloads/eval/our_SB_5/7176-88083-0011__to__2300-131720-0008.wav,/Users/davidmillard/Downloads/eval/freevc/target/7176-88083-0011_to_2300-131720-0008_target.flac,True,0.128495991230011,3.160722017288208
1086,our_SB_5,7176/88083/7176-88083-0013.flac,61/70970/61-70970-0009.flac,7176-88083-0013,61-70970-0009,/Users/davidmillard/Downloads/eval/our_SB_5/7176-88083-0013__to__61-70970-0009.wav,/Users/davidmillard/Downloads/eval/freevc/target/7176-88083-0013_to_61-70970-0009_target.flac,True,0.4264498949050903,2.9384963512420654
1087,our_SB_5,7176/88083/7176-88083-0015.flac,4970/29095/4970-29095-0031.flac,7176-88083-0015,4970-29095-0031,/Users/davidmillard/Downloads/eval/our_SB_5/7176-88083-0015__to__4970-29095-0031.wav,/Users/davidmillard/Downloads/eval/freevc/target/7176-88083-0015_to_4970-29095-0031_target.flac,True,0.3440761268138885,2.97660493850708
1088,our_SB_5,7176/88083/7176-88083-0017.flac,7127/75947/7127-75947-0012.flac,7176-88083-0017,7127-75947-0012,/Users/davidmillard/Downloads/eval/our_SB_5/7176-88083-0017__to__7127-75947-0012.wav,/Users/davidmillard/Downloads/eval/freevc/target/7176-88083-0017_to_7127-75947-0012_target.flac,True,0.1972987502813339,2.957676410675049
1089,our_SB_5,7176/88083/7176-88083-0019.flac,1221/135766/1221-135766-0000.flac,7176-88083-0019,1221-135766-0000,/Users/davidmillard/Downloads/eval/our_SB_5/7176-88083-0019__to__1221-135766-0000.wav,/Users/davidmillard/Downloads/eval/freevc/target/7176-88083-0019_to_1221-135766-0000_target.flac,True,0.2291212230920791,2.811502456665039
1090,our_SB_5,7176/88083/7176-88083-0021.flac,2961/960/2961-960-0010.flac,7176-88083-0021,2961-960-0010,/Users/davidmillard/Downloads/eval/our_SB_5/7176-88083-0021__to__2961-960-0010.wav,/Users/davidmillard/Downloads/eval/freevc/target/7176-88083-0021_to_2961-960-0010_target.flac,True,0.0688750296831131,3.0204358100891113
1091,our_SB_5,7176/88083/7176-88083-0023.flac,7127/75946/7127-75946-0011.flac,7176-88083-0023,7127-75946-0011,/Users/davidmillard/Downloads/eval/our_SB_5/7176-88083-0023__to__7127-75946-0011.wav,/Users/davidmillard/Downloads/eval/freevc/target/7176-88083-0023_to_7127-75946-0011_target.flac,True,0.2541696429252624,3.4848461151123047
1092,our_SB_5,7176/88083/7176-88083-0025.flac,672/122797/672-122797-0054.flac,7176-88083-0025,672-122797-0054,/Users/davidmillard/Downloads/eval/our_SB_5/7176-88083-0025__to__672-122797-0054.wav,/Users/davidmillard/Downloads/eval/freevc/target/7176-88083-0025_to_672-122797-0054_target.flac,True,0.099012479186058,2.871246099472046
1093,our_SB_5,7176/88083/7176-88083-0027.flac,7021/79740/7021-79740-0014.flac,7176-88083-0027,7021-79740-0014,/Users/davidmillard/Downloads/eval/our_SB_5/7176-88083-0027__to__7021-79740-0014.wav,/Users/davidmillard/Downloads/eval/freevc/target/7176-88083-0027_to_7021-79740-0014_target.flac,True,0.1684854477643966,2.3343589305877686
1094,our_SB_5,7176/92135/7176-92135-0001.flac,8230/279154/8230-279154-0012.flac,7176-92135-0001,8230-279154-0012,/Users/davidmillard/Downloads/eval/our_SB_5/7176-92135-0001__to__8230-279154-0012.wav,/Users/davidmillard/Downloads/eval/freevc/target/7176-92135-0001_to_8230-279154-0012_target.flac,True,0.3557860851287842,2.401139736175537
1095,our_SB_5,7176/92135/7176-92135-0003.flac,4970/29095/4970-29095-0024.flac,7176-92135-0003,4970-29095-0024,/Users/davidmillard/Downloads/eval/our_SB_5/7176-92135-0003__to__4970-29095-0024.wav,/Users/davidmillard/Downloads/eval/freevc/target/7176-92135-0003_to_4970-29095-0024_target.flac,True,0.4086650907993316,2.686317205429077
1096,our_SB_5,7176/92135/7176-92135-0005.flac,1188/133604/1188-133604-0043.flac,7176-92135-0005,1188-133604-0043,/Users/davidmillard/Downloads/eval/our_SB_5/7176-92135-0005__to__1188-133604-0043.wav,/Users/davidmillard/Downloads/eval/freevc/target/7176-92135-0005_to_1188-133604-0043_target.flac,True,0.2525040507316589,3.0300862789154053
1097,our_SB_5,7176/92135/7176-92135-0007.flac,3570/5696/3570-5696-0005.flac,7176-92135-0007,3570-5696-0005,/Users/davidmillard/Downloads/eval/our_SB_5/7176-92135-0007__to__3570-5696-0005.wav,/Users/davidmillard/Downloads/eval/freevc/target/7176-92135-0007_to_3570-5696-0005_target.flac,True,0.3268872499465942,3.315725326538086
1098,our_SB_5,7176/92135/7176-92135-0009.flac,2094/142345/2094-142345-0006.flac,7176-92135-0009,2094-142345-0006,/Users/davidmillard/Downloads/eval/our_SB_5/7176-92135-0009__to__2094-142345-0006.wav,/Users/davidmillard/Downloads/eval/freevc/target/7176-92135-0009_to_2094-142345-0006_target.flac,True,0.3668721616268158,3.600329637527466
1099,our_SB_5,7176/92135/7176-92135-0011.flac,8555/284447/8555-284447-0019.flac,7176-92135-0011,8555-284447-0019,/Users/davidmillard/Downloads/eval/our_SB_5/7176-92135-0011__to__8555-284447-0019.wav,/Users/davidmillard/Downloads/eval/freevc/target/7176-92135-0011_to_8555-284447-0019_target.flac,True,0.268541008234024,3.260589122772217
1100,our_SB_5,7176/92135/7176-92135-0013.flac,121/123852/121-123852-0004.flac,7176-92135-0013,121-123852-0004,/Users/davidmillard/Downloads/eval/our_SB_5/7176-92135-0013__to__121-123852-0004.wav,/Users/davidmillard/Downloads/eval/freevc/target/7176-92135-0013_to_121-123852-0004_target.flac,True,0.1555500775575637,3.720111608505249
1101,our_SB_5,7176/92135/7176-92135-0015.flac,8224/274384/8224-274384-0003.flac,7176-92135-0015,8224-274384-0003,/Users/davidmillard/Downloads/eval/our_SB_5/7176-92135-0015__to__8224-274384-0003.wav,/Users/davidmillard/Downloads/eval/freevc/target/7176-92135-0015_to_8224-274384-0003_target.flac,True,0.1877486109733581,2.3271262645721436
1102,our_SB_5,7176/92135/7176-92135-0017.flac,4992/41806/4992-41806-0013.flac,7176-92135-0017,4992-41806-0013,/Users/davidmillard/Downloads/eval/our_SB_5/7176-92135-0017__to__4992-41806-0013.wav,/Users/davidmillard/Downloads/eval/freevc/target/7176-92135-0017_to_4992-41806-0013_target.flac,True,0.4181412160396576,2.8747289180755615
1103,our_SB_5,7176/92135/7176-92135-0019.flac,2830/3980/2830-3980-0008.flac,7176-92135-0019,2830-3980-0008,/Users/davidmillard/Downloads/eval/our_SB_5/7176-92135-0019__to__2830-3980-0008.wav,/Users/davidmillard/Downloads/eval/freevc/target/7176-92135-0019_to_2830-3980-0008_target.flac,True,0.3340048193931579,2.989884853363037
1104,our_SB_5,7176/92135/7176-92135-0021.flac,3570/5694/3570-5694-0014.flac,7176-92135-0021,3570-5694-0014,/Users/davidmillard/Downloads/eval/our_SB_5/7176-92135-0021__to__3570-5694-0014.wav,/Users/davidmillard/Downloads/eval/freevc/target/7176-92135-0021_to_3570-5694-0014_target.flac,True,0.3297893106937408,3.018660306930542
1105,our_SB_5,7176/92135/7176-92135-0023.flac,1188/133604/1188-133604-0037.flac,7176-92135-0023,1188-133604-0037,/Users/davidmillard/Downloads/eval/our_SB_5/7176-92135-0023__to__1188-133604-0037.wav,/Users/davidmillard/Downloads/eval/freevc/target/7176-92135-0023_to_1188-133604-0037_target.flac,True,0.441805362701416,3.1114211082458496
1106,our_SB_5,7176/92135/7176-92135-0025.flac,1995/1837/1995-1837-0004.flac,7176-92135-0025,1995-1837-0004,/Users/davidmillard/Downloads/eval/our_SB_5/7176-92135-0025__to__1995-1837-0004.wav,/Users/davidmillard/Downloads/eval/freevc/target/7176-92135-0025_to_1995-1837-0004_target.flac,True,0.228468582034111,2.864281177520752
1107,our_SB_5,7176/92135/7176-92135-0027.flac,3729/6852/3729-6852-0034.flac,7176-92135-0027,3729-6852-0034,/Users/davidmillard/Downloads/eval/our_SB_5/7176-92135-0027__to__3729-6852-0034.wav,/Users/davidmillard/Downloads/eval/freevc/target/7176-92135-0027_to_3729-6852-0034_target.flac,True,0.3192431330680847,3.393596649169922
1108,our_SB_5,7176/92135/7176-92135-0029.flac,1221/135766/1221-135766-0006.flac,7176-92135-0029,1221-135766-0006,/Users/davidmillard/Downloads/eval/our_SB_5/7176-92135-0029__to__1221-135766-0006.wav,/Users/davidmillard/Downloads/eval/freevc/target/7176-92135-0029_to_1221-135766-0006_target.flac,True,0.2079801559448242,2.7272799015045166
1109,our_SB_5,7176/92135/7176-92135-0031.flac,1995/1837/1995-1837-0011.flac,7176-92135-0031,1995-1837-0011,/Users/davidmillard/Downloads/eval/our_SB_5/7176-92135-0031__to__1995-1837-0011.wav,/Users/davidmillard/Downloads/eval/freevc/target/7176-92135-0031_to_1995-1837-0011_target.flac,True,0.1841358542442321,3.548170328140259
1110,our_SB_5,7176/92135/7176-92135-0033.flac,1995/1837/1995-1837-0028.flac,7176-92135-0033,1995-1837-0028,/Users/davidmillard/Downloads/eval/our_SB_5/7176-92135-0033__to__1995-1837-0028.wav,/Users/davidmillard/Downloads/eval/freevc/target/7176-92135-0033_to_1995-1837-0028_target.flac,True,0.2155202478170395,3.0031299591064453
1111,our_SB_5,7176/92135/7176-92135-0035.flac,2300/131720/2300-131720-0013.flac,7176-92135-0035,2300-131720-0013,/Users/davidmillard/Downloads/eval/our_SB_5/7176-92135-0035__to__2300-131720-0013.wav,/Users/davidmillard/Downloads/eval/freevc/target/7176-92135-0035_to_2300-131720-0013_target.flac,True,0.2411246746778488,2.957029342651367
1112,our_SB_5,7176/92135/7176-92135-0037.flac,61/70970/61-70970-0021.flac,7176-92135-0037,61-70970-0021,/Users/davidmillard/Downloads/eval/our_SB_5/7176-92135-0037__to__61-70970-0021.wav,/Users/davidmillard/Downloads/eval/freevc/target/7176-92135-0037_to_61-70970-0021_target.flac,True,0.4881401062011719,2.795457363128662
1113,our_SB_5,7176/92135/7176-92135-0039.flac,8224/274381/8224-274381-0017.flac,7176-92135-0039,8224-274381-0017,/Users/davidmillard/Downloads/eval/our_SB_5/7176-92135-0039__to__8224-274381-0017.wav,/Users/davidmillard/Downloads/eval/freevc/target/7176-92135-0039_to_8224-274381-0017_target.flac,True,0.2136212885379791,2.911787986755371
1114,our_SB_5,7176/92135/7176-92135-0041.flac,2094/142345/2094-142345-0026.flac,7176-92135-0041,2094-142345-0026,/Users/davidmillard/Downloads/eval/our_SB_5/7176-92135-0041__to__2094-142345-0026.wav,/Users/davidmillard/Downloads/eval/freevc/target/7176-92135-0041_to_2094-142345-0026_target.flac,True,0.4577493667602539,3.2825334072113037
1115,our_SB_5,7176/92135/7176-92135-0043.flac,1995/1836/1995-1836-0009.flac,7176-92135-0043,1995-1836-0009,/Users/davidmillard/Downloads/eval/our_SB_5/7176-92135-0043__to__1995-1836-0009.wav,/Users/davidmillard/Downloads/eval/freevc/target/7176-92135-0043_to_1995-1836-0009_target.flac,True,0.2867202162742615,2.879855155944824
1116,our_SB_5,7176/92135/7176-92135-0045.flac,7127/75946/7127-75946-0025.flac,7176-92135-0045,7127-75946-0025,/Users/davidmillard/Downloads/eval/our_SB_5/7176-92135-0045__to__7127-75946-0025.wav,/Users/davidmillard/Downloads/eval/freevc/target/7176-92135-0045_to_7127-75946-0025_target.flac,True,0.32842618227005,2.9152157306671143
1117,our_SB_5,7729/102255/7729-102255-0001.flac,3729/6852/3729-6852-0033.flac,7729-102255-0001,3729-6852-0033,/Users/davidmillard/Downloads/eval/our_SB_5/7729-102255-0001__to__3729-6852-0033.wav,/Users/davidmillard/Downloads/eval/freevc/target/7729-102255-0001_to_3729-6852-0033_target.flac,True,0.4744323492050171,3.3589608669281006
1118,our_SB_5,7729/102255/7729-102255-0003.flac,61/70968/61-70968-0037.flac,7729-102255-0003,61-70968-0037,/Users/davidmillard/Downloads/eval/our_SB_5/7729-102255-0003__to__61-70968-0037.wav,/Users/davidmillard/Downloads/eval/freevc/target/7729-102255-0003_to_61-70968-0037_target.flac,True,0.3688527047634125,2.993760585784912
1119,our_SB_5,7729/102255/7729-102255-0005.flac,8455/210777/8455-210777-0063.flac,7729-102255-0005,8455-210777-0063,/Users/davidmillard/Downloads/eval/our_SB_5/7729-102255-0005__to__8455-210777-0063.wav,/Users/davidmillard/Downloads/eval/freevc/target/7729-102255-0005_to_8455-210777-0063_target.flac,True,0.177394688129425,3.2580113410949707
1120,our_SB_5,7729/102255/7729-102255-0007.flac,7021/79740/7021-79740-0011.flac,7729-102255-0007,7021-79740-0011,/Users/davidmillard/Downloads/eval/our_SB_5/7729-102255-0007__to__7021-79740-0011.wav,/Users/davidmillard/Downloads/eval/freevc/target/7729-102255-0007_to_7021-79740-0011_target.flac,True,0.165765106678009,4.076463222503662
1121,our_SB_5,7729/102255/7729-102255-0009.flac,1089/134686/1089-134686-0011.flac,7729-102255-0009,1089-134686-0011,/Users/davidmillard/Downloads/eval/our_SB_5/7729-102255-0009__to__1089-134686-0011.wav,/Users/davidmillard/Downloads/eval/freevc/target/7729-102255-0009_to_1089-134686-0011_target.flac,True,0.3514206111431122,3.765500783920288
1122,our_SB_5,7729/102255/7729-102255-0011.flac,2300/131720/2300-131720-0005.flac,7729-102255-0011,2300-131720-0005,/Users/davidmillard/Downloads/eval/our_SB_5/7729-102255-0011__to__2300-131720-0005.wav,/Users/davidmillard/Downloads/eval/freevc/target/7729-102255-0011_to_2300-131720-0005_target.flac,True,0.3387013673782348,3.2276225090026855
1123,our_SB_5,7729/102255/7729-102255-0013.flac,1580/141083/1580-141083-0032.flac,7729-102255-0013,1580-141083-0032,/Users/davidmillard/Downloads/eval/our_SB_5/7729-102255-0013__to__1580-141083-0032.wav,/Users/davidmillard/Downloads/eval/freevc/target/7729-102255-0013_to_1580-141083-0032_target.flac,True,0.4887750148773193,3.89096736907959
1124,our_SB_5,7729/102255/7729-102255-0015.flac,4446/2273/4446-2273-0008.flac,7729-102255-0015,4446-2273-0008,/Users/davidmillard/Downloads/eval/our_SB_5/7729-102255-0015__to__4446-2273-0008.wav,/Users/davidmillard/Downloads/eval/freevc/target/7729-102255-0015_to_4446-2273-0008_target.flac,True,0.2976880073547363,3.160881519317627
1125,our_SB_5,7729/102255/7729-102255-0017.flac,1580/141084/1580-141084-0050.flac,7729-102255-0017,1580-141084-0050,/Users/davidmillard/Downloads/eval/our_SB_5/7729-102255-0017__to__1580-141084-0050.wav,/Users/davidmillard/Downloads/eval/freevc/target/7729-102255-0017_to_1580-141084-0050_target.flac,True,0.3561606407165527,3.39491868019104
1126,our_SB_5,7729/102255/7729-102255-0019.flac,4446/2273/4446-2273-0021.flac,7729-102255-0019,4446-2273-0021,/Users/davidmillard/Downloads/eval/our_SB_5/7729-102255-0019__to__4446-2273-0021.wav,/Users/davidmillard/Downloads/eval/freevc/target/7729-102255-0019_to_4446-2273-0021_target.flac,True,0.2782655954360962,3.650691270828247
1127,our_SB_5,7729/102255/7729-102255-0021.flac,1995/1826/1995-1826-0012.flac,7729-102255-0021,1995-1826-0012,/Users/davidmillard/Downloads/eval/our_SB_5/7729-102255-0021__to__1995-1826-0012.wav,/Users/davidmillard/Downloads/eval/freevc/target/7729-102255-0021_to_1995-1826-0012_target.flac,True,0.2007375359535217,3.4677722454071045
1128,our_SB_5,7729/102255/7729-102255-0023.flac,2094/142345/2094-142345-0042.flac,7729-102255-0023,2094-142345-0042,/Users/davidmillard/Downloads/eval/our_SB_5/7729-102255-0023__to__2094-142345-0042.wav,/Users/davidmillard/Downloads/eval/freevc/target/7729-102255-0023_to_2094-142345-0042_target.flac,True,0.2208494246006012,3.5136494636535645
1129,our_SB_5,7729/102255/7729-102255-0025.flac,5105/28240/5105-28240-0017.flac,7729-102255-0025,5105-28240-0017,/Users/davidmillard/Downloads/eval/our_SB_5/7729-102255-0025__to__5105-28240-0017.wav,/Users/davidmillard/Downloads/eval/freevc/target/7729-102255-0025_to_5105-28240-0017_target.flac,True,0.3153918385505676,3.1448733806610107
1130,our_SB_5,7729/102255/7729-102255-0027.flac,5142/33396/5142-33396-0043.flac,7729-102255-0027,5142-33396-0043,/Users/davidmillard/Downloads/eval/our_SB_5/7729-102255-0027__to__5142-33396-0043.wav,/Users/davidmillard/Downloads/eval/freevc/target/7729-102255-0027_to_5142-33396-0043_target.flac,True,0.4308887422084808,2.9413864612579346
1131,our_SB_5,7729/102255/7729-102255-0029.flac,5683/32879/5683-32879-0002.flac,7729-102255-0029,5683-32879-0002,/Users/davidmillard/Downloads/eval/our_SB_5/7729-102255-0029__to__5683-32879-0002.wav,/Users/davidmillard/Downloads/eval/freevc/target/7729-102255-0029_to_5683-32879-0002_target.flac,True,0.2335323095321655,3.1530518531799316
1132,our_SB_5,7729/102255/7729-102255-0031.flac,5639/40744/5639-40744-0030.flac,7729-102255-0031,5639-40744-0030,/Users/davidmillard/Downloads/eval/our_SB_5/7729-102255-0031__to__5639-40744-0030.wav,/Users/davidmillard/Downloads/eval/freevc/target/7729-102255-0031_to_5639-40744-0030_target.flac,True,0.5067073106765747,3.543254852294922
1133,our_SB_5,7729/102255/7729-102255-0033.flac,237/126133/237-126133-0014.flac,7729-102255-0033,237-126133-0014,/Users/davidmillard/Downloads/eval/our_SB_5/7729-102255-0033__to__237-126133-0014.wav,/Users/davidmillard/Downloads/eval/freevc/target/7729-102255-0033_to_237-126133-0014_target.flac,True,0.3425797820091247,3.6280624866485596
1134,our_SB_5,7729/102255/7729-102255-0035.flac,1221/135766/1221-135766-0010.flac,7729-102255-0035,1221-135766-0010,/Users/davidmillard/Downloads/eval/our_SB_5/7729-102255-0035__to__1221-135766-0010.wav,/Users/davidmillard/Downloads/eval/freevc/target/7729-102255-0035_to_1221-135766-0010_target.flac,True,0.3517724573612213,3.216919422149658
1135,our_SB_5,7729/102255/7729-102255-0037.flac,8555/284449/8555-284449-0005.flac,7729-102255-0037,8555-284449-0005,/Users/davidmillard/Downloads/eval/our_SB_5/7729-102255-0037__to__8555-284449-0005.wav,/Users/davidmillard/Downloads/eval/freevc/target/7729-102255-0037_to_8555-284449-0005_target.flac,True,0.2562385499477386,3.3942811489105225
1136,our_SB_5,7729/102255/7729-102255-0039.flac,260/123440/260-123440-0017.flac,7729-102255-0039,260-123440-0017,/Users/davidmillard/Downloads/eval/our_SB_5/7729-102255-0039__to__260-123440-0017.wav,/Users/davidmillard/Downloads/eval/freevc/target/7729-102255-0039_to_260-123440-0017_target.flac,True,0.0822765529155731,3.166839838027954
1137,our_SB_5,7729/102255/7729-102255-0041.flac,1188/133604/1188-133604-0043.flac,7729-102255-0041,1188-133604-0043,/Users/davidmillard/Downloads/eval/our_SB_5/7729-102255-0041__to__1188-133604-0043.wav,/Users/davidmillard/Downloads/eval/freevc/target/7729-102255-0041_to_1188-133604-0043_target.flac,True,0.3217035830020904,3.2461774349212646
1138,our_SB_5,7729/102255/7729-102255-0043.flac,7127/75946/7127-75946-0014.flac,7729-102255-0043,7127-75946-0014,/Users/davidmillard/Downloads/eval/our_SB_5/7729-102255-0043__to__7127-75946-0014.wav,/Users/davidmillard/Downloads/eval/freevc/target/7729-102255-0043_to_7127-75946-0014_target.flac,True,0.3207854330539703,3.0381715297698975
1139,our_SB_5,7729/102255/7729-102255-0045.flac,121/121726/121-121726-0004.flac,7729-102255-0045,121-121726-0004,/Users/davidmillard/Downloads/eval/our_SB_5/7729-102255-0045__to__121-121726-0004.wav,/Users/davidmillard/Downloads/eval/freevc/target/7729-102255-0045_to_121-121726-0004_target.flac,True,0.175000712275505,3.670452356338501
1140,our_SB_5,8224/274381/8224-274381-0000.flac,4970/29093/4970-29093-0000.flac,8224-274381-0000,4970-29093-0000,/Users/davidmillard/Downloads/eval/our_SB_5/8224-274381-0000__to__4970-29093-0000.wav,/Users/davidmillard/Downloads/eval/freevc/target/8224-274381-0000_to_4970-29093-0000_target.flac,True,0.1111060455441474,3.861769437789917
1141,our_SB_5,8224/274381/8224-274381-0002.flac,8463/294825/8463-294825-0013.flac,8224-274381-0002,8463-294825-0013,/Users/davidmillard/Downloads/eval/our_SB_5/8224-274381-0002__to__8463-294825-0013.wav,/Users/davidmillard/Downloads/eval/freevc/target/8224-274381-0002_to_8463-294825-0013_target.flac,True,0.1800556033849716,3.3470101356506348
1142,our_SB_5,8224/274381/8224-274381-0004.flac,7729/102255/7729-102255-0044.flac,8224-274381-0004,7729-102255-0044,/Users/davidmillard/Downloads/eval/our_SB_5/8224-274381-0004__to__7729-102255-0044.wav,/Users/davidmillard/Downloads/eval/freevc/target/8224-274381-0004_to_7729-102255-0044_target.flac,True,0.1521014869213104,3.7376537322998047
1143,our_SB_5,8224/274381/8224-274381-0006.flac,3575/170457/3575-170457-0030.flac,8224-274381-0006,3575-170457-0030,/Users/davidmillard/Downloads/eval/our_SB_5/8224-274381-0006__to__3575-170457-0030.wav,/Users/davidmillard/Downloads/eval/freevc/target/8224-274381-0006_to_3575-170457-0030_target.flac,True,0.1905637085437774,3.387686014175415
1144,our_SB_5,8224/274381/8224-274381-0008.flac,5639/40744/5639-40744-0009.flac,8224-274381-0008,5639-40744-0009,/Users/davidmillard/Downloads/eval/our_SB_5/8224-274381-0008__to__5639-40744-0009.wav,/Users/davidmillard/Downloads/eval/freevc/target/8224-274381-0008_to_5639-40744-0009_target.flac,True,0.3052743673324585,3.442117214202881
1145,our_SB_5,8224/274381/8224-274381-0010.flac,1089/134686/1089-134686-0020.flac,8224-274381-0010,1089-134686-0020,/Users/davidmillard/Downloads/eval/our_SB_5/8224-274381-0010__to__1089-134686-0020.wav,/Users/davidmillard/Downloads/eval/freevc/target/8224-274381-0010_to_1089-134686-0020_target.flac,True,0.4677333235740661,2.6922452449798584
1146,our_SB_5,8224/274381/8224-274381-0012.flac,7127/75946/7127-75946-0021.flac,8224-274381-0012,7127-75946-0021,/Users/davidmillard/Downloads/eval/our_SB_5/8224-274381-0012__to__7127-75946-0021.wav,/Users/davidmillard/Downloads/eval/freevc/target/8224-274381-0012_to_7127-75946-0021_target.flac,True,0.3320012092590332,3.0768232345581055
1147,our_SB_5,8224/274381/8224-274381-0014.flac,7127/75947/7127-75947-0011.flac,8224-274381-0014,7127-75947-0011,/Users/davidmillard/Downloads/eval/our_SB_5/8224-274381-0014__to__7127-75947-0011.wav,/Users/davidmillard/Downloads/eval/freevc/target/8224-274381-0014_to_7127-75947-0011_target.flac,True,0.2800963521003723,3.265380382537842
1148,our_SB_5,8224/274381/8224-274381-0016.flac,4077/13751/4077-13751-0003.flac,8224-274381-0016,4077-13751-0003,/Users/davidmillard/Downloads/eval/our_SB_5/8224-274381-0016__to__4077-13751-0003.wav,/Users/davidmillard/Downloads/eval/freevc/target/8224-274381-0016_to_4077-13751-0003_target.flac,True,0.4002619683742523,3.3406262397766113
1149,our_SB_5,8224/274384/8224-274384-0000.flac,8455/210777/8455-210777-0048.flac,8224-274384-0000,8455-210777-0048,/Users/davidmillard/Downloads/eval/our_SB_5/8224-274384-0000__to__8455-210777-0048.wav,/Users/davidmillard/Downloads/eval/freevc/target/8224-274384-0000_to_8455-210777-0048_target.flac,True,0.1772083342075348,3.0232551097869873
1150,our_SB_5,8224/274384/8224-274384-0002.flac,1320/122617/1320-122617-0012.flac,8224-274384-0002,1320-122617-0012,/Users/davidmillard/Downloads/eval/our_SB_5/8224-274384-0002__to__1320-122617-0012.wav,/Users/davidmillard/Downloads/eval/freevc/target/8224-274384-0002_to_1320-122617-0012_target.flac,True,0.2202061861753463,3.139481782913208
1151,our_SB_5,8224/274384/8224-274384-0004.flac,6829/68769/6829-68769-0011.flac,8224-274384-0004,6829-68769-0011,/Users/davidmillard/Downloads/eval/our_SB_5/8224-274384-0004__to__6829-68769-0011.wav,/Users/davidmillard/Downloads/eval/freevc/target/8224-274384-0004_to_6829-68769-0011_target.flac,True,0.1628258675336837,3.296177387237549
1152,our_SB_5,8224/274384/8224-274384-0006.flac,4970/29093/4970-29093-0007.flac,8224-274384-0006,4970-29093-0007,/Users/davidmillard/Downloads/eval/our_SB_5/8224-274384-0006__to__4970-29093-0007.wav,/Users/davidmillard/Downloads/eval/freevc/target/8224-274384-0006_to_4970-29093-0007_target.flac,True,0.1566375195980072,3.5181186199188232
1153,our_SB_5,8224/274384/8224-274384-0008.flac,1580/141083/1580-141083-0051.flac,8224-274384-0008,1580-141083-0051,/Users/davidmillard/Downloads/eval/our_SB_5/8224-274384-0008__to__1580-141083-0051.wav,/Users/davidmillard/Downloads/eval/freevc/target/8224-274384-0008_to_1580-141083-0051_target.flac,True,0.3673471808433532,3.1469244956970215
1154,our_SB_5,8224/274384/8224-274384-0010.flac,8455/210777/8455-210777-0070.flac,8224-274384-0010,8455-210777-0070,/Users/davidmillard/Downloads/eval/our_SB_5/8224-274384-0010__to__8455-210777-0070.wav,/Users/davidmillard/Downloads/eval/freevc/target/8224-274384-0010_to_8455-210777-0070_target.flac,True,0.3388841152191162,2.7673258781433105
1155,our_SB_5,8224/274384/8224-274384-0012.flac,908/31957/908-31957-0008.flac,8224-274384-0012,908-31957-0008,/Users/davidmillard/Downloads/eval/our_SB_5/8224-274384-0012__to__908-31957-0008.wav,/Users/davidmillard/Downloads/eval/freevc/target/8224-274384-0012_to_908-31957-0008_target.flac,True,0.0712200552225112,2.8947689533233643
1156,our_SB_5,8230/279154/8230-279154-0000.flac,7176/92135/7176-92135-0043.flac,8230-279154-0000,7176-92135-0043,/Users/davidmillard/Downloads/eval/our_SB_5/8230-279154-0000__to__7176-92135-0043.wav,/Users/davidmillard/Downloads/eval/freevc/target/8230-279154-0000_to_7176-92135-0043_target.flac,True,0.3009049892425537,3.0076515674591064
1157,our_SB_5,8230/279154/8230-279154-0002.flac,6930/76324/6930-76324-0022.flac,8230-279154-0002,6930-76324-0022,/Users/davidmillard/Downloads/eval/our_SB_5/8230-279154-0002__to__6930-76324-0022.wav,/Users/davidmillard/Downloads/eval/freevc/target/8230-279154-0002_to_6930-76324-0022_target.flac,True,0.1205545887351036,3.25008225440979
1158,our_SB_5,8230/279154/8230-279154-0004.flac,3570/5695/3570-5695-0006.flac,8230-279154-0004,3570-5695-0006,/Users/davidmillard/Downloads/eval/our_SB_5/8230-279154-0004__to__3570-5695-0006.wav,/Users/davidmillard/Downloads/eval/freevc/target/8230-279154-0004_to_3570-5695-0006_target.flac,True,0.2602159976959228,3.1080994606018066
1159,our_SB_5,8230/279154/8230-279154-0006.flac,908/157963/908-157963-0030.flac,8230-279154-0006,908-157963-0030,/Users/davidmillard/Downloads/eval/our_SB_5/8230-279154-0006__to__908-157963-0030.wav,/Users/davidmillard/Downloads/eval/freevc/target/8230-279154-0006_to_908-157963-0030_target.flac,True,0.1393528431653976,3.235957384109497
1160,our_SB_5,8230/279154/8230-279154-0008.flac,6829/68769/6829-68769-0014.flac,8230-279154-0008,6829-68769-0014,/Users/davidmillard/Downloads/eval/our_SB_5/8230-279154-0008__to__6829-68769-0014.wav,/Users/davidmillard/Downloads/eval/freevc/target/8230-279154-0008_to_6829-68769-0014_target.flac,True,0.3336851596832275,2.8763184547424316
1161,our_SB_5,8230/279154/8230-279154-0010.flac,3570/5694/3570-5694-0000.flac,8230-279154-0010,3570-5694-0000,/Users/davidmillard/Downloads/eval/our_SB_5/8230-279154-0010__to__3570-5694-0000.wav,/Users/davidmillard/Downloads/eval/freevc/target/8230-279154-0010_to_3570-5694-0000_target.flac,True,0.2803442478179931,3.2062013149261475
1162,our_SB_5,8230/279154/8230-279154-0012.flac,4446/2275/4446-2275-0008.flac,8230-279154-0012,4446-2275-0008,/Users/davidmillard/Downloads/eval/our_SB_5/8230-279154-0012__to__4446-2275-0008.wav,/Users/davidmillard/Downloads/eval/freevc/target/8230-279154-0012_to_4446-2275-0008_target.flac,True,0.4052042961120605,3.8291175365448
1163,our_SB_5,8230/279154/8230-279154-0014.flac,1580/141083/1580-141083-0005.flac,8230-279154-0014,1580-141083-0005,/Users/davidmillard/Downloads/eval/our_SB_5/8230-279154-0014__to__1580-141083-0005.wav,/Users/davidmillard/Downloads/eval/freevc/target/8230-279154-0014_to_1580-141083-0005_target.flac,True,0.3048418462276459,3.3370797634124756
1164,our_SB_5,8230/279154/8230-279154-0016.flac,2094/142345/2094-142345-0052.flac,8230-279154-0016,2094-142345-0052,/Users/davidmillard/Downloads/eval/our_SB_5/8230-279154-0016__to__2094-142345-0052.wav,/Users/davidmillard/Downloads/eval/freevc/target/8230-279154-0016_to_2094-142345-0052_target.flac,True,0.2966408133506775,3.10674786567688
1165,our_SB_5,8230/279154/8230-279154-0018.flac,3729/6852/3729-6852-0039.flac,8230-279154-0018,3729-6852-0039,/Users/davidmillard/Downloads/eval/our_SB_5/8230-279154-0018__to__3729-6852-0039.wav,/Users/davidmillard/Downloads/eval/freevc/target/8230-279154-0018_to_3729-6852-0039_target.flac,True,0.3615663647651672,3.336318016052246
1166,our_SB_5,8230/279154/8230-279154-0020.flac,1995/1837/1995-1837-0008.flac,8230-279154-0020,1995-1837-0008,/Users/davidmillard/Downloads/eval/our_SB_5/8230-279154-0020__to__1995-1837-0008.wav,/Users/davidmillard/Downloads/eval/freevc/target/8230-279154-0020_to_1995-1837-0008_target.flac,True,0.2685238420963287,3.021921157836914
1167,our_SB_5,8230/279154/8230-279154-0022.flac,2830/3980/2830-3980-0030.flac,8230-279154-0022,2830-3980-0030,/Users/davidmillard/Downloads/eval/our_SB_5/8230-279154-0022__to__2830-3980-0030.wav,/Users/davidmillard/Downloads/eval/freevc/target/8230-279154-0022_to_2830-3980-0030_target.flac,True,0.3943880200386047,3.1573586463928223
1168,our_SB_5,8230/279154/8230-279154-0024.flac,61/70968/61-70968-0005.flac,8230-279154-0024,61-70968-0005,/Users/davidmillard/Downloads/eval/our_SB_5/8230-279154-0024__to__61-70968-0005.wav,/Users/davidmillard/Downloads/eval/freevc/target/8230-279154-0024_to_61-70968-0005_target.flac,True,0.4920254945755005,3.682326316833496
1169,our_SB_5,8230/279154/8230-279154-0026.flac,6829/68771/6829-68771-0004.flac,8230-279154-0026,6829-68771-0004,/Users/davidmillard/Downloads/eval/our_SB_5/8230-279154-0026__to__6829-68771-0004.wav,/Users/davidmillard/Downloads/eval/freevc/target/8230-279154-0026_to_6829-68771-0004_target.flac,True,0.3548648953437805,3.8454842567443848
1170,our_SB_5,8230/279154/8230-279154-0028.flac,7176/88083/7176-88083-0017.flac,8230-279154-0028,7176-88083-0017,/Users/davidmillard/Downloads/eval/our_SB_5/8230-279154-0028__to__7176-88083-0017.wav,/Users/davidmillard/Downloads/eval/freevc/target/8230-279154-0028_to_7176-88083-0017_target.flac,True,0.1866523623466491,2.883460521697998
1171,our_SB_5,8230/279154/8230-279154-0030.flac,7729/102255/7729-102255-0003.flac,8230-279154-0030,7729-102255-0003,/Users/davidmillard/Downloads/eval/our_SB_5/8230-279154-0030__to__7729-102255-0003.wav,/Users/davidmillard/Downloads/eval/freevc/target/8230-279154-0030_to_7729-102255-0003_target.flac,True,0.3444973826408386,3.2319929599761963
1172,our_SB_5,8230/279154/8230-279154-0032.flac,8555/284449/8555-284449-0005.flac,8230-279154-0032,8555-284449-0005,/Users/davidmillard/Downloads/eval/our_SB_5/8230-279154-0032__to__8555-284449-0005.wav,/Users/davidmillard/Downloads/eval/freevc/target/8230-279154-0032_to_8555-284449-0005_target.flac,True,0.1259880810976028,3.0222582817077637
1173,our_SB_5,8230/279154/8230-279154-0034.flac,8555/284447/8555-284447-0011.flac,8230-279154-0034,8555-284447-0011,/Users/davidmillard/Downloads/eval/our_SB_5/8230-279154-0034__to__8555-284447-0011.wav,/Users/davidmillard/Downloads/eval/freevc/target/8230-279154-0034_to_8555-284447-0011_target.flac,True,0.3267372846603393,3.6228866577148438
1174,our_SB_5,8230/279154/8230-279154-0036.flac,5639/40744/5639-40744-0038.flac,8230-279154-0036,5639-40744-0038,/Users/davidmillard/Downloads/eval/our_SB_5/8230-279154-0036__to__5639-40744-0038.wav,/Users/davidmillard/Downloads/eval/freevc/target/8230-279154-0036_to_5639-40744-0038_target.flac,True,0.3117119967937469,3.2065651416778564
1175,our_SB_5,8230/279154/8230-279154-0038.flac,4970/29095/4970-29095-0008.flac,8230-279154-0038,4970-29095-0008,/Users/davidmillard/Downloads/eval/our_SB_5/8230-279154-0038__to__4970-29095-0008.wav,/Users/davidmillard/Downloads/eval/freevc/target/8230-279154-0038_to_4970-29095-0008_target.flac,True,0.1865051686763763,2.992915391921997
1176,our_SB_5,8230/279154/8230-279154-0040.flac,908/31957/908-31957-0013.flac,8230-279154-0040,908-31957-0013,/Users/davidmillard/Downloads/eval/our_SB_5/8230-279154-0040__to__908-31957-0013.wav,/Users/davidmillard/Downloads/eval/freevc/target/8230-279154-0040_to_908-31957-0013_target.flac,True,0.2602616548538208,3.309969663619995
1177,our_SB_5,8230/279154/8230-279154-0042.flac,5683/32866/5683-32866-0025.flac,8230-279154-0042,5683-32866-0025,/Users/davidmillard/Downloads/eval/our_SB_5/8230-279154-0042__to__5683-32866-0025.wav,/Users/davidmillard/Downloads/eval/freevc/target/8230-279154-0042_to_5683-32866-0025_target.flac,True,0.3300786316394806,3.4354629516601562
1178,our_SB_5,8455/210777/8455-210777-0000.flac,2094/142345/2094-142345-0008.flac,8455-210777-0000,2094-142345-0008,/Users/davidmillard/Downloads/eval/our_SB_5/8455-210777-0000__to__2094-142345-0008.wav,/Users/davidmillard/Downloads/eval/freevc/target/8455-210777-0000_to_2094-142345-0008_target.flac,True,0.4019201397895813,3.426370859146118
1179,our_SB_5,8455/210777/8455-210777-0002.flac,7176/92135/7176-92135-0010.flac,8455-210777-0002,7176-92135-0010,/Users/davidmillard/Downloads/eval/our_SB_5/8455-210777-0002__to__7176-92135-0010.wav,/Users/davidmillard/Downloads/eval/freevc/target/8455-210777-0002_to_7176-92135-0010_target.flac,True,0.1490196883678436,3.0406501293182373
1180,our_SB_5,8455/210777/8455-210777-0004.flac,8230/279154/8230-279154-0040.flac,8455-210777-0004,8230-279154-0040,/Users/davidmillard/Downloads/eval/our_SB_5/8455-210777-0004__to__8230-279154-0040.wav,/Users/davidmillard/Downloads/eval/freevc/target/8455-210777-0004_to_8230-279154-0040_target.flac,True,0.3458400964736938,3.3442890644073486
1181,our_SB_5,8455/210777/8455-210777-0006.flac,2961/961/2961-961-0016.flac,8455-210777-0006,2961-961-0016,/Users/davidmillard/Downloads/eval/our_SB_5/8455-210777-0006__to__2961-961-0016.wav,/Users/davidmillard/Downloads/eval/freevc/target/8455-210777-0006_to_2961-961-0016_target.flac,True,0.1910723000764846,2.963378667831421
1182,our_SB_5,8455/210777/8455-210777-0008.flac,5105/28241/5105-28241-0007.flac,8455-210777-0008,5105-28241-0007,/Users/davidmillard/Downloads/eval/our_SB_5/8455-210777-0008__to__5105-28241-0007.wav,/Users/davidmillard/Downloads/eval/freevc/target/8455-210777-0008_to_5105-28241-0007_target.flac,True,0.461557000875473,3.622945785522461
1183,our_SB_5,8455/210777/8455-210777-0010.flac,260/123440/260-123440-0003.flac,8455-210777-0010,260-123440-0003,/Users/davidmillard/Downloads/eval/our_SB_5/8455-210777-0010__to__260-123440-0003.wav,/Users/davidmillard/Downloads/eval/freevc/target/8455-210777-0010_to_260-123440-0003_target.flac,True,0.0567031130194664,3.684828042984009
1184,our_SB_5,8455/210777/8455-210777-0012.flac,1995/1837/1995-1837-0003.flac,8455-210777-0012,1995-1837-0003,/Users/davidmillard/Downloads/eval/our_SB_5/8455-210777-0012__to__1995-1837-0003.wav,/Users/davidmillard/Downloads/eval/freevc/target/8455-210777-0012_to_1995-1837-0003_target.flac,True,0.2973894476890564,2.9921205043792725
1185,our_SB_5,8455/210777/8455-210777-0014.flac,8555/284449/8555-284449-0011.flac,8455-210777-0014,8555-284449-0011,/Users/davidmillard/Downloads/eval/our_SB_5/8455-210777-0014__to__8555-284449-0011.wav,/Users/davidmillard/Downloads/eval/freevc/target/8455-210777-0014_to_8555-284449-0011_target.flac,True,0.1907207667827606,3.318124294281006
1186,our_SB_5,8455/210777/8455-210777-0016.flac,8224/274384/8224-274384-0000.flac,8455-210777-0016,8224-274384-0000,/Users/davidmillard/Downloads/eval/our_SB_5/8455-210777-0016__to__8224-274384-0000.wav,/Users/davidmillard/Downloads/eval/freevc/target/8455-210777-0016_to_8224-274384-0000_target.flac,True,0.3771798014640808,3.0659093856811523
1187,our_SB_5,8455/210777/8455-210777-0018.flac,7729/102255/7729-102255-0006.flac,8455-210777-0018,7729-102255-0006,/Users/davidmillard/Downloads/eval/our_SB_5/8455-210777-0018__to__7729-102255-0006.wav,/Users/davidmillard/Downloads/eval/freevc/target/8455-210777-0018_to_7729-102255-0006_target.flac,True,0.2149501144886016,3.6379032135009766
1188,our_SB_5,8455/210777/8455-210777-0020.flac,2300/131720/2300-131720-0003.flac,8455-210777-0020,2300-131720-0003,/Users/davidmillard/Downloads/eval/our_SB_5/8455-210777-0020__to__2300-131720-0003.wav,/Users/davidmillard/Downloads/eval/freevc/target/8455-210777-0020_to_2300-131720-0003_target.flac,True,0.3497855067253113,3.407191038131714
1189,our_SB_5,8455/210777/8455-210777-0022.flac,4077/13751/4077-13751-0010.flac,8455-210777-0022,4077-13751-0010,/Users/davidmillard/Downloads/eval/our_SB_5/8455-210777-0022__to__4077-13751-0010.wav,/Users/davidmillard/Downloads/eval/freevc/target/8455-210777-0022_to_4077-13751-0010_target.flac,True,0.4173869490623474,3.3826074600219727
1190,our_SB_5,8455/210777/8455-210777-0024.flac,3729/6852/3729-6852-0009.flac,8455-210777-0024,3729-6852-0009,/Users/davidmillard/Downloads/eval/our_SB_5/8455-210777-0024__to__3729-6852-0009.wav,/Users/davidmillard/Downloads/eval/freevc/target/8455-210777-0024_to_3729-6852-0009_target.flac,True,0.5011731386184692,3.2118711471557617
1191,our_SB_5,8455/210777/8455-210777-0026.flac,2961/961/2961-961-0011.flac,8455-210777-0026,2961-961-0011,/Users/davidmillard/Downloads/eval/our_SB_5/8455-210777-0026__to__2961-961-0011.wav,/Users/davidmillard/Downloads/eval/freevc/target/8455-210777-0026_to_2961-961-0011_target.flac,True,0.1948452591896057,3.579586982727051
1192,our_SB_5,8455/210777/8455-210777-0028.flac,6829/68769/6829-68769-0013.flac,8455-210777-0028,6829-68769-0013,/Users/davidmillard/Downloads/eval/our_SB_5/8455-210777-0028__to__6829-68769-0013.wav,/Users/davidmillard/Downloads/eval/freevc/target/8455-210777-0028_to_6829-68769-0013_target.flac,True,0.1040964052081108,3.340233087539673
1193,our_SB_5,8455/210777/8455-210777-0030.flac,8230/279154/8230-279154-0024.flac,8455-210777-0030,8230-279154-0024,/Users/davidmillard/Downloads/eval/our_SB_5/8455-210777-0030__to__8230-279154-0024.wav,/Users/davidmillard/Downloads/eval/freevc/target/8455-210777-0030_to_8230-279154-0024_target.flac,True,0.2784720957279205,2.453075885772705
1194,our_SB_5,8455/210777/8455-210777-0032.flac,4446/2275/4446-2275-0026.flac,8455-210777-0032,4446-2275-0026,/Users/davidmillard/Downloads/eval/our_SB_5/8455-210777-0032__to__4446-2275-0026.wav,/Users/davidmillard/Downloads/eval/freevc/target/8455-210777-0032_to_4446-2275-0026_target.flac,True,0.3139870762825012,3.7286648750305176
1195,our_SB_5,8455/210777/8455-210777-0034.flac,5639/40744/5639-40744-0026.flac,8455-210777-0034,5639-40744-0026,/Users/davidmillard/Downloads/eval/our_SB_5/8455-210777-0034__to__5639-40744-0026.wav,/Users/davidmillard/Downloads/eval/freevc/target/8455-210777-0034_to_5639-40744-0026_target.flac,True,0.217367947101593,3.314394950866699
1196,our_SB_5,8455/210777/8455-210777-0036.flac,8230/279154/8230-279154-0003.flac,8455-210777-0036,8230-279154-0003,/Users/davidmillard/Downloads/eval/our_SB_5/8455-210777-0036__to__8230-279154-0003.wav,/Users/davidmillard/Downloads/eval/freevc/target/8455-210777-0036_to_8230-279154-0003_target.flac,True,0.4105441570281982,2.7199809551239014
1197,our_SB_5,8455/210777/8455-210777-0038.flac,2830/3980/2830-3980-0066.flac,8455-210777-0038,2830-3980-0066,/Users/davidmillard/Downloads/eval/our_SB_5/8455-210777-0038__to__2830-3980-0066.wav,/Users/davidmillard/Downloads/eval/freevc/target/8455-210777-0038_to_2830-3980-0066_target.flac,True,0.2178445756435394,3.697728157043457
1198,our_SB_5,8455/210777/8455-210777-0040.flac,5142/36586/5142-36586-0001.flac,8455-210777-0040,5142-36586-0001,/Users/davidmillard/Downloads/eval/our_SB_5/8455-210777-0040__to__5142-36586-0001.wav,/Users/davidmillard/Downloads/eval/freevc/target/8455-210777-0040_to_5142-36586-0001_target.flac,True,0.1719468683004379,3.0348615646362305
1199,our_SB_5,8455/210777/8455-210777-0042.flac,908/157963/908-157963-0012.flac,8455-210777-0042,908-157963-0012,/Users/davidmillard/Downloads/eval/our_SB_5/8455-210777-0042__to__908-157963-0012.wav,/Users/davidmillard/Downloads/eval/freevc/target/8455-210777-0042_to_908-157963-0012_target.flac,True,0.0973051711916923,2.7433416843414307
1200,our_SB_5,8455/210777/8455-210777-0044.flac,6829/68769/6829-68769-0022.flac,8455-210777-0044,6829-68769-0022,/Users/davidmillard/Downloads/eval/our_SB_5/8455-210777-0044__to__6829-68769-0022.wav,/Users/davidmillard/Downloads/eval/freevc/target/8455-210777-0044_to_6829-68769-0022_target.flac,True,0.340941846370697,3.5970139503479004
1201,our_SB_5,8455/210777/8455-210777-0046.flac,260/123440/260-123440-0004.flac,8455-210777-0046,260-123440-0004,/Users/davidmillard/Downloads/eval/our_SB_5/8455-210777-0046__to__260-123440-0004.wav,/Users/davidmillard/Downloads/eval/freevc/target/8455-210777-0046_to_260-123440-0004_target.flac,True,0.3098308742046356,2.847520351409912
1202,our_SB_5,8455/210777/8455-210777-0048.flac,121/127105/121-127105-0002.flac,8455-210777-0048,121-127105-0002,/Users/davidmillard/Downloads/eval/our_SB_5/8455-210777-0048__to__121-127105-0002.wav,/Users/davidmillard/Downloads/eval/freevc/target/8455-210777-0048_to_121-127105-0002_target.flac,True,0.2475870251655578,2.5976710319519043
1203,our_SB_5,8455/210777/8455-210777-0050.flac,3729/6852/3729-6852-0008.flac,8455-210777-0050,3729-6852-0008,/Users/davidmillard/Downloads/eval/our_SB_5/8455-210777-0050__to__3729-6852-0008.wav,/Users/davidmillard/Downloads/eval/freevc/target/8455-210777-0050_to_3729-6852-0008_target.flac,True,0.3576990962028503,3.2076287269592285
1204,our_SB_5,8455/210777/8455-210777-0052.flac,3729/6852/3729-6852-0000.flac,8455-210777-0052,3729-6852-0000,/Users/davidmillard/Downloads/eval/our_SB_5/8455-210777-0052__to__3729-6852-0000.wav,/Users/davidmillard/Downloads/eval/freevc/target/8455-210777-0052_to_3729-6852-0000_target.flac,True,0.2420179992914199,3.4160139560699463
1205,our_SB_5,8455/210777/8455-210777-0054.flac,2300/131720/2300-131720-0002.flac,8455-210777-0054,2300-131720-0002,/Users/davidmillard/Downloads/eval/our_SB_5/8455-210777-0054__to__2300-131720-0002.wav,/Users/davidmillard/Downloads/eval/freevc/target/8455-210777-0054_to_2300-131720-0002_target.flac,True,0.2467830032110214,3.3687632083892822
1206,our_SB_5,8455/210777/8455-210777-0056.flac,908/157963/908-157963-0003.flac,8455-210777-0056,908-157963-0003,/Users/davidmillard/Downloads/eval/our_SB_5/8455-210777-0056__to__908-157963-0003.wav,/Users/davidmillard/Downloads/eval/freevc/target/8455-210777-0056_to_908-157963-0003_target.flac,True,0.039878137409687,3.1585276126861572
1207,our_SB_5,8455/210777/8455-210777-0058.flac,8463/294828/8463-294828-0035.flac,8455-210777-0058,8463-294828-0035,/Users/davidmillard/Downloads/eval/our_SB_5/8455-210777-0058__to__8463-294828-0035.wav,/Users/davidmillard/Downloads/eval/freevc/target/8455-210777-0058_to_8463-294828-0035_target.flac,True,0.3208329677581787,3.1765549182891846
1208,our_SB_5,8455/210777/8455-210777-0060.flac,4970/29095/4970-29095-0009.flac,8455-210777-0060,4970-29095-0009,/Users/davidmillard/Downloads/eval/our_SB_5/8455-210777-0060__to__4970-29095-0009.wav,/Users/davidmillard/Downloads/eval/freevc/target/8455-210777-0060_to_4970-29095-0009_target.flac,True,0.0878520160913467,3.572896957397461
1209,our_SB_5,8455/210777/8455-210777-0062.flac,7729/102255/7729-102255-0004.flac,8455-210777-0062,7729-102255-0004,/Users/davidmillard/Downloads/eval/our_SB_5/8455-210777-0062__to__7729-102255-0004.wav,/Users/davidmillard/Downloads/eval/freevc/target/8455-210777-0062_to_7729-102255-0004_target.flac,True,0.1296306699514389,3.1176979541778564
1210,our_SB_5,8455/210777/8455-210777-0064.flac,61/70970/61-70970-0006.flac,8455-210777-0064,61-70970-0006,/Users/davidmillard/Downloads/eval/our_SB_5/8455-210777-0064__to__61-70970-0006.wav,/Users/davidmillard/Downloads/eval/freevc/target/8455-210777-0064_to_61-70970-0006_target.flac,True,0.3038410246372223,3.133734703063965
1211,our_SB_5,8455/210777/8455-210777-0066.flac,1320/122617/1320-122617-0005.flac,8455-210777-0066,1320-122617-0005,/Users/davidmillard/Downloads/eval/our_SB_5/8455-210777-0066__to__1320-122617-0005.wav,/Users/davidmillard/Downloads/eval/freevc/target/8455-210777-0066_to_1320-122617-0005_target.flac,True,0.3413479626178741,3.1396195888519287
1212,our_SB_5,8455/210777/8455-210777-0068.flac,4992/41797/4992-41797-0000.flac,8455-210777-0068,4992-41797-0000,/Users/davidmillard/Downloads/eval/our_SB_5/8455-210777-0068__to__4992-41797-0000.wav,/Users/davidmillard/Downloads/eval/freevc/target/8455-210777-0068_to_4992-41797-0000_target.flac,True,0.3591449558734894,4.0006914138793945
1213,our_SB_5,8455/210777/8455-210777-0070.flac,2961/961/2961-961-0016.flac,8455-210777-0070,2961-961-0016,/Users/davidmillard/Downloads/eval/our_SB_5/8455-210777-0070__to__2961-961-0016.wav,/Users/davidmillard/Downloads/eval/freevc/target/8455-210777-0070_to_2961-961-0016_target.flac,True,0.2975484728813171,3.0975563526153564
1214,our_SB_5,8463/287645/8463-287645-0001.flac,8230/279154/8230-279154-0041.flac,8463-287645-0001,8230-279154-0041,/Users/davidmillard/Downloads/eval/our_SB_5/8463-287645-0001__to__8230-279154-0041.wav,/Users/davidmillard/Downloads/eval/freevc/target/8463-287645-0001_to_8230-279154-0041_target.flac,True,0.3554791510105133,3.168870687484741
1215,our_SB_5,8463/287645/8463-287645-0003.flac,5105/28240/5105-28240-0017.flac,8463-287645-0003,5105-28240-0017,/Users/davidmillard/Downloads/eval/our_SB_5/8463-287645-0003__to__5105-28240-0017.wav,/Users/davidmillard/Downloads/eval/freevc/target/8463-287645-0003_to_5105-28240-0017_target.flac,True,0.2114199250936508,3.348724365234375
1216,our_SB_5,8463/287645/8463-287645-0005.flac,3575/170457/3575-170457-0002.flac,8463-287645-0005,3575-170457-0002,/Users/davidmillard/Downloads/eval/our_SB_5/8463-287645-0005__to__3575-170457-0002.wav,/Users/davidmillard/Downloads/eval/freevc/target/8463-287645-0005_to_3575-170457-0002_target.flac,True,0.3189708292484283,3.1397504806518555
1217,our_SB_5,8463/287645/8463-287645-0007.flac,1995/1837/1995-1837-0007.flac,8463-287645-0007,1995-1837-0007,/Users/davidmillard/Downloads/eval/our_SB_5/8463-287645-0007__to__1995-1837-0007.wav,/Users/davidmillard/Downloads/eval/freevc/target/8463-287645-0007_to_1995-1837-0007_target.flac,True,0.2597147524356842,3.5665202140808105
1218,our_SB_5,8463/287645/8463-287645-0009.flac,4446/2271/4446-2271-0003.flac,8463-287645-0009,4446-2271-0003,/Users/davidmillard/Downloads/eval/our_SB_5/8463-287645-0009__to__4446-2271-0003.wav,/Users/davidmillard/Downloads/eval/freevc/target/8463-287645-0009_to_4446-2271-0003_target.flac,True,0.1140675768256187,2.5280442237854004
1219,our_SB_5,8463/287645/8463-287645-0011.flac,7176/92135/7176-92135-0037.flac,8463-287645-0011,7176-92135-0037,/Users/davidmillard/Downloads/eval/our_SB_5/8463-287645-0011__to__7176-92135-0037.wav,/Users/davidmillard/Downloads/eval/freevc/target/8463-287645-0011_to_7176-92135-0037_target.flac,True,0.464352935552597,3.065709352493286
1220,our_SB_5,8463/287645/8463-287645-0013.flac,121/123852/121-123852-0003.flac,8463-287645-0013,121-123852-0003,/Users/davidmillard/Downloads/eval/our_SB_5/8463-287645-0013__to__121-123852-0003.wav,/Users/davidmillard/Downloads/eval/freevc/target/8463-287645-0013_to_121-123852-0003_target.flac,True,0.2685159742832184,3.442244291305542
1221,our_SB_5,8463/294825/8463-294825-0000.flac,7176/88083/7176-88083-0010.flac,8463-294825-0000,7176-88083-0010,/Users/davidmillard/Downloads/eval/our_SB_5/8463-294825-0000__to__7176-88083-0010.wav,/Users/davidmillard/Downloads/eval/freevc/target/8463-294825-0000_to_7176-88083-0010_target.flac,True,0.3728014528751373,3.4377145767211914
1222,our_SB_5,8463/294825/8463-294825-0002.flac,8224/274381/8224-274381-0000.flac,8463-294825-0002,8224-274381-0000,/Users/davidmillard/Downloads/eval/our_SB_5/8463-294825-0002__to__8224-274381-0000.wav,/Users/davidmillard/Downloads/eval/freevc/target/8463-294825-0002_to_8224-274381-0000_target.flac,True,0.3352753221988678,3.135629653930664
1223,our_SB_5,8463/294825/8463-294825-0004.flac,2961/961/2961-961-0020.flac,8463-294825-0004,2961-961-0020,/Users/davidmillard/Downloads/eval/our_SB_5/8463-294825-0004__to__2961-961-0020.wav,/Users/davidmillard/Downloads/eval/freevc/target/8463-294825-0004_to_2961-961-0020_target.flac,True,0.1536799371242523,3.426074743270874
1224,our_SB_5,8463/294825/8463-294825-0006.flac,2961/961/2961-961-0011.flac,8463-294825-0006,2961-961-0011,/Users/davidmillard/Downloads/eval/our_SB_5/8463-294825-0006__to__2961-961-0011.wav,/Users/davidmillard/Downloads/eval/freevc/target/8463-294825-0006_to_2961-961-0011_target.flac,True,0.1857219487428665,3.385165214538574
1225,our_SB_5,8463/294825/8463-294825-0008.flac,2300/131720/2300-131720-0001.flac,8463-294825-0008,2300-131720-0001,/Users/davidmillard/Downloads/eval/our_SB_5/8463-294825-0008__to__2300-131720-0001.wav,/Users/davidmillard/Downloads/eval/freevc/target/8463-294825-0008_to_2300-131720-0001_target.flac,True,0.1985581964254379,2.806281089782715
1226,our_SB_5,8463/294825/8463-294825-0010.flac,121/121726/121-121726-0005.flac,8463-294825-0010,121-121726-0005,/Users/davidmillard/Downloads/eval/our_SB_5/8463-294825-0010__to__121-121726-0005.wav,/Users/davidmillard/Downloads/eval/freevc/target/8463-294825-0010_to_121-121726-0005_target.flac,True,0.1177302300930023,3.270451068878174
1227,our_SB_5,8463/294825/8463-294825-0012.flac,260/123288/260-123288-0000.flac,8463-294825-0012,260-123288-0000,/Users/davidmillard/Downloads/eval/our_SB_5/8463-294825-0012__to__260-123288-0000.wav,/Users/davidmillard/Downloads/eval/freevc/target/8463-294825-0012_to_260-123288-0000_target.flac,True,0.2656474113464355,2.631685972213745
1228,our_SB_5,8463/294825/8463-294825-0014.flac,8455/210777/8455-210777-0029.flac,8463-294825-0014,8455-210777-0029,/Users/davidmillard/Downloads/eval/our_SB_5/8463-294825-0014__to__8455-210777-0029.wav,/Users/davidmillard/Downloads/eval/freevc/target/8463-294825-0014_to_8455-210777-0029_target.flac,True,0.154446393251419,2.9776363372802734
1229,our_SB_5,8463/294825/8463-294825-0016.flac,5639/40744/5639-40744-0028.flac,8463-294825-0016,5639-40744-0028,/Users/davidmillard/Downloads/eval/our_SB_5/8463-294825-0016__to__5639-40744-0028.wav,/Users/davidmillard/Downloads/eval/freevc/target/8463-294825-0016_to_5639-40744-0028_target.flac,True,0.1508596092462539,2.6562607288360596
1230,our_SB_5,8463/294825/8463-294825-0018.flac,4970/29093/4970-29093-0001.flac,8463-294825-0018,4970-29093-0001,/Users/davidmillard/Downloads/eval/our_SB_5/8463-294825-0018__to__4970-29093-0001.wav,/Users/davidmillard/Downloads/eval/freevc/target/8463-294825-0018_to_4970-29093-0001_target.flac,True,0.1506681442260742,3.4148716926574707
1231,our_SB_5,8463/294828/8463-294828-0000.flac,8224/274381/8224-274381-0000.flac,8463-294828-0000,8224-274381-0000,/Users/davidmillard/Downloads/eval/our_SB_5/8463-294828-0000__to__8224-274381-0000.wav,/Users/davidmillard/Downloads/eval/freevc/target/8463-294828-0000_to_8224-274381-0000_target.flac,True,0.1830306649208068,2.792231559753418
1232,our_SB_5,8463/294828/8463-294828-0002.flac,8555/284447/8555-284447-0002.flac,8463-294828-0002,8555-284447-0002,/Users/davidmillard/Downloads/eval/our_SB_5/8463-294828-0002__to__8555-284447-0002.wav,/Users/davidmillard/Downloads/eval/freevc/target/8463-294828-0002_to_8555-284447-0002_target.flac,True,0.1825837790966034,3.087252378463745
1233,our_SB_5,8463/294828/8463-294828-0004.flac,7176/88083/7176-88083-0013.flac,8463-294828-0004,7176-88083-0013,/Users/davidmillard/Downloads/eval/our_SB_5/8463-294828-0004__to__7176-88083-0013.wav,/Users/davidmillard/Downloads/eval/freevc/target/8463-294828-0004_to_7176-88083-0013_target.flac,True,0.3244201838970184,3.2040820121765137
1234,our_SB_5,8463/294828/8463-294828-0006.flac,4507/16021/4507-16021-0038.flac,8463-294828-0006,4507-16021-0038,/Users/davidmillard/Downloads/eval/our_SB_5/8463-294828-0006__to__4507-16021-0038.wav,/Users/davidmillard/Downloads/eval/freevc/target/8463-294828-0006_to_4507-16021-0038_target.flac,True,0.3699901401996612,3.731477737426758
1235,our_SB_5,8463/294828/8463-294828-0008.flac,6829/68769/6829-68769-0048.flac,8463-294828-0008,6829-68769-0048,/Users/davidmillard/Downloads/eval/our_SB_5/8463-294828-0008__to__6829-68769-0048.wav,/Users/davidmillard/Downloads/eval/freevc/target/8463-294828-0008_to_6829-68769-0048_target.flac,True,0.2055042088031768,3.0106256008148193
1236,our_SB_5,8463/294828/8463-294828-0010.flac,7021/79740/7021-79740-0000.flac,8463-294828-0010,7021-79740-0000,/Users/davidmillard/Downloads/eval/our_SB_5/8463-294828-0010__to__7021-79740-0000.wav,/Users/davidmillard/Downloads/eval/freevc/target/8463-294828-0010_to_7021-79740-0000_target.flac,True,0.3101590573787689,3.0746774673461914
1237,our_SB_5,8463/294828/8463-294828-0012.flac,2094/142345/2094-142345-0047.flac,8463-294828-0012,2094-142345-0047,/Users/davidmillard/Downloads/eval/our_SB_5/8463-294828-0012__to__2094-142345-0047.wav,/Users/davidmillard/Downloads/eval/freevc/target/8463-294828-0012_to_2094-142345-0047_target.flac,True,0.2456981241703033,2.9059128761291504
1238,our_SB_5,8463/294828/8463-294828-0014.flac,4446/2275/4446-2275-0019.flac,8463-294828-0014,4446-2275-0019,/Users/davidmillard/Downloads/eval/our_SB_5/8463-294828-0014__to__4446-2275-0019.wav,/Users/davidmillard/Downloads/eval/freevc/target/8463-294828-0014_to_4446-2275-0019_target.flac,True,0.2035363018512725,3.691516399383545
1239,our_SB_5,8463/294828/8463-294828-0016.flac,5142/33396/5142-33396-0001.flac,8463-294828-0016,5142-33396-0001,/Users/davidmillard/Downloads/eval/our_SB_5/8463-294828-0016__to__5142-33396-0001.wav,/Users/davidmillard/Downloads/eval/freevc/target/8463-294828-0016_to_5142-33396-0001_target.flac,True,0.1463380455970764,3.034402847290039
1240,our_SB_5,8463/294828/8463-294828-0018.flac,2300/131720/2300-131720-0007.flac,8463-294828-0018,2300-131720-0007,/Users/davidmillard/Downloads/eval/our_SB_5/8463-294828-0018__to__2300-131720-0007.wav,/Users/davidmillard/Downloads/eval/freevc/target/8463-294828-0018_to_2300-131720-0007_target.flac,True,0.1655575633049011,2.8200252056121826
1241,our_SB_5,8463/294828/8463-294828-0020.flac,8455/210777/8455-210777-0050.flac,8463-294828-0020,8455-210777-0050,/Users/davidmillard/Downloads/eval/our_SB_5/8463-294828-0020__to__8455-210777-0050.wav,/Users/davidmillard/Downloads/eval/freevc/target/8463-294828-0020_to_8455-210777-0050_target.flac,True,-0.0329601615667343,2.8432412147521973
1242,our_SB_5,8463/294828/8463-294828-0022.flac,4507/16021/4507-16021-0013.flac,8463-294828-0022,4507-16021-0013,/Users/davidmillard/Downloads/eval/our_SB_5/8463-294828-0022__to__4507-16021-0013.wav,/Users/davidmillard/Downloads/eval/freevc/target/8463-294828-0022_to_4507-16021-0013_target.flac,True,0.3000124394893646,3.4253907203674316
1243,our_SB_5,8463/294828/8463-294828-0024.flac,61/70970/61-70970-0019.flac,8463-294828-0024,61-70970-0019,/Users/davidmillard/Downloads/eval/our_SB_5/8463-294828-0024__to__61-70970-0019.wav,/Users/davidmillard/Downloads/eval/freevc/target/8463-294828-0024_to_61-70970-0019_target.flac,True,0.2225809544324875,2.592653751373291
1244,our_SB_5,8463/294828/8463-294828-0026.flac,237/126133/237-126133-0023.flac,8463-294828-0026,237-126133-0023,/Users/davidmillard/Downloads/eval/our_SB_5/8463-294828-0026__to__237-126133-0023.wav,/Users/davidmillard/Downloads/eval/freevc/target/8463-294828-0026_to_237-126133-0023_target.flac,True,0.324001669883728,2.561051845550537
1245,our_SB_5,8463/294828/8463-294828-0028.flac,3729/6852/3729-6852-0012.flac,8463-294828-0028,3729-6852-0012,/Users/davidmillard/Downloads/eval/our_SB_5/8463-294828-0028__to__3729-6852-0012.wav,/Users/davidmillard/Downloads/eval/freevc/target/8463-294828-0028_to_3729-6852-0012_target.flac,True,0.2173383235931396,3.6593995094299316
1246,our_SB_5,8463/294828/8463-294828-0030.flac,8455/210777/8455-210777-0006.flac,8463-294828-0030,8455-210777-0006,/Users/davidmillard/Downloads/eval/our_SB_5/8463-294828-0030__to__8455-210777-0006.wav,/Users/davidmillard/Downloads/eval/freevc/target/8463-294828-0030_to_8455-210777-0006_target.flac,True,0.0925176590681076,2.9473342895507812
1247,our_SB_5,8463/294828/8463-294828-0032.flac,8230/279154/8230-279154-0004.flac,8463-294828-0032,8230-279154-0004,/Users/davidmillard/Downloads/eval/our_SB_5/8463-294828-0032__to__8230-279154-0004.wav,/Users/davidmillard/Downloads/eval/freevc/target/8463-294828-0032_to_8230-279154-0004_target.flac,True,0.4315676689147949,3.2135541439056396
1248,our_SB_5,8463/294828/8463-294828-0034.flac,1284/1180/1284-1180-0016.flac,8463-294828-0034,1284-1180-0016,/Users/davidmillard/Downloads/eval/our_SB_5/8463-294828-0034__to__1284-1180-0016.wav,/Users/davidmillard/Downloads/eval/freevc/target/8463-294828-0034_to_1284-1180-0016_target.flac,True,0.2129782438278198,3.145606517791748
1249,our_SB_5,8463/294828/8463-294828-0036.flac,8555/284449/8555-284449-0006.flac,8463-294828-0036,8555-284449-0006,/Users/davidmillard/Downloads/eval/our_SB_5/8463-294828-0036__to__8555-284449-0006.wav,/Users/davidmillard/Downloads/eval/freevc/target/8463-294828-0036_to_8555-284449-0006_target.flac,True,0.3737798929214477,3.145069122314453
1250,our_SB_5,8463/294828/8463-294828-0038.flac,2094/142345/2094-142345-0042.flac,8463-294828-0038,2094-142345-0042,/Users/davidmillard/Downloads/eval/our_SB_5/8463-294828-0038__to__2094-142345-0042.wav,/Users/davidmillard/Downloads/eval/freevc/target/8463-294828-0038_to_2094-142345-0042_target.flac,True,0.1620494574308395,3.137162446975708
1251,our_SB_5,8555/284447/8555-284447-0001.flac,4446/2275/4446-2275-0017.flac,8555-284447-0001,4446-2275-0017,/Users/davidmillard/Downloads/eval/our_SB_5/8555-284447-0001__to__4446-2275-0017.wav,/Users/davidmillard/Downloads/eval/freevc/target/8555-284447-0001_to_4446-2275-0017_target.flac,True,0.2647105157375335,3.4373369216918945
1252,our_SB_5,8555/284447/8555-284447-0003.flac,2830/3980/2830-3980-0027.flac,8555-284447-0003,2830-3980-0027,/Users/davidmillard/Downloads/eval/our_SB_5/8555-284447-0003__to__2830-3980-0027.wav,/Users/davidmillard/Downloads/eval/freevc/target/8555-284447-0003_to_2830-3980-0027_target.flac,True,0.4181278049945831,2.952237606048584
1253,our_SB_5,8555/284447/8555-284447-0005.flac,4992/41797/4992-41797-0018.flac,8555-284447-0005,4992-41797-0018,/Users/davidmillard/Downloads/eval/our_SB_5/8555-284447-0005__to__4992-41797-0018.wav,/Users/davidmillard/Downloads/eval/freevc/target/8555-284447-0005_to_4992-41797-0018_target.flac,True,0.5667893290519714,3.3165838718414307
1254,our_SB_5,8555/284447/8555-284447-0007.flac,8463/294825/8463-294825-0004.flac,8555-284447-0007,8463-294825-0004,/Users/davidmillard/Downloads/eval/our_SB_5/8555-284447-0007__to__8463-294825-0004.wav,/Users/davidmillard/Downloads/eval/freevc/target/8555-284447-0007_to_8463-294825-0004_target.flac,True,0.2498947381973266,3.586585283279419
1255,our_SB_5,8555/284447/8555-284447-0009.flac,4970/29095/4970-29095-0037.flac,8555-284447-0009,4970-29095-0037,/Users/davidmillard/Downloads/eval/our_SB_5/8555-284447-0009__to__4970-29095-0037.wav,/Users/davidmillard/Downloads/eval/freevc/target/8555-284447-0009_to_4970-29095-0037_target.flac,True,0.3580415844917297,2.619572877883911
1256,our_SB_5,8555/284447/8555-284447-0011.flac,1089/134691/1089-134691-0002.flac,8555-284447-0011,1089-134691-0002,/Users/davidmillard/Downloads/eval/our_SB_5/8555-284447-0011__to__1089-134691-0002.wav,/Users/davidmillard/Downloads/eval/freevc/target/8555-284447-0011_to_1089-134691-0002_target.flac,True,0.229397177696228,2.91475248336792
1257,our_SB_5,8555/284447/8555-284447-0013.flac,3570/5696/3570-5696-0006.flac,8555-284447-0013,3570-5696-0006,/Users/davidmillard/Downloads/eval/our_SB_5/8555-284447-0013__to__3570-5696-0006.wav,/Users/davidmillard/Downloads/eval/freevc/target/8555-284447-0013_to_3570-5696-0006_target.flac,True,0.4469851553440094,3.0611846446990967
1258,our_SB_5,8555/284447/8555-284447-0015.flac,5142/33396/5142-33396-0017.flac,8555-284447-0015,5142-33396-0017,/Users/davidmillard/Downloads/eval/our_SB_5/8555-284447-0015__to__5142-33396-0017.wav,/Users/davidmillard/Downloads/eval/freevc/target/8555-284447-0015_to_5142-33396-0017_target.flac,True,0.3005299270153045,3.2541980743408203
1259,our_SB_5,8555/284447/8555-284447-0017.flac,7021/79759/7021-79759-0004.flac,8555-284447-0017,7021-79759-0004,/Users/davidmillard/Downloads/eval/our_SB_5/8555-284447-0017__to__7021-79759-0004.wav,/Users/davidmillard/Downloads/eval/freevc/target/8555-284447-0017_to_7021-79759-0004_target.flac,True,0.2120520025491714,3.023834228515625
1260,our_SB_5,8555/284447/8555-284447-0019.flac,4507/16021/4507-16021-0031.flac,8555-284447-0019,4507-16021-0031,/Users/davidmillard/Downloads/eval/our_SB_5/8555-284447-0019__to__4507-16021-0031.wav,/Users/davidmillard/Downloads/eval/freevc/target/8555-284447-0019_to_4507-16021-0031_target.flac,True,0.343199610710144,3.369697332382202
1261,our_SB_5,8555/284447/8555-284447-0021.flac,260/123440/260-123440-0016.flac,8555-284447-0021,260-123440-0016,/Users/davidmillard/Downloads/eval/our_SB_5/8555-284447-0021__to__260-123440-0016.wav,/Users/davidmillard/Downloads/eval/freevc/target/8555-284447-0021_to_260-123440-0016_target.flac,True,0.4716639816761017,2.4527628421783447
1262,our_SB_5,8555/284447/8555-284447-0023.flac,4077/13751/4077-13751-0008.flac,8555-284447-0023,4077-13751-0008,/Users/davidmillard/Downloads/eval/our_SB_5/8555-284447-0023__to__4077-13751-0008.wav,/Users/davidmillard/Downloads/eval/freevc/target/8555-284447-0023_to_4077-13751-0008_target.flac,True,0.2031034678220749,2.7239441871643066
1263,our_SB_5,8555/284449/8555-284449-0000.flac,3729/6852/3729-6852-0046.flac,8555-284449-0000,3729-6852-0046,/Users/davidmillard/Downloads/eval/our_SB_5/8555-284449-0000__to__3729-6852-0046.wav,/Users/davidmillard/Downloads/eval/freevc/target/8555-284449-0000_to_3729-6852-0046_target.flac,True,0.325757086277008,3.444387197494507
1264,our_SB_5,8555/284449/8555-284449-0002.flac,1284/134647/1284-134647-0002.flac,8555-284449-0002,1284-134647-0002,/Users/davidmillard/Downloads/eval/our_SB_5/8555-284449-0002__to__1284-134647-0002.wav,/Users/davidmillard/Downloads/eval/freevc/target/8555-284449-0002_to_1284-134647-0002_target.flac,True,0.5183489322662354,2.996664047241211
1265,our_SB_5,8555/284449/8555-284449-0004.flac,1188/133604/1188-133604-0037.flac,8555-284449-0004,1188-133604-0037,/Users/davidmillard/Downloads/eval/our_SB_5/8555-284449-0004__to__1188-133604-0037.wav,/Users/davidmillard/Downloads/eval/freevc/target/8555-284449-0004_to_1188-133604-0037_target.flac,True,0.5257689952850342,3.0841495990753174
1266,our_SB_5,8555/284449/8555-284449-0006.flac,8463/294825/8463-294825-0012.flac,8555-284449-0006,8463-294825-0012,/Users/davidmillard/Downloads/eval/our_SB_5/8555-284449-0006__to__8463-294825-0012.wav,/Users/davidmillard/Downloads/eval/freevc/target/8555-284449-0006_to_8463-294825-0012_target.flac,True,0.2954187393188476,2.483382225036621
1267,our_SB_5,8555/284449/8555-284449-0008.flac,3729/6852/3729-6852-0034.flac,8555-284449-0008,3729-6852-0034,/Users/davidmillard/Downloads/eval/our_SB_5/8555-284449-0008__to__3729-6852-0034.wav,/Users/davidmillard/Downloads/eval/freevc/target/8555-284449-0008_to_3729-6852-0034_target.flac,True,0.2893842458724975,3.345527410507202
1268,our_SB_5,8555/284449/8555-284449-0010.flac,2300/131720/2300-131720-0023.flac,8555-284449-0010,2300-131720-0023,/Users/davidmillard/Downloads/eval/our_SB_5/8555-284449-0010__to__2300-131720-0023.wav,/Users/davidmillard/Downloads/eval/freevc/target/8555-284449-0010_to_2300-131720-0023_target.flac,True,0.1078099161386489,2.627906322479248
1269,our_SB_5,8555/284449/8555-284449-0012.flac,8463/294828/8463-294828-0002.flac,8555-284449-0012,8463-294828-0002,/Users/davidmillard/Downloads/eval/our_SB_5/8555-284449-0012__to__8463-294828-0002.wav,/Users/davidmillard/Downloads/eval/freevc/target/8555-284449-0012_to_8463-294828-0002_target.flac,True,0.4168754816055298,2.853358507156372
1270,our_SB_5,8555/284449/8555-284449-0014.flac,7176/92135/7176-92135-0037.flac,8555-284449-0014,7176-92135-0037,/Users/davidmillard/Downloads/eval/our_SB_5/8555-284449-0014__to__7176-92135-0037.wav,/Users/davidmillard/Downloads/eval/freevc/target/8555-284449-0014_to_7176-92135-0037_target.flac,True,0.3226615488529205,2.2874183654785156
1271,our_SB_5,8555/284449/8555-284449-0016.flac,5142/33396/5142-33396-0064.flac,8555-284449-0016,5142-33396-0064,/Users/davidmillard/Downloads/eval/our_SB_5/8555-284449-0016__to__5142-33396-0064.wav,/Users/davidmillard/Downloads/eval/freevc/target/8555-284449-0016_to_5142-33396-0064_target.flac,True,0.2607190012931824,3.090337038040161
1272,our_SB_5,8555/284449/8555-284449-0018.flac,237/134500/237-134500-0020.flac,8555-284449-0018,237-134500-0020,/Users/davidmillard/Downloads/eval/our_SB_5/8555-284449-0018__to__237-134500-0020.wav,/Users/davidmillard/Downloads/eval/freevc/target/8555-284449-0018_to_237-134500-0020_target.flac,True,0.161161720752716,2.7176895141601562
1273,our_SB_5,8555/284449/8555-284449-0020.flac,237/126133/237-126133-0022.flac,8555-284449-0020,237-126133-0022,/Users/davidmillard/Downloads/eval/our_SB_5/8555-284449-0020__to__237-126133-0022.wav,/Users/davidmillard/Downloads/eval/freevc/target/8555-284449-0020_to_237-126133-0022_target.flac,True,0.2064000368118286,3.1836252212524414
1274,our_SB_5,8555/292519/8555-292519-0001.flac,7021/79740/7021-79740-0012.flac,8555-292519-0001,7021-79740-0012,/Users/davidmillard/Downloads/eval/our_SB_5/8555-292519-0001__to__7021-79740-0012.wav,/Users/davidmillard/Downloads/eval/freevc/target/8555-292519-0001_to_7021-79740-0012_target.flac,True,0.1642587631940841,3.1894285678863525
1275,our_SB_5,8555/292519/8555-292519-0003.flac,7127/75946/7127-75946-0029.flac,8555-292519-0003,7127-75946-0029,/Users/davidmillard/Downloads/eval/our_SB_5/8555-292519-0003__to__7127-75946-0029.wav,/Users/davidmillard/Downloads/eval/freevc/target/8555-292519-0003_to_7127-75946-0029_target.flac,True,0.3395139276981354,2.8281750679016113
1276,our_SB_5,8555/292519/8555-292519-0005.flac,5142/33396/5142-33396-0029.flac,8555-292519-0005,5142-33396-0029,/Users/davidmillard/Downloads/eval/our_SB_5/8555-292519-0005__to__5142-33396-0029.wav,/Users/davidmillard/Downloads/eval/freevc/target/8555-292519-0005_to_5142-33396-0029_target.flac,True,0.1130331009626388,3.0417239665985107
1277,our_SB_5,8555/292519/8555-292519-0007.flac,2961/961/2961-961-0010.flac,8555-292519-0007,2961-961-0010,/Users/davidmillard/Downloads/eval/our_SB_5/8555-292519-0007__to__2961-961-0010.wav,/Users/davidmillard/Downloads/eval/freevc/target/8555-292519-0007_to_2961-961-0010_target.flac,True,0.3022239208221435,3.0467803478240967
1278,our_SB_5,8555/292519/8555-292519-0009.flac,7021/85628/7021-85628-0027.flac,8555-292519-0009,7021-85628-0027,/Users/davidmillard/Downloads/eval/our_SB_5/8555-292519-0009__to__7021-85628-0027.wav,/Users/davidmillard/Downloads/eval/freevc/target/8555-292519-0009_to_7021-85628-0027_target.flac,True,0.3129506111145019,2.9745657444000244
1279,our_SB_5,8555/292519/8555-292519-0011.flac,121/127105/121-127105-0016.flac,8555-292519-0011,121-127105-0016,/Users/davidmillard/Downloads/eval/our_SB_5/8555-292519-0011__to__121-127105-0016.wav,/Users/davidmillard/Downloads/eval/freevc/target/8555-292519-0011_to_121-127105-0016_target.flac,True,0.2166520208120346,2.7028422355651855
1280,our_SB_5,8555/292519/8555-292519-0013.flac,7729/102255/7729-102255-0040.flac,8555-292519-0013,7729-102255-0040,/Users/davidmillard/Downloads/eval/our_SB_5/8555-292519-0013__to__7729-102255-0040.wav,/Users/davidmillard/Downloads/eval/freevc/target/8555-292519-0013_to_7729-102255-0040_target.flac,True,0.2302602529525756,3.0857908725738525
1281,our_SB_5,8555/292519/8555-292519-0015.flac,8463/294828/8463-294828-0034.flac,8555-292519-0015,8463-294828-0034,/Users/davidmillard/Downloads/eval/our_SB_5/8555-292519-0015__to__8463-294828-0034.wav,/Users/davidmillard/Downloads/eval/freevc/target/8555-292519-0015_to_8463-294828-0034_target.flac,True,0.0918184518814086,3.231398344039917
1282,our_SB_5,908/157963/908-157963-0001.flac,5639/40744/5639-40744-0041.flac,908-157963-0001,5639-40744-0041,/Users/davidmillard/Downloads/eval/our_SB_5/908-157963-0001__to__5639-40744-0041.wav,/Users/davidmillard/Downloads/eval/freevc/target/908-157963-0001_to_5639-40744-0041_target.flac,True,0.193132147192955,3.3629562854766846
1283,our_SB_5,908/157963/908-157963-0003.flac,8463/287645/8463-287645-0009.flac,908-157963-0003,8463-287645-0009,/Users/davidmillard/Downloads/eval/our_SB_5/908-157963-0003__to__8463-287645-0009.wav,/Users/davidmillard/Downloads/eval/freevc/target/908-157963-0003_to_8463-287645-0009_target.flac,True,0.394548088312149,3.3021392822265625
1284,our_SB_5,908/157963/908-157963-0005.flac,5639/40744/5639-40744-0014.flac,908-157963-0005,5639-40744-0014,/Users/davidmillard/Downloads/eval/our_SB_5/908-157963-0005__to__5639-40744-0014.wav,/Users/davidmillard/Downloads/eval/freevc/target/908-157963-0005_to_5639-40744-0014_target.flac,True,0.2097659707069397,2.6724965572357178
1285,our_SB_5,908/157963/908-157963-0007.flac,5105/28241/5105-28241-0016.flac,908-157963-0007,5105-28241-0016,/Users/davidmillard/Downloads/eval/our_SB_5/908-157963-0007__to__5105-28241-0016.wav,/Users/davidmillard/Downloads/eval/freevc/target/908-157963-0007_to_5105-28241-0016_target.flac,True,0.4031280279159546,3.417680501937866
1286,our_SB_5,908/157963/908-157963-0009.flac,7021/85628/7021-85628-0025.flac,908-157963-0009,7021-85628-0025,/Users/davidmillard/Downloads/eval/our_SB_5/908-157963-0009__to__7021-85628-0025.wav,/Users/davidmillard/Downloads/eval/freevc/target/908-157963-0009_to_7021-85628-0025_target.flac,True,0.1679841727018356,2.781198024749756
1287,our_SB_5,908/157963/908-157963-0011.flac,7176/88083/7176-88083-0017.flac,908-157963-0011,7176-88083-0017,/Users/davidmillard/Downloads/eval/our_SB_5/908-157963-0011__to__7176-88083-0017.wav,/Users/davidmillard/Downloads/eval/freevc/target/908-157963-0011_to_7176-88083-0017_target.flac,True,0.4021056294441223,3.484008550643921
1288,our_SB_5,908/157963/908-157963-0013.flac,3570/5694/3570-5694-0004.flac,908-157963-0013,3570-5694-0004,/Users/davidmillard/Downloads/eval/our_SB_5/908-157963-0013__to__3570-5694-0004.wav,/Users/davidmillard/Downloads/eval/freevc/target/908-157963-0013_to_3570-5694-0004_target.flac,True,0.2149644196033477,3.2227869033813477
1289,our_SB_5,908/157963/908-157963-0015.flac,2961/960/2961-960-0009.flac,908-157963-0015,2961-960-0009,/Users/davidmillard/Downloads/eval/our_SB_5/908-157963-0015__to__2961-960-0009.wav,/Users/davidmillard/Downloads/eval/freevc/target/908-157963-0015_to_2961-960-0009_target.flac,True,0.1819121539592743,3.3198232650756836
1290,our_SB_5,908/157963/908-157963-0017.flac,5142/36377/5142-36377-0008.flac,908-157963-0017,5142-36377-0008,/Users/davidmillard/Downloads/eval/our_SB_5/908-157963-0017__to__5142-36377-0008.wav,/Users/davidmillard/Downloads/eval/freevc/target/908-157963-0017_to_5142-36377-0008_target.flac,True,0.1400801390409469,3.03849720954895
1291,our_SB_5,908/157963/908-157963-0019.flac,61/70970/61-70970-0040.flac,908-157963-0019,61-70970-0040,/Users/davidmillard/Downloads/eval/our_SB_5/908-157963-0019__to__61-70970-0040.wav,/Users/davidmillard/Downloads/eval/freevc/target/908-157963-0019_to_61-70970-0040_target.flac,True,0.2605411112308502,3.489184856414795
1292,our_SB_5,908/157963/908-157963-0021.flac,1995/1837/1995-1837-0019.flac,908-157963-0021,1995-1837-0019,/Users/davidmillard/Downloads/eval/our_SB_5/908-157963-0021__to__1995-1837-0019.wav,/Users/davidmillard/Downloads/eval/freevc/target/908-157963-0021_to_1995-1837-0019_target.flac,True,0.1586133986711502,3.2796616554260254
1293,our_SB_5,908/157963/908-157963-0023.flac,2961/961/2961-961-0014.flac,908-157963-0023,2961-961-0014,/Users/davidmillard/Downloads/eval/our_SB_5/908-157963-0023__to__2961-961-0014.wav,/Users/davidmillard/Downloads/eval/freevc/target/908-157963-0023_to_2961-961-0014_target.flac,True,0.2837043106555938,2.8537001609802246
1294,our_SB_5,908/157963/908-157963-0025.flac,61/70968/61-70968-0002.flac,908-157963-0025,61-70968-0002,/Users/davidmillard/Downloads/eval/our_SB_5/908-157963-0025__to__61-70968-0002.wav,/Users/davidmillard/Downloads/eval/freevc/target/908-157963-0025_to_61-70968-0002_target.flac,True,0.312847375869751,3.5502405166625977
1295,our_SB_5,908/157963/908-157963-0027.flac,2094/142345/2094-142345-0036.flac,908-157963-0027,2094-142345-0036,/Users/davidmillard/Downloads/eval/our_SB_5/908-157963-0027__to__2094-142345-0036.wav,/Users/davidmillard/Downloads/eval/freevc/target/908-157963-0027_to_2094-142345-0036_target.flac,True,0.3974193036556244,3.1574082374572754
1296,our_SB_5,908/157963/908-157963-0029.flac,2094/142345/2094-142345-0040.flac,908-157963-0029,2094-142345-0040,/Users/davidmillard/Downloads/eval/our_SB_5/908-157963-0029__to__2094-142345-0040.wav,/Users/davidmillard/Downloads/eval/freevc/target/908-157963-0029_to_2094-142345-0040_target.flac,True,0.3052815794944763,2.767578125
1297,our_SB_5,908/31957/908-31957-0000.flac,8455/210777/8455-210777-0018.flac,908-31957-0000,8455-210777-0018,/Users/davidmillard/Downloads/eval/our_SB_5/908-31957-0000__to__8455-210777-0018.wav,/Users/davidmillard/Downloads/eval/freevc/target/908-31957-0000_to_8455-210777-0018_target.flac,True,0.3248233795166015,3.270810842514038
1298,our_SB_5,908/31957/908-31957-0002.flac,3729/6852/3729-6852-0011.flac,908-31957-0002,3729-6852-0011,/Users/davidmillard/Downloads/eval/our_SB_5/908-31957-0002__to__3729-6852-0011.wav,/Users/davidmillard/Downloads/eval/freevc/target/908-31957-0002_to_3729-6852-0011_target.flac,True,0.3799761533737182,2.78753399848938
1299,our_SB_5,908/31957/908-31957-0004.flac,8555/284449/8555-284449-0011.flac,908-31957-0004,8555-284449-0011,/Users/davidmillard/Downloads/eval/our_SB_5/908-31957-0004__to__8555-284449-0011.wav,/Users/davidmillard/Downloads/eval/freevc/target/908-31957-0004_to_8555-284449-0011_target.flac,True,0.12539704144001,3.054194688796997
1300,our_SB_5,908/31957/908-31957-0006.flac,4446/2271/4446-2271-0010.flac,908-31957-0006,4446-2271-0010,/Users/davidmillard/Downloads/eval/our_SB_5/908-31957-0006__to__4446-2271-0010.wav,/Users/davidmillard/Downloads/eval/freevc/target/908-31957-0006_to_4446-2271-0010_target.flac,True,0.2378252148628235,2.945767879486084
1301,our_SB_5,908/31957/908-31957-0008.flac,8555/284449/8555-284449-0005.flac,908-31957-0008,8555-284449-0005,/Users/davidmillard/Downloads/eval/our_SB_5/908-31957-0008__to__8555-284449-0005.wav,/Users/davidmillard/Downloads/eval/freevc/target/908-31957-0008_to_8555-284449-0005_target.flac,True,0.0121063403785228,2.786850690841675
1302,our_SB_5,908/31957/908-31957-0010.flac,3570/5695/3570-5695-0003.flac,908-31957-0010,3570-5695-0003,/Users/davidmillard/Downloads/eval/our_SB_5/908-31957-0010__to__3570-5695-0003.wav,/Users/davidmillard/Downloads/eval/freevc/target/908-31957-0010_to_3570-5695-0003_target.flac,True,0.2240635752677917,3.1619505882263184
1303,our_SB_5,908/31957/908-31957-0012.flac,8463/294825/8463-294825-0008.flac,908-31957-0012,8463-294825-0008,/Users/davidmillard/Downloads/eval/our_SB_5/908-31957-0012__to__8463-294825-0008.wav,/Users/davidmillard/Downloads/eval/freevc/target/908-31957-0012_to_8463-294825-0008_target.flac,True,0.6012920141220093,3.0835773944854736
1304,our_SB_5,908/31957/908-31957-0014.flac,237/134500/237-134500-0042.flac,908-31957-0014,237-134500-0042,/Users/davidmillard/Downloads/eval/our_SB_5/908-31957-0014__to__237-134500-0042.wav,/Users/davidmillard/Downloads/eval/freevc/target/908-31957-0014_to_237-134500-0042_target.flac,True,0.2634586989879608,2.423480749130249
1305,our_SB_5,908/31957/908-31957-0016.flac,6930/81414/6930-81414-0026.flac,908-31957-0016,6930-81414-0026,/Users/davidmillard/Downloads/eval/our_SB_5/908-31957-0016__to__6930-81414-0026.wav,/Users/davidmillard/Downloads/eval/freevc/target/908-31957-0016_to_6930-81414-0026_target.flac,True,0.2035944610834121,3.035172700881958
1306,our_SB_5,908/31957/908-31957-0018.flac,3570/5695/3570-5695-0001.flac,908-31957-0018,3570-5695-0001,/Users/davidmillard/Downloads/eval/our_SB_5/908-31957-0018__to__3570-5695-0001.wav,/Users/davidmillard/Downloads/eval/freevc/target/908-31957-0018_to_3570-5695-0001_target.flac,True,0.298002541065216,2.590627670288086
1307,our_SB_5,908/31957/908-31957-0020.flac,1580/141083/1580-141083-0002.flac,908-31957-0020,1580-141083-0002,/Users/davidmillard/Downloads/eval/our_SB_5/908-31957-0020__to__1580-141083-0002.wav,/Users/davidmillard/Downloads/eval/freevc/target/908-31957-0020_to_1580-141083-0002_target.flac,True,0.5119192600250244,3.0312557220458984
1308,our_SB_5,908/31957/908-31957-0022.flac,7176/92135/7176-92135-0025.flac,908-31957-0022,7176-92135-0025,/Users/davidmillard/Downloads/eval/our_SB_5/908-31957-0022__to__7176-92135-0025.wav,/Users/davidmillard/Downloads/eval/freevc/target/908-31957-0022_to_7176-92135-0025_target.flac,True,0.3793044090270996,2.5122456550598145
1309,our_SB_5,908/31957/908-31957-0024.flac,1580/141083/1580-141083-0022.flac,908-31957-0024,1580-141083-0022,/Users/davidmillard/Downloads/eval/our_SB_5/908-31957-0024__to__1580-141083-0022.wav,/Users/davidmillard/Downloads/eval/freevc/target/908-31957-0024_to_1580-141083-0022_target.flac,True,0.3941734433174133,3.1107211112976074
